scenario,label,year,gdp_bn,primary_balance_pct,spread_bp,oat_10y_pct,avg_new_yield_pct,mlt_avg_maturity_at_issue,redemptions_bn,net_issuance_bn,mlt_gross_issuance_bn,btf_stock,register_interest_bn,gg_interest_bn,gg_interest_pct_gdp,deficit_bn,deficit_pct_gdp,debt_bn,debt_pct_gdp,negotiable_stock_bn,avg_coupon_fixed_pct,coupon_fixed_bn,coupon_linker_bn,uplift_bn,bill_interest_bn,new_issue_interest_bn
current,Current path,2026,3055.8,-2.7,85.0,4.25,4.109186785375475,10.578555866434186,60.738,43.543675831232974,108.1817921109471,215.0,67.27028,77.66,2.5413966882649386,156.2776959528027,5.114133645945503,3600.1172959528026,117.81259558717201,2981.5231427667472,2.2482911977414686,51.1910266118963,2.9419884175072,6.301098299816001,5.6822183625000005,2.2226959528027033
current,Current path,2027,3150.7,-2.5,85.0,4.25,4.109186785375475,10.578555866434186,212.6059326448,143.3828381983927,355.9887708431927,215.0,76.13578466488077,86.84816466488077,2.7564720431929657,159.31426466488077,5.056472043192966,3759.4315606176833,119.32051799973605,3131.2070792649565,2.5373188336375025,54.28194283257019,2.7426194170118423,6.147975650844211,5.649125,7.314121764454528
current,Current path,2028,3245.221,-2.1,80.0,4.2,4.063976765329633,10.578555866434186,251.060618719032,143.98475066626585,395.0453693852978,215.0,87.29010589585091,98.32385729585091,3.0298046664880736,159.98305629585093,4.9298046664880735,3919.4146169135342,120.77496777302791,3280.982151544138,2.8711346364474992,65.6577236102441,2.4412610780766615,5.530845195365586,5.633,8.027276012164563
current,Current path,2029,3342.57763,-1.7,75.0,4.15,4.018766745283792,10.578555866434186,300.7507269433873,143.74085603001132,444.49158297339864,215.0,98.20863386356812,109.57339780556812,3.2781107855846003,159.71206225556813,4.7781107855846,4079.1266791691023,122.03536105066024,3430.1802678970034,3.1039202032430127,76.56932689571411,2.2122405123238256,4.878651494469957,5.616874999999999,8.93153996106023
current,Current path,2030,3442.8549589000004,-1.3,70.0,4.1,3.9735567252379513,10.578555866434186,250.26808996352764,142.98623328285456,393.25432324638217,215.0,109.29648112834508,121.00218798860509,3.514588602572603,158.87359253650507,4.614588602572603,4238.000271705608,123.09552166146605,3577.7544224555195,3.286507751857858,89.56625452856103,1.852770412275759,4.463614383185467,5.60075,7.813091804322806
current,Current path,2031,3546.1406076670005,-0.9,70.0,4.1,3.9735567252379513,10.578555866434186,283.7860144611018,141.39729575485038,425.18331021595213,215.0,120.22824407454138,132.2851221406092,3.7303969801592083,157.1081063942782,4.430396980159209,4395.108378099886,123.94061218546604,3723.338498904881,3.4763491505687285,100.2954036779543,1.7825737120303489,4.102066675719068,5.60075,8.447450008837654
current,Current path,2032,3652.5248258970105,-0.6,70.0,4.1,3.9735567252379513,10.578555866434186,316.4598122960881,142.93559779296302,459.3954100890511,215.0,131.78864716943212,144.20723157748196,3.948151989413696,158.81733088107,4.348151989413696,4553.925708980956,124.67884343161374,3870.160337281689,3.592213694192737,112.18257094912903,1.3931210810048773,3.485036532784236,5.60075,9.127168606513978
current,Current path,2033,3762.100570673921,-0.5,70.0,4.1,3.9735567252379513,10.578555866434186,269.5532479780704,147.35814466051758,416.911392638588,215.0,139.65382819270644,152.44497013299778,4.052123734312867,163.73127184501953,4.352123734312867,4717.656980825976,125.39954454170484,4020.630385474499,3.6420327307797584,121.70624271534946,0.8895885341815731,3.174141602938506,5.60075,8.283105340236906
current,Current path,2034,3874.9635877941387,-0.5,70.0,4.1,3.9735567252379513,10.578555866434186,291.12680435232846,155.2751398563099,446.4019442086383,215.0,147.72816621179518,160.90304241029526,4.152375596950858,172.52793317367767,4.452375596950858,4890.184913999653,126.19950621996526,4179.079666933748,3.7297538602022047,129.30945405344383,0.8621357311670224,3.0868091893366683,5.60075,8.869017237847657
current,Current path,2035,3991.212495427963,-0.5,70.0,4.1,3.9735567252379513,10.578555866434186,342.16730132976033,163.25308736832733,505.4203886980876,215.0,155.84855932740248,169.41868181185757,4.244792328294498,181.39231929814147,4.544792328294498,5071.577233297794,127.0685847748627,4345.2263314579095,3.763614586569772,136.4345282619949,0.8202494435385508,2.951448698950695,5.60075,10.041582922918327
philippe_majority,"Philippe, majority",2026,3055.8,-2.7,85.0,4.25,4.109186785375475,10.578555866434186,60.738,43.543675831232974,108.1817921109471,215.0,67.27028,77.66,2.5413966882649386,156.2776959528027,5.114133645945503,3600.1172959528026,117.81259558717201,2981.5231427667472,2.2482911977414686,51.1910266118963,2.9419884175072,6.301098299816001,5.6822183625000005,2.2226959528027033
philippe_majority,"Philippe, majority",2027,3150.7,-2.5,80.0,4.2,4.063976765329633,10.578555866434186,212.6059326448,143.2942820247516,355.90021466955164,215.0,76.03738891639068,86.74976891639068,2.7533490626334047,159.21586891639066,5.053349062633404,3759.3331648691933,119.31739501917649,3131.1185230913156,2.5311399562449677,54.28194283257019,2.7426194170118423,6.147975650844211,5.633,7.231851015964432
philippe_majority,"Philippe, majority",2028,3245.221,-1.8,60.0,4.0,3.88313668514627,10.578555866434186,251.060618719032,134.52981990756214,385.5904386265941,215.0,86.52029027506902,97.55404167506902,3.0060831504254724,149.47757767506903,4.606083150425473,3908.810742544262,120.44821423700458,3271.4386646117937,2.836212525159492,65.49318211326393,2.4412610780766615,5.530845195365586,5.5685,7.486501888362844
philippe_majority,"Philippe, majority",2029,3342.57763,-1.1,50.0,3.9,3.7927166450545884,10.578555866434186,300.7507269433873,123.70275055413458,424.4534774975219,215.0,95.99953800370506,107.36430194570505,3.212021195322397,137.44750061570508,4.112021195322398,4046.258243159967,121.05203501765692,3400.598675488782,3.0331313153752997,75.3232371511305,2.2122405123238256,4.878651494469957,5.536250000000001,8.049158845780772
philippe_majority,"Philippe, majority",2030,3442.8549589000004,-0.4,45.0,3.85,3.747506625008748,10.578555866434186,250.26422244124942,111.38579898531388,361.65002142656334,215.0,105.17058209451098,116.87628895477098,3.3947491355288815,123.76199887257098,3.594749135528881,4170.020242032539,121.12099672548706,3516.572395749758,3.187260907141051,86.55764304289673,1.852770412275759,4.463614383185467,5.520125,6.776429256153009
philippe_majority,"Philippe, majority",2031,3546.1406076670005,0.09999999999999998,45.0,3.85,3.747506625008748,10.578555866434186,283.3591322711586,103.78722144272263,387.14635371388124,215.0,113.90067869329167,125.95755675935948,3.551961715421846,115.31913493635847,3.251961715421846,4285.339376968897,120.84516241977823,3624.546397886991,3.352568864311557,95.24174567858849,1.7825737120303489,4.102066675719068,5.520125,7.25416762695375
philippe_majority,"Philippe, majority",2032,3652.5248258970105,0.4,45.0,3.85,3.747506625008748,10.578555866434186,314.0946277850905,102.2089489122089,416.3035766972994,215.0,123.06206333867544,135.48064774672528,3.7092327692380045,113.56549879134322,3.1092327692380044,4398.90487576024,120.43463317678967,3730.6415873830447,3.4473966066632484,104.8632786664465,1.3931210810048773,3.485036532784236,5.520125,7.800502058439834
philippe_majority,"Philippe, majority",2033,3762.100570673921,0.5,45.0,3.85,3.747506625008748,10.578555866434186,264.99803077694463,103.43902194948588,368.4370527264305,215.0,128.47580866496597,141.2669506052573,3.7550019716764655,114.93224661053986,3.055001971676466,4513.83712237078,119.98183029865672,3837.192512864824,3.47930103138791,111.98835204789091,0.8895885341815731,3.174141602938506,5.520125,6.903601479954979
philippe_majority,"Philippe, majority",2034,3874.9635877941387,0.5,45.0,3.85,3.747506625008748,10.578555866434186,282.6660058983051,108.09153110481705,390.75753700312214,215.0,134.0515701436334,147.22644634213347,3.7994278657452774,120.1017012275745,3.099427865745277,4633.938823598354,119.58664174793627,3948.458185572579,3.554951458162693,117.2606679296732,0.8621357311670224,3.0868091893366683,5.520125,7.321832293456506
philippe_majority,"Philippe, majority",2035,3991.212495427963,0.5,45.0,3.85,3.747506625008748,10.578555866434186,330.4360359330658,112.6252827491524,443.0613186822182,215.0,139.50756803815446,153.07769052260954,3.835368091725609,125.13920305461379,3.135368091725609,4759.078026652968,119.23890376933363,4063.9770454775658,3.5728570742932866,121.91386876043158,0.8202494435385508,2.951448698950695,5.520125,8.301876135233625
philippe_hung,"Philippe, hung Assembly",2026,3055.8,-2.7,85.0,4.25,4.109186785375475,10.578555866434186,60.738,43.543675831232974,108.1817921109471,215.0,67.27028,77.66,2.5413966882649386,156.2776959528027,5.114133645945503,3600.1172959528026,117.81259558717201,2981.5231427667472,2.2482911977414686,51.1910266118963,2.9419884175072,6.301098299816001,5.6822183625000005,2.2226959528027033
philippe_hung,"Philippe, hung Assembly",2027,3150.7,-2.5,85.0,4.25,4.109186785375475,10.578555866434186,212.6059326448,143.3828381983927,355.9887708431927,215.0,76.13578466488077,86.84816466488077,2.7564720431929657,159.31426466488077,5.056472043192966,3759.4315606176833,119.32051799973605,3131.2070792649565,2.5373188336375025,54.28194283257019,2.7426194170118423,6.147975650844211,5.649125,7.314121764454528
philippe_hung,"Philippe, hung Assembly",2028,3245.221,-2.2,80.0,4.2,4.063976765329633,10.578555866434186,251.060618719032,146.95985801845734,398.02047673748933,215.0,87.35055973161926,98.38431113161926,3.0316675237717017,163.28873113161927,5.031667523771702,3922.7202917493028,120.87683063031156,3283.95725889633,2.8724038473823006,65.6577236102441,2.4412610780766615,5.530845195365586,5.633,8.0877298479329
philippe_hung,"Philippe, hung Assembly",2029,3342.57763,-1.9,80.30558857185095,4.203055885718509,4.066739898421465,10.578555866434186,300.7507269433873,150.09393200569295,450.84465894908027,215.0,98.58245190988103,109.94721585188103,3.2892943118236873,166.77103556188104,4.989294311823688,4089.491327311184,122.3454405548446,3439.508451224877,3.1140356169136845,76.6902345672508,2.2122405123238256,4.878651494469957,5.633985523144219,9.167339812692214
philippe_hung,"Philippe, hung Assembly",2030,3442.8549589000004,-1.6,75.93023851255307,4.159302385125531,4.02717796564378,10.578555866434186,250.26808996352764,153.1107814653074,403.37887142883505,215.0,110.21741423214822,121.92312109240822,3.5413377138420876,170.12309051700822,4.941337713842088,4259.614417828192,123.72331883505043,3597.2071539658455,3.304529089142484,90.15876190336171,1.852770412275759,4.463614383185467,5.619875019202984,8.1223925141223
philippe_hung,"Philippe, hung Assembly",2031,3546.1406076670005,-1.3,76.88339152075315,4.168833915207531,4.0357963789652755,10.578555866434186,283.9159466102866,155.65168798411437,439.567634594401,215.0,121.88189523194451,133.9387732980123,3.7770293994667736,172.9463199823493,4.877029399466774,4432.5607378105415,124.99675642378757,3757.045622644471,3.5026361387871625,101.50427856650857,1.7825737120303489,4.102066675719068,5.622948937654429,8.870027340032076
philippe_hung,"Philippe, hung Assembly",2032,3652.5248258970105,-1.0,78.16843271496461,4.181684327149646,4.047415726595283,10.578555866434186,317.2061355404378,158.38824471358714,475.59438025402494,215.0,134.34815555542644,146.76673996347628,4.01822703360907,175.98693857065237,4.8182270336090705,4608.547676381194,126.1743012314611,3919.320107941904,3.627398464676549,114.21826387552917,1.3931210810048773,3.485036532784236,5.627093195505761,9.624640870602388
philippe_hung,"Philippe, hung Assembly",2033,3762.100570673921,-0.9,79.48637339954207,4.194863733995421,4.059332551549078,10.578555866434186,270.9966371255531,164.09875328869097,435.09539041424404,215.0,143.20610216353674,155.99724410382808,4.146546355508078,182.33194809854552,4.846546355508077,4790.8796244797395,127.34586793945088,4086.5307647628865,3.685899955628373,124.68004406551565,0.8895885341815731,3.174141602938506,5.631343554213523,8.830984406687477
philippe_hung,"Philippe, hung Assembly",2034,3874.9635877941387,-0.9,80.83897019323813,4.208389701932381,4.071562737180466,10.578555866434186,293.922937815053,173.40332665780136,467.32626447285435,215.0,152.37074164005358,165.54561783855365,4.272185120913411,192.67036295311263,4.9721851209134105,4983.5499874328525,128.60895011067157,4263.108233023627,3.7823321065777917,133.2723500180096,0.8621357311670224,3.0868091893366683,5.635705678873193,9.513741022667086
philippe_hung,"Philippe, hung Assembly",2035,3991.212495427963,-0.9,82.22833167211894,4.222283316721189,4.084125349242689,10.578555866434186,346.36384808875414,182.91221926117888,529.276067349933,215.0,161.72718922663682,175.2973117110919,4.392081652177114,203.23579917908765,5.092081652177114,5186.78578661194,129.9551400120524,4448.91402944064,3.8269858998124247,141.5071556974483,0.8202494435385508,2.951448698950695,5.640186369642584,10.80814901705671
lepen_majority,"Le Pen, majority",2026,3055.8,-2.7,85.0,4.25,4.027385915952777,8.764358511400584,60.738,43.53111977645736,108.14123494286656,215.0,67.27028,77.66,2.5413966882649386,156.23263243271322,5.112658957808534,3600.072232432713,117.81112089903503,2981.4825855986664,2.2446518818436902,51.1910266118963,2.9419884175072,6.301098299816001,5.6822183625000005,2.1776324327132057
lepen_majority,"Le Pen, majority",2027,3150.7,-2.5,110.0,4.5,4.2440701790303725,8.764358511400584,212.6059326448,143.48574077180595,341.0916734166059,230.0,76.25012085756217,86.96250085756216,2.7601009571702213,159.42860085756217,5.0601009571702225,3759.5008332902753,119.32271664361176,3131.269424670289,2.542557281946147,54.191815792391196,2.7426194170118423,6.147975650844211,5.929625,7.238084997314919
lepen_majority,"Le Pen, majority",2028,3245.221,-3.3,150.0065959316271,4.9000659593162705,4.590822169337883,8.764358511400584,251.060618719032,180.83213713404902,401.89275585308104,260.0,89.28899441560999,100.32274581560999,3.091399501470316,200.92459681561002,6.1913995014703165,3960.4254301058854,122.03869721371474,3317.8918834172546,2.9567966434839277,65.41552303578591,2.4412610780766615,5.530845195365586,6.67627424004873,9.225090866333108
lepen_majority,"Le Pen, majority",2029,3342.57763,-3.2,143.7911883220605,4.837911883220604,4.536950928633651,8.764358511400584,302.22664570382597,194.0928917254284,486.3195374292544,270.0,104.01667574180934,115.38143968380933,3.451870156978503,215.65876858380932,6.451870156978503,4176.084198689695,124.93604220912871,3517.4420354655363,3.279592979725094,78.69717437667363,2.2122405123238256,4.878651494469957,7.19656997358019,11.032039384761715
lepen_majority,"Le Pen, majority",2030,3442.8549589000004,-2.8,138.70204347540542,4.787020434754054,4.492841424601946,8.764358511400584,258.71425105142185,198.74721160808704,457.4614626595089,270.0,119.61029932843674,131.31600618869675,3.8141602755944297,220.83023512009672,6.414160275594429,4396.914433809791,127.71128863397182,3720.7771683492847,3.533605196732998,95.70566220892192,1.852770412275759,4.463614383185467,7.311743276075393,10.276509047978191
lepen_majority,"Le Pen, majority",2031,3546.1406076670005,-2.4,143.84730091751732,4.838473009175173,4.537437277289488,8.764358511400584,301.24066295070855,202.9618256194858,504.20248857019436,270.0,135.44116814246465,147.49804620853246,4.159396440446594,225.51313957720646,6.359396440446594,4622.427573386998,130.35093880352605,3927.925774663282,3.7898836447033313,110.78501035129662,1.7825737120303489,4.102066675719068,7.332581568715945,11.438935834702635
lepen_majority,"Le Pen, majority",2032,3652.5248258970105,-2.1,149.23097985418002,4.8923097985418,4.584099617410973,8.764358511400584,346.1671617541092,210.8598236560487,557.0269854101579,270.0,152.47213685107218,164.89072125912202,4.514431225491454,234.28869295116522,6.414431225491454,4856.716266338163,132.9687407434779,4142.671838903175,3.9684887060816116,127.47225781534218,1.3931210810048773,3.485036532784236,7.354385468409429,12.767335953531463
lepen_majority,"Le Pen, majority",2033,3762.100570673921,-2.0,154.86969193559247,4.948696919355925,4.632972424293677,8.764358511400584,313.83918123744843,222.056459692114,535.8956409295624,270.0,166.22044744548253,179.01158938577387,4.758288249420902,246.72939965790445,6.558288249420902,5103.445665996068,135.654153048914,4367.840202127583,4.077103283220587,142.36554642239406,0.8895885341815731,3.174141602938506,7.377222252339149,12.413948633629243
lepen_majority,"Le Pen, majority",2034,3874.9635877941387,-2.0,160.76382552162747,5.007638255216275,4.684059063996512,8.764358511400584,345.27762244331973,237.16588123681868,582.4435036801384,270.0,180.5934250398929,193.76830123839298,5.000519278393981,263.5176458186874,6.800519278393979,5366.963311814755,138.50358049093185,4608.180224967341,4.216135370044752,155.60238776263242,0.8621357311670224,3.0868091893366683,7.401093493362592,13.64099886339419
lepen_majority,"Le Pen, majority",2035,3991.212495427963,-2.0,166.91222281289978,5.069122228128998,4.737349501443218,8.764358511400584,412.169135602967,253.15159047447847,665.3207260774454,270.0,195.8675975694843,209.4377200539394,5.247471045299034,281.27954497164274,7.047471045299035,5648.242856786397,141.51696666756294,4864.225392597653,4.316277591701873,168.91062087468868,0.8202494435385508,2.951448698950695,7.425994502392245,15.759284049914127
lepen_hung,"Le Pen, hung Assembly",2026,3055.8,-2.7,85.0,4.25,4.0651543602263995,9.561971885562787,60.738,43.536915887699195,108.15995689510788,215.0,67.27028,77.66,2.5413966882649386,156.25343460187025,5.113339701612351,3600.09303460187,117.81180164283886,2981.5013075509078,2.2463318735329127,51.1910266118963,2.9419884175072,6.301098299816001,5.6822183625000005,2.198434601870236
lepen_hung,"Le Pen, hung Assembly",2027,3150.7,-2.5,100.0,4.4,4.197798224152086,9.561971885562787,212.6059326448,143.4563948865111,346.0623275313111,225.0,76.21751431834568,86.92989431834567,2.7590660589185156,159.39599431834566,5.059066058918515,3759.489028920216,119.32234198496258,3131.2588007372356,2.541241708924904,54.233420130705255,2.7426194170118423,6.147975650844211,5.83,7.263499119784376
lepen_hung,"Le Pen, hung Assembly",2028,3245.221,-2.7,120.00547195567957,4.600054719556796,4.374705097475974,9.561971885562787,251.060618719032,162.53463677042143,398.5952554894534,240.0,88.42976445602383,99.46351585602383,3.0649227234762697,180.5940408560238,5.564922723476269,3940.0830697762394,121.41185668945936,3299.5837591205736,2.9219740831082,65.5079556190389,2.4412610780766615,5.530845195365586,6.231019083445433,8.71868348009725
lepen_hung,"Le Pen, hung Assembly",2029,3342.57763,-2.5,121.91066674929434,4.619106667492943,4.391552590739717,9.561971885562787,301.48762122493036,170.94325179218154,472.4308730171119,240.0,101.69289700375724,113.05766094575723,3.3823495954455134,189.93694643575728,5.6823495954455145,4130.020016211996,123.55793861433807,3475.9842712356085,3.2185262827810033,77.78960147494737,2.2122405123238256,4.878651494469957,6.43887840029746,10.37352512171862
lepen_hung,"Le Pen, hung Assembly",2030,3442.8549589000004,-2.3,119.56773269103348,4.595677326910335,4.37083420231233,9.561971885562787,254.45853018207637,179.83755234479085,434.29608252686717,240.0,115.81384160816314,127.51954846842315,3.7038896494543563,199.81950260532315,5.803889649454356,4329.83951881732,125.7630533526952,3660.4097448560615,3.4543338321769075,93.57583211782075,1.852770412275759,4.463614383185467,6.43044383768772,9.491180857193447
lepen_hung,"Le Pen, hung Assembly",2031,3546.1406076670005,-1.9,123.00259507368743,4.630025950736874,4.401208430211543,9.561971885562787,292.3479881473108,182.23715134640491,474.5851394937157,240.0,130.14445532182089,142.2013333878887,4.010030879216679,202.4857237182277,5.710030879216678,4532.325242535548,127.81008267794988,3846.8336768969775,3.694381665685987,107.37326500784185,1.7825737120303489,4.102066675719068,6.442809342265275,10.443740583964315
lepen_hung,"Le Pen, hung Assembly",2032,3652.5248258970105,-1.6,126.60841147745153,4.666084114774515,4.43309439157167,9.561971885562787,331.76950789197497,188.15381793122444,519.9233258231994,240.0,145.50586573075248,157.9244501388023,4.323706413138978,209.05979770136048,5.723706413138978,4741.385040236908,129.81116532376993,4038.8737354120467,3.8583866198853785,122.64757193687396,1.3931210810048773,3.485036532784236,6.4557902813188255,11.524345898770578
lepen_hung,"Le Pen, hung Assembly",2033,3762.100570673921,-1.5,130.39696567646854,4.703969656764685,4.466596289414969,9.561971885562787,292.9681008674869,197.20876019708675,490.1768610645737,240.0,157.4223953043774,170.21353724466874,4.524428149834859,219.12084466342972,5.8244281498348585,4960.505884900338,131.854685745728,4239.194399141427,3.951634009237091,135.94212534688154,0.8895885341815731,3.174141602938506,6.469429076435286,10.94711074394051
lepen_hung,"Le Pen, hung Assembly",2034,3874.9635877941387,-1.5,134.3654236120695,4.743654236120695,4.501689062375281,9.561971885562787,319.991033400972,210.01387125386407,530.004904654836,240.0,169.79934299780285,182.97421919630293,4.72195970492881,233.34874583762672,6.02195970492881,5193.854630737965,134.03621771048998,4452.382411998229,4.078242351133642,147.43709614084608,0.8621357311670224,3.0868091893366683,6.48371552500345,11.929586411449645
lepen_hung,"Le Pen, hung Assembly",2035,3991.212495427963,-1.5,138.51013447157416,4.785101344715741,4.538340426592578,9.561971885562787,380.4213969454627,223.41208045580518,603.8334774012678,240.0,182.77976002587604,196.34988251033113,4.919554715146211,248.23564495089465,6.219554715146211,5442.090275688859,136.3518049195054,4678.688069609867,4.1602656898292745,158.8074159921884,0.8202494435385508,2.951448698950695,6.498636484097667,13.70200940710075
lepen_rupture,"Le Pen, majority, rupture (stress)",2026,3055.8,-2.7,85.0,4.25,3.9661701930809174,7.635964078778555,60.738,43.521729603513485,108.11090385326911,215.0,67.27028,77.66,2.5413966882649386,156.19893122204937,5.111556097324738,3600.038531222049,117.81001803855123,2981.452254509069,2.2419301038243273,51.1910266118963,2.9419884175072,6.301098299816001,5.6822183625000005,2.143931222049364
lepen_rupture,"Le Pen, majority, rupture (stress)",2027,3150.7,-2.5,130.0,4.7,4.342899999253742,7.635964078778555,212.6059326448,143.56422708400348,331.17015972880347,240.0,76.33732787111498,87.04970787111498,2.7628688187106034,159.51580787111496,5.062868818710603,3759.5543390931643,119.32441486314674,3131.317579892889,2.546087443741181,54.12441337106351,2.7426194170118423,6.147975650844211,6.131125,7.191194432195411
lepen_rupture,"Le Pen, majority, rupture (stress)",2028,3245.221,-3.6,250.01169059023206,5.900116905902321,5.347610686687769,7.635964078778555,251.060618719032,191.32608106402893,382.386699783061,300.0,91.21326911558772,102.24702051558772,3.1506951457416217,212.5845345155877,6.550695145741621,3972.138873608752,122.39964161481613,3328.4339825698344,3.055077435172175,65.2543394842192,2.4412610780766615,5.530845195365586,7.76254734689044,10.224276011035824
lepen_rupture,"Le Pen, majority, rupture (stress)",2029,3342.57763,-3.7,224.87402152536467,5.648740215253646,5.137163815700123,7.635964078778555,303.7086323852396,213.77565254166552,497.48428492690505,320.0,109.17352183207275,120.53828577407275,3.6061476835191035,237.5285028240728,7.106147683519104,4209.667376432824,125.94075119304931,3547.666895434354,3.4772689545332796,80.50867428815629,2.2122405123238256,4.878651494469957,8.795664200092945,12.778291337029733
lepen_rupture,"Le Pen, majority, rupture (stress)",2030,3442.8549589000004,-3.3,211.71617042716719,5.517161704271672,5.027009266947348,7.635964078778555,266.76666039860993,222.19367273175425,488.9603331303641,320.0,128.44764800467806,140.15335486493805,4.07084691449556,246.88185859083805,7.17084691449556,4456.549235023663,129.44342088832985,3774.44848944177,3.806559370068633,100.82498496208642,1.852770412275759,4.463614383185467,9.016237618050402,12.290040629080016
lepen_rupture,"Le Pen, majority, rupture (stress)",2031,3546.1406076670005,-2.9,219.0436976805914,5.590436976805914,5.088353665211985,7.635964078778555,315.9040648539071,230.40273448299453,546.3067993369016,320.0,148.20036384136154,160.25724190742935,4.519201566935675,256.00303831443836,7.219201566935674,4712.552273338101,132.8924257303627,4009.038004619276,4.130803823503947,119.36530268106452,1.7825737120303489,4.102066675719068,9.051409748866838,13.899011023680757
lepen_rupture,"Le Pen, majority, rupture (stress)",2032,3652.5248258970105,-2.6,226.85544063469,5.6685544063468996,5.153751807633529,7.635964078778555,366.8772438643638,242.57667338690575,609.4539172512694,320.0,169.45045686698387,181.8690412750337,4.9792691342041495,269.52963709656194,7.379269134204149,4982.081910434663,136.40104168795435,4255.500918590026,4.362701987194599,139.77852199963291,1.3931210810048773,3.485036532784236,9.088906115046512,15.704871138515326
lepen_rupture,"Le Pen, majority, rupture (stress)",2033,3762.100570673921,-2.5,235.1665947690218,5.751665947690218,5.223330907324625,7.635964078778555,349.34176751053076,258.286491678966,607.6282591894968,320.0,187.66553568861514,200.45667762890648,5.3283178868606855,286.9849907544067,7.628317886860686,5269.0669011890695,140.05651370040857,4516.899313801285,4.521708764287758,158.60378856466195,0.8895885341815731,3.174141602938506,9.128799654891305,15.869217331941783
lepen_rupture,"Le Pen, majority, rupture (stress)",2034,3874.9635877941387,-2.5,243.9709074761112,5.839709074761112,5.297038618871885,7.635964078778555,384.99787236409094,278.1416066360817,663.1394790001727,320.0,206.74719087788105,219.92206707638113,5.675461513215765,309.0462295956463,7.975461513215764,5578.113130784715,143.95265928060275,4798.2150620403045,4.697746054017288,176.06380845167953,0.8621357311670224,3.0868091893366683,9.171060355885333,17.56337714981248
lepen_rupture,"Le Pen, majority, rupture (stress)",2035,3991.212495427963,-2.5,253.25945918191246,5.932594591819125,5.374800269621946,7.635964078778555,466.8426704831985,299.43842636284137,766.2810968460399,320.0,227.3413527460811,240.91147523053618,6.0360473291388645,332.7093626253793,8.336047329138864,5910.8224934100945,148.09591070836478,5100.54706555898,4.846200983023805,193.7609699698472,0.8202494435385508,2.951448698950695,9.21564540407318,20.59303922967148
