iso3,country,weo_vintage,base_year,year,horizon,kind,side,ours_pct_gdp,weo_pct_gdp,level_gap_pp,ours_change_pp,weo_change_pp,change_gap_pp,se,lo80,hi80,lo95,hi95,weo_inside_80,weo_inside_95,weo_z,perimeter_gap_pp,perimeter_gap_sd_pp,perimeter_classification,notes,run_id
BEL,Belgium,2026-04,2024,2025,1,balance,balance,-6.034239165550767,-5.256630154870049,-0.7776090106807185,-1.6698455711458635,-0.8943826247542281,-0.7754629463916354,1.837246512583509,-8.38876610824519,-3.679712222856346,-9.635176189339992,-2.433302141761543,True,True,0.42324696514854515,0.0002419689302214838,0.03775762253716065,revision,benchmark against the WEO's own GGXCNL/NGDP; weo_z is how many of the benchmark's own standard errors the WEO sits away from it,20261007T150037Z
BEL,Belgium,2026-04,2024,2025,1,expenditure,expenditure,55.087726571145865,54.99016518329379,0.09756138785207469,-1.0015585711458648,-0.9351699553937749,-0.06638861575208987,,,,,,,,,-0.030310641325748296,0.009978269602955574,revision,changes are signed so revenue and expenditure sum to the balance; the LEVEL gap carries the perimeter difference and the change does not,20261007T150037Z
BEL,Belgium,2026-04,2024,2025,1,revenue,revenue,49.023193,49.73353502842374,-0.7103420284237387,-0.6682869999999987,0.040787330639538766,-0.7090743306395375,,,,,,,,,-0.029939622299410565,0.04095540776360832,revision,changes are signed so revenue and expenditure sum to the balance; the LEVEL gap carries the perimeter difference and the change does not,20261007T150037Z
BEL,Belgium,2026-04,2024,2025,1,weo_internal_wedge,memo,,,,,-7.993605777301127e-15,7.993605777301127e-15,,,,,,,,,,,revision,"the WEO's own change in (GGR - GGX - GGXCNL)/NGDP since the base year. Enters the balance gap with a minus sign; reported, never absorbed",20261007T150037Z
BEL,Belgium,2026-04,2024,2026,2,balance,balance,-6.734348041630512,-5.128315702539165,-1.606032339091347,-2.3699544472256084,-0.7660681724233447,-1.6038862748022638,2.3287184835037507,-9.71872187160171,-3.7499742116593135,-11.298552435432457,-2.170143647828567,True,True,0.6896635855592719,0.0002419689302214838,0.03775762253716065,revision,benchmark against the WEO's own GGXCNL/NGDP; weo_z is how many of the benchmark's own standard errors the WEO sits away from it,20261007T150037Z
BEL,Belgium,2026-04,2024,2026,2,expenditure,expenditure,55.66658450387149,54.934355441385016,0.7322290624864749,-1.5804165038714943,-0.8793602134850005,-0.7010562903864939,,,,,,,,,-0.030310641325748296,0.009978269602955574,revision,changes are signed so revenue and expenditure sum to the balance; the LEVEL gap carries the perimeter difference and the change does not,20261007T150037Z
BEL,Belgium,2026-04,2024,2026,2,revenue,revenue,48.90194205664589,49.806039738845854,-0.9040976821999607,-0.7895379433541145,0.11329204106165491,-0.9028299844157694,,,,,,,,,-0.029939622299410565,0.04095540776360832,revision,changes are signed so revenue and expenditure sum to the balance; the LEVEL gap carries the perimeter difference and the change does not,20261007T150037Z
BEL,Belgium,2026-04,2024,2026,2,weo_internal_wedge,memo,,,,,-8.881784197001252e-16,8.881784197001252e-16,,,,,,,,,,,revision,"the WEO's own change in (GGR - GGX - GGXCNL)/NGDP since the base year. Enters the balance gap with a minus sign; reported, never absorbed",20261007T150037Z
BEL,Belgium,2026-04,2024,2027,3,balance,balance,-7.43267019033836,-5.190756152868642,-2.2419140374697184,-3.0682765959334564,-0.8285086227528211,-2.2397679731806353,2.6488664349949516,-10.82733026783901,-4.03801011283771,-12.624353043736805,-2.2409873369399147,True,True,0.8463673395725562,0.0002419689302214838,0.03775762253716065,revision,benchmark against the WEO's own GGXCNL/NGDP; weo_z is how many of the benchmark's own standard errors the WEO sits away from it,20261007T150037Z
BEL,Belgium,2026-04,2024,2027,3,expenditure,expenditure,56.20750626250461,55.07524567553774,1.132260586966872,-2.121338262504611,-1.0202504476377214,-1.1010878148668897,,,,,,,,,-0.030310641325748296,0.009978269602955574,revision,changes are signed so revenue and expenditure sum to the balance; the LEVEL gap carries the perimeter difference and the change does not,20261007T150037Z
BEL,Belgium,2026-04,2024,2027,3,revenue,revenue,48.74454166657115,49.8844895226691,-1.1399478560979475,-0.9469383334288449,0.19174182488490032,-1.1386801583137451,,,,,,,,,-0.029939622299410565,0.04095540776360832,revision,changes are signed so revenue and expenditure sum to the balance; the LEVEL gap carries the perimeter difference and the change does not,20261007T150037Z
BEL,Belgium,2026-04,2024,2027,3,weo_internal_wedge,memo,,,,,0.0,-0.0,,,,,,,,,,,revision,"the WEO's own change in (GGR - GGX - GGXCNL)/NGDP since the base year. Enters the balance gap with a minus sign; reported, never absorbed",20261007T150037Z
BEL,Belgium,2026-04,2024,2028,4,balance,balance,-7.94593043462462,-5.315505781436135,-2.6304246531884843,-3.581536840219716,-0.9532582513203147,-2.628278588899401,2.918544147704047,-11.686196524203037,-4.205664345046203,-13.666171896535236,-2.2256889727140043,True,True,0.9012797203214418,0.0002419689302214838,0.03775762253716065,revision,benchmark against the WEO's own GGXCNL/NGDP; weo_z is how many of the benchmark's own standard errors the WEO sits away from it,20261007T150037Z
BEL,Belgium,2026-04,2024,2028,4,expenditure,expenditure,56.645221521089894,55.2742636358753,1.3709578852145938,-2.559053521089888,-1.2192684079752851,-1.339785113114603,,,,,,,,,-0.030310641325748296,0.009978269602955574,revision,changes are signed so revenue and expenditure sum to the balance; the LEVEL gap carries the perimeter difference and the change does not,20261007T150037Z
BEL,Belgium,2026-04,2024,2028,4,revenue,revenue,48.66899668087017,49.95875785443916,-1.2897611735689907,-1.0224833191298273,0.2660101566549642,-1.2884934757847915,,,,,,,,,-0.029939622299410565,0.04095540776360832,revision,changes are signed so revenue and expenditure sum to the balance; the LEVEL gap carries the perimeter difference and the change does not,20261007T150037Z
BEL,Belgium,2026-04,2024,2028,4,weo_internal_wedge,memo,,,,,-6.217248937900877e-15,6.217248937900877e-15,,,,,,,,,,,revision,"the WEO's own change in (GGR - GGX - GGXCNL)/NGDP since the base year. Enters the balance gap with a minus sign; reported, never absorbed",20261007T150037Z
BEL,Belgium,2026-04,2024,2029,5,balance,balance,-8.411002615914416,-5.4099307024387135,-3.0010719134757027,-4.0466090215095125,-1.047683172322893,-2.9989258491866195,3.219304886422981,-12.53670923171956,-4.285296000109272,-14.720724298327548,-2.1012809335012843,True,True,0.9322111509637845,0.0002419689302214838,0.03775762253716065,revision,benchmark against the WEO's own GGXCNL/NGDP; weo_z is how many of the benchmark's own standard errors the WEO sits away from it,20261007T150037Z
BEL,Belgium,2026-04,2024,2029,5,expenditure,expenditure,57.06976620635685,55.616718681945386,1.453047524411467,-2.9835982063568536,-1.5617234540453708,-1.4218747523114827,,,,,,,,,-0.030310641325748296,0.009978269602955574,revision,changes are signed so revenue and expenditure sum to the balance; the LEVEL gap carries the perimeter difference and the change does not,20261007T150037Z
BEL,Belgium,2026-04,2024,2029,5,revenue,revenue,48.62846918484734,50.20678797950667,-1.5783187946593316,-1.063010815152659,0.5140402817224725,-1.5770510968751315,,,,,,,,,-0.029939622299410565,0.04095540776360832,revision,changes are signed so revenue and expenditure sum to the balance; the LEVEL gap carries the perimeter difference and the change does not,20261007T150037Z
BEL,Belgium,2026-04,2024,2029,5,weo_internal_wedge,memo,,,,,-5.329070518200751e-15,5.329070518200751e-15,,,,,,,,,,,revision,"the WEO's own change in (GGR - GGX - GGXCNL)/NGDP since the base year. Enters the balance gap with a minus sign; reported, never absorbed",20261007T150037Z
BEL,Belgium,2026-04,2024,2030,6,balance,balance,-9.109295552229995,-5.66162831741603,-3.4476672348139648,-4.744901957825091,-1.2993807873002092,-3.4455211705248816,3.3966448954058257,-13.462272611227121,-4.756318493232868,-15.766597268009178,-2.4519938364508107,True,True,1.0150213934571584,0.0002419689302214838,0.03775762253716065,revision,benchmark against the WEO's own GGXCNL/NGDP; weo_z is how many of the benchmark's own standard errors the WEO sits away from it,20261007T150037Z
BEL,Belgium,2026-04,2024,2030,6,expenditure,expenditure,57.66857662310447,55.908478469726106,1.7600981533783653,-3.5824086231044756,-1.8534832418260905,-1.7289253812783851,,,,,,,,,-0.030310641325748296,0.009978269602955574,revision,changes are signed so revenue and expenditure sum to the balance; the LEVEL gap carries the perimeter difference and the change does not,20261007T150037Z
BEL,Belgium,2026-04,2024,2030,6,revenue,revenue,48.52898666527939,50.246850152310074,-1.7178634870306837,-1.1624933347206143,0.554102454525875,-1.7165957892464894,,,,,,,,,-0.029939622299410565,0.04095540776360832,revision,changes are signed so revenue and expenditure sum to the balance; the LEVEL gap carries the perimeter difference and the change does not,20261007T150037Z
BEL,Belgium,2026-04,2024,2030,6,weo_internal_wedge,memo,,,,,-6.217248937900877e-15,6.217248937900877e-15,,,,,,,,,,,revision,"the WEO's own change in (GGR - GGX - GGXCNL)/NGDP since the base year. Enters the balance gap with a minus sign; reported, never absorbed",20261007T150037Z
BEL,Belgium,2026-04,2024,2031,7,balance,balance,-9.798883931496004,-5.780067551765166,-4.018816379730838,-5.4344903370911,-1.4178200216493453,-4.016670315441755,3.5156002499707864,-14.304308463046565,-5.2934593999454425,-16.689333859829745,-2.9084340031622613,True,True,1.1431380401580735,0.0002419689302214838,0.03775762253716065,revision,benchmark against the WEO's own GGXCNL/NGDP; weo_z is how many of the benchmark's own standard errors the WEO sits away from it,20261007T150037Z
BEL,Belgium,2026-04,2024,2031,7,expenditure,expenditure,58.22229181647944,56.14825555815006,2.0740362583293788,-4.136123816479446,-2.0932603302500468,-2.0428634862293995,,,,,,,,,-0.030310641325748296,0.009978269602955574,revision,changes are signed so revenue and expenditure sum to the balance; the LEVEL gap carries the perimeter difference and the change does not,20261007T150037Z
BEL,Belgium,2026-04,2024,2031,7,revenue,revenue,48.39311347938835,50.3681880063849,-1.9750745269965506,-1.2983665206116528,0.6754403086006988,-1.9738068292123516,,,,,,,,,-0.029939622299410565,0.04095540776360832,revision,changes are signed so revenue and expenditure sum to the balance; the LEVEL gap carries the perimeter difference and the change does not,20261007T150037Z
BEL,Belgium,2026-04,2024,2031,7,weo_internal_wedge,memo,,,,,-2.6645352591003757e-15,2.6645352591003757e-15,,,,,,,,,,,revision,"the WEO's own change in (GGR - GGX - GGXCNL)/NGDP since the base year. Enters the balance gap with a minus sign; reported, never absorbed",20261007T150037Z
DEU,Germany,2026-04,2024,2025,1,balance,balance,-1.5616896283890118,-2.6655346528229873,1.1038450244339755,1.0664520831456796,-0.0021990325715188774,1.0686511157171985,2.118650547958388,-4.27685047542618,1.1534712186481566,-5.714168430967726,2.5907891741897022,True,True,-0.521013257942742,0.0,0.0,revision,benchmark against the WEO's own GGXCNL/NGDP; weo_z is how many of the benchmark's own standard errors the WEO sits away from it,20261007T150037Z
DEU,Germany,2026-04,2024,2025,1,expenditure,expenditure,48.80961491685433,50.54555908284507,-1.7359441659907375,-0.03491091685432146,-1.1177044199575903,1.082793503103269,,,,,,,,,0.0,0.0,revision,changes are signed so revenue and expenditure sum to the balance; the LEVEL gap carries the perimeter difference and the change does not,20261007T150037Z
DEU,Germany,2026-04,2024,2025,1,revenue,revenue,47.247925,47.88002443002208,-0.6320994300220804,1.101363000000001,1.1155053873860723,-0.01414238738607132,,,,,,,,,0.0,0.0,revision,changes are signed so revenue and expenditure sum to the balance; the LEVEL gap carries the perimeter difference and the change does not,20261007T150037Z
DEU,Germany,2026-04,2024,2025,1,weo_internal_wedge,memo,,,,,8.881784197001252e-16,-8.881784197001252e-16,,,,,,,,,,,revision,"the WEO's own change in (GGR - GGX - GGXCNL)/NGDP since the base year. Enters the balance gap with a minus sign; reported, never absorbed",20261007T150037Z
DEU,Germany,2026-04,2024,2026,2,balance,balance,-1.6788942546470484,-3.7775207321291493,2.098626477482101,0.949247456887643,-1.1141851118776809,2.063432568765324,2.649233332870149,-5.074024530853453,1.7162360215593568,-6.871296214672558,3.5135077053784607,True,True,-0.7921636993780661,0.0,0.0,revision,benchmark against the WEO's own GGXCNL/NGDP; weo_z is how many of the benchmark's own standard errors the WEO sits away from it,20261007T150037Z
DEU,Germany,2026-04,2024,2026,2,expenditure,expenditure,48.95130319567659,51.66836938114174,-2.71706618546515,-0.17659919567658766,-2.2405147182542606,2.063915522577673,,,,,,,,,0.0,0.0,revision,changes are signed so revenue and expenditure sum to the balance; the LEVEL gap carries the perimeter difference and the change does not,20261007T150037Z
DEU,Germany,2026-04,2024,2026,2,revenue,revenue,47.272408652564216,47.89084864901259,-0.6184399964483731,1.1258466525642308,1.1263296063765793,-0.00048295381234852996,,,,,,,,,0.0,0.0,revision,changes are signed so revenue and expenditure sum to the balance; the LEVEL gap carries the perimeter difference and the change does not,20261007T150037Z
DEU,Germany,2026-04,2024,2026,2,weo_internal_wedge,memo,,,,,-4.440892098500626e-16,4.440892098500626e-16,,,,,,,,,,,revision,"the WEO's own change in (GGR - GGX - GGXCNL)/NGDP since the base year. Enters the balance gap with a minus sign; reported, never absorbed",20261007T150037Z
DEU,Germany,2026-04,2024,2027,3,balance,balance,-1.8405661746092519,-4.228943286458291,2.388377111849039,0.7875755369254396,-1.5656076662068226,2.353183203132262,3.0914095426912533,-5.8023682568643125,2.121235907645809,-7.899617587540572,4.218485238322067,True,True,-0.7725851521341351,0.0,0.0,revision,benchmark against the WEO's own GGXCNL/NGDP; weo_z is how many of the benchmark's own standard errors the WEO sits away from it,20261007T150037Z
DEU,Germany,2026-04,2024,2027,3,expenditure,expenditure,49.159396231023806,52.073115309996005,-2.9137190789722,-0.384692231023803,-2.645260647108529,2.260568416084726,,,,,,,,,0.0,0.0,revision,changes are signed so revenue and expenditure sum to the balance; the LEVEL gap carries the perimeter difference and the change does not,20261007T150037Z
DEU,Germany,2026-04,2024,2027,3,revenue,revenue,47.31882976794924,47.844172002685674,-0.5253422347364349,1.1722677679492426,1.079652960049664,0.09261480789957854,,,,,,,,,0.0,0.0,revision,changes are signed so revenue and expenditure sum to the balance; the LEVEL gap carries the perimeter difference and the change does not,20261007T150037Z
DEU,Germany,2026-04,2024,2027,3,weo_internal_wedge,memo,,,,,-2.0852042315055996e-08,2.0852042315055996e-08,,,,,,,,,,,revision,"the WEO's own change in (GGR - GGX - GGXCNL)/NGDP since the base year. Enters the balance gap with a minus sign; reported, never absorbed",20261007T150037Z
DEU,Germany,2026-04,2024,2028,4,balance,balance,-2.082470183982013,-4.0612947195650735,1.9788245355830605,0.5456715275526784,-1.397959099313605,1.9436306268662835,3.729801489190649,-6.862404742057267,2.6974643740932414,-9.392746829942075,5.227806461978048,True,True,-0.5305441968742569,0.0,0.0,revision,benchmark against the WEO's own GGXCNL/NGDP; weo_z is how many of the benchmark's own standard errors the WEO sits away from it,20261007T150037Z
DEU,Germany,2026-04,2024,2028,4,expenditure,expenditure,49.48370568126959,51.853197161114124,-2.369491479844534,-0.7090016812695831,-2.425342498226648,1.7163408169570649,,,,,,,,,0.0,0.0,revision,changes are signed so revenue and expenditure sum to the balance; the LEVEL gap carries the perimeter difference and the change does not,20261007T150037Z
DEU,Germany,2026-04,2024,2028,4,revenue,revenue,47.40123520882226,47.79190244154905,-0.39066723272679127,1.2546732088222616,1.027383398913038,0.22728980990922354,,,,,,,,,0.0,0.0,revision,changes are signed so revenue and expenditure sum to the balance; the LEVEL gap carries the perimeter difference and the change does not,20261007T150037Z
DEU,Germany,2026-04,2024,2028,4,weo_internal_wedge,memo,,,,,-4.884981308350689e-15,4.884981308350689e-15,,,,,,,,,,,revision,"the WEO's own change in (GGR - GGX - GGXCNL)/NGDP since the base year. Enters the balance gap with a minus sign; reported, never absorbed",20261007T150037Z
DEU,Germany,2026-04,2024,2029,5,balance,balance,-2.280059757194561,-3.8982798813652915,1.6182201241707306,0.34808195434013056,-1.234944261113823,1.5830262154539536,4.560812156658659,-8.124977698184779,3.564858183795657,-11.219087395007893,6.658967880618771,True,True,-0.3548096410434651,0.0,0.0,revision,benchmark against the WEO's own GGXCNL/NGDP; weo_z is how many of the benchmark's own standard errors the WEO sits away from it,20261007T150037Z
DEU,Germany,2026-04,2024,2029,5,expenditure,expenditure,49.82765272675059,51.92168785205709,-2.0940351253064975,-1.0529487267505924,-2.4938331891696137,1.4408844624190214,,,,,,,,,0.0,0.0,revision,changes are signed so revenue and expenditure sum to the balance; the LEVEL gap carries the perimeter difference and the change does not,20261007T150037Z
DEU,Germany,2026-04,2024,2029,5,revenue,revenue,47.54759268109072,48.02340799022663,-0.4758153091359105,1.4010306810907227,1.25888894759062,0.14214173350010273,,,,,,,,,0.0,0.0,revision,changes are signed so revenue and expenditure sum to the balance; the LEVEL gap carries the perimeter difference and the change does not,20261007T150037Z
DEU,Germany,2026-04,2024,2029,5,weo_internal_wedge,memo,,,,,1.9534829309719726e-08,-1.9534829309719726e-08,,,,,,,,,,,revision,"the WEO's own change in (GGR - GGX - GGXCNL)/NGDP since the base year. Enters the balance gap with a minus sign; reported, never absorbed",20261007T150037Z
DEU,Germany,2026-04,2024,2030,6,balance,balance,-2.4896501847864414,-3.833621634603291,1.3439714498168498,0.13849152674825005,-1.1702860143518228,1.3087775411000728,5.355765212763021,-9.353341804733317,4.374041435160434,-12.986757194254304,8.007456824681421,True,True,-0.2509392022290498,0.0,0.0,revision,benchmark against the WEO's own GGXCNL/NGDP; weo_z is how many of the benchmark's own standard errors the WEO sits away from it,20261007T150037Z
DEU,Germany,2026-04,2024,2030,6,expenditure,expenditure,50.220051536824144,51.81317968773018,-1.5931281509060327,-1.4453475368241464,-2.3853250248427003,0.9399774880185539,,,,,,,,,0.0,0.0,revision,changes are signed so revenue and expenditure sum to the balance; the LEVEL gap carries the perimeter difference and the change does not,20261007T150037Z
DEU,Germany,2026-04,2024,2030,6,revenue,revenue,47.7304010635724,47.97955805312689,-0.24915698955448562,1.5838390635723965,1.2150390104908766,0.36880005308151986,,,,,,,,,0.0,0.0,revision,changes are signed so revenue and expenditure sum to the balance; the LEVEL gap carries the perimeter difference and the change does not,20261007T150037Z
DEU,Germany,2026-04,2024,2030,6,weo_internal_wedge,memo,,,,,-8.881784197001252e-16,8.881784197001252e-16,,,,,,,,,,,revision,"the WEO's own change in (GGR - GGX - GGXCNL)/NGDP since the base year. Enters the balance gap with a minus sign; reported, never absorbed",20261007T150037Z
DEU,Germany,2026-04,2024,2031,7,balance,balance,-2.7450978135392594,-3.659947553768868,0.9148497402296085,-0.11695610200456796,-0.9966119335173995,0.8796558315128316,5.9026318872094325,-10.309627513856281,4.819431886777763,-14.314043817721807,8.82384819064329,True,True,-0.15499013960399943,0.0,0.0,revision,benchmark against the WEO's own GGXCNL/NGDP; weo_z is how many of the benchmark's own standard errors the WEO sits away from it,20261007T150037Z
DEU,Germany,2026-04,2024,2031,7,expenditure,expenditure,50.64136723336928,51.64243870478116,-1.0010714714118834,-1.8666632333692814,-2.214584041893687,0.34792080852440566,,,,,,,,,0.0,0.0,revision,changes are signed so revenue and expenditure sum to the balance; the LEVEL gap carries the perimeter difference and the change does not,20261007T150037Z
DEU,Germany,2026-04,2024,2031,7,revenue,revenue,47.89626913136471,47.9824911510123,-0.08622201964758602,1.7497071313647137,1.217972108376287,0.5317350229884266,,,,,,,,,0.0,0.0,revision,changes are signed so revenue and expenditure sum to the balance; the LEVEL gap carries the perimeter difference and the change does not,20261007T150037Z
DEU,Germany,2026-04,2024,2031,7,weo_internal_wedge,memo,,,,,-4.440892098500626e-16,4.440892098500626e-16,,,,,,,,,,,revision,"the WEO's own change in (GGR - GGX - GGXCNL)/NGDP since the base year. Enters the balance gap with a minus sign; reported, never absorbed",20261007T150037Z
ESP,Spain,2026-04,2024,2025,1,balance,balance,-3.5232106452980196,-2.4958131621922868,-1.0273974831057329,-0.31619295218384647,0.7197695590762083,-1.0359625112600548,2.028295031762702,-6.122576199843574,-0.9238450907524651,-7.4985958889317725,0.45217459833573326,True,True,0.5065325640584283,0.0,0.04601678705383863,revision,benchmark against the WEO's own GGXCNL/NGDP; weo_z is how many of the benchmark's own standard errors the WEO sits away from it,20261007T150037Z
ESP,Spain,2026-04,2024,2025,1,expenditure,expenditure,45.73467708249746,44.69728879695667,1.0373882855407928,-0.3820900824974623,0.7764211627129072,-1.1585112452103694,,,,,,,,,0.0,0.21967088058001288,revision,changes are signed so revenue and expenditure sum to the balance; the LEVEL gap carries the perimeter difference and the change does not,20261007T150037Z
ESP,Spain,2026-04,2024,2025,1,revenue,revenue,42.211467130313615,42.20147557544476,0.00999155486885428,0.06589713031361616,-0.05665166295632673,0.12254879326994289,,,,,,,,,0.0,0.24553737590587366,revision,changes are signed so revenue and expenditure sum to the balance; the LEVEL gap carries the perimeter difference and the change does not,20261007T150037Z
ESP,Spain,2026-04,2024,2025,1,weo_internal_wedge,memo,,,,,-5.9319627876419645e-08,5.9319627876419645e-08,,,,,,,,,,,revision,"the WEO's own change in (GGR - GGX - GGXCNL)/NGDP since the base year. Enters the balance gap with a minus sign; reported, never absorbed",20261007T150037Z
ESP,Spain,2026-04,2024,2026,2,balance,balance,-3.6647810577257394,-2.067275629529806,-1.5975054281959333,-0.4577633646115662,1.148307091738689,-1.6060704563502552,2.951479999398994,-7.44725615391552,0.11769403846404058,-9.449575603267789,2.120013487816311,True,True,0.5412557186635962,0.0,0.04601678705383863,revision,benchmark against the WEO's own GGXCNL/NGDP; weo_z is how many of the benchmark's own standard errors the WEO sits away from it,20261007T150037Z
ESP,Spain,2026-04,2024,2026,2,expenditure,expenditure,45.96717214870859,45.294936719647474,0.6722354290611179,-0.6145851487085916,0.17877324002210315,-0.7933583887306948,,,,,,,,,0.0,0.21967088058001288,revision,changes are signed so revenue and expenditure sum to the balance; the LEVEL gap carries the perimeter difference and the change does not,20261007T150037Z
ESP,Spain,2026-04,2024,2026,2,revenue,revenue,42.30239178409702,43.227661090117664,-0.9252693060206454,0.1568217840970254,0.9695338517165766,-0.8127120676195512,,,,,,,,,0.0,0.24553737590587366,revision,changes are signed so revenue and expenditure sum to the balance; the LEVEL gap carries the perimeter difference and the change does not,20261007T150037Z
ESP,Spain,2026-04,2024,2026,2,weo_internal_wedge,memo,,,,,-9.325873406851315e-15,9.325873406851315e-15,,,,,,,,,,,revision,"the WEO's own change in (GGR - GGX - GGXCNL)/NGDP since the base year. Enters the balance gap with a minus sign; reported, never absorbed",20261007T150037Z
ESP,Spain,2026-04,2024,2027,3,balance,balance,-3.968764658867138,-2.264402042436612,-1.704362616430526,-0.7617469657529647,0.9511806788318831,-1.7129276445848478,3.4833093027026742,-8.432806662364356,0.4952773446300798,-10.795925493029483,2.8583961752952067,True,True,0.4892940787968853,0.0,0.04601678705383863,revision,benchmark against the WEO's own GGXCNL/NGDP; weo_z is how many of the benchmark's own standard errors the WEO sits away from it,20261007T150037Z
ESP,Spain,2026-04,2024,2027,3,expenditure,expenditure,46.372423918903664,45.414426126808536,0.9579977920951279,-1.0198369189036678,0.05928383286104122,-1.079120751764709,,,,,,,,,0.0,0.21967088058001288,revision,changes are signed so revenue and expenditure sum to the balance; the LEVEL gap carries the perimeter difference and the change does not,20261007T150037Z
ESP,Spain,2026-04,2024,2027,3,revenue,revenue,42.4036599531507,43.15002408437193,-0.7463641312212275,0.25808995315070304,0.891896845970841,-0.6338068928201379,,,,,,,,,0.0,0.24553737590587366,revision,changes are signed so revenue and expenditure sum to the balance; the LEVEL gap carries the perimeter difference and the change does not,20261007T150037Z
ESP,Spain,2026-04,2024,2027,3,weo_internal_wedge,memo,,,,,-8.881784197001252e-16,8.881784197001252e-16,,,,,,,,,,,revision,"the WEO's own change in (GGR - GGX - GGXCNL)/NGDP since the base year. Enters the balance gap with a minus sign; reported, never absorbed",20261007T150037Z
ESP,Spain,2026-04,2024,2028,4,balance,balance,-4.046604776573865,-2.1709912307149652,-1.8756135458588998,-0.8395870834596919,1.0445914905535298,-1.8841785740132218,4.054980533244002,-9.243273188913783,1.1500636357660525,-11.994220642432914,3.9010110892851833,True,True,0.46254563504856105,0.0,0.04601678705383863,revision,benchmark against the WEO's own GGXCNL/NGDP; weo_z is how many of the benchmark's own standard errors the WEO sits away from it,20261007T150037Z
ESP,Spain,2026-04,2024,2028,4,expenditure,expenditure,46.564717923901995,44.99254771529718,1.5721702086048168,-1.2121309239019933,0.4811622443723991,-1.6932931682743924,,,,,,,,,0.0,0.21967088058001288,revision,changes are signed so revenue and expenditure sum to the balance; the LEVEL gap carries the perimeter difference and the change does not,20261007T150037Z
ESP,Spain,2026-04,2024,2028,4,revenue,revenue,42.5181138404423,42.82155648458221,-0.3034426441399134,0.3725438404423016,0.5634292461811228,-0.19088540573882118,,,,,,,,,0.0,0.24553737590587366,revision,changes are signed so revenue and expenditure sum to the balance; the LEVEL gap carries the perimeter difference and the change does not,20261007T150037Z
ESP,Spain,2026-04,2024,2028,4,weo_internal_wedge,memo,,,,,-7.993605777301127e-15,7.993605777301127e-15,,,,,,,,,,,revision,"the WEO's own change in (GGR - GGX - GGXCNL)/NGDP since the base year. Enters the balance gap with a minus sign; reported, never absorbed",20261007T150037Z
ESP,Spain,2026-04,2024,2029,5,balance,balance,-3.9527337906594253,-2.1584286018036174,-1.794305188855808,-0.7457160975452521,1.0571541194648777,-1.8028702170101298,4.610016421344594,-9.860709555466432,1.9552419741475813,-12.988200015903661,5.08273243458481,True,True,0.38921882806058783,0.0,0.04601678705383863,revision,benchmark against the WEO's own GGXCNL/NGDP; weo_z is how many of the benchmark's own standard errors the WEO sits away from it,20261007T150037Z
ESP,Spain,2026-04,2024,2029,5,expenditure,expenditure,46.610670846193486,45.26687894038335,1.3437919058101357,-1.258083846193487,0.20683101928622705,-1.464914865479714,,,,,,,,,0.0,0.21967088058001288,revision,changes are signed so revenue and expenditure sum to the balance; the LEVEL gap carries the perimeter difference and the change does not,20261007T150037Z
ESP,Spain,2026-04,2024,2029,5,revenue,revenue,42.65793774864824,43.108450338579736,-0.450512589931499,0.5123677486482348,0.8503231001786489,-0.3379553515304141,,,,,,,,,0.0,0.24553737590587366,revision,changes are signed so revenue and expenditure sum to the balance; the LEVEL gap carries the perimeter difference and the change does not,20261007T150037Z
ESP,Spain,2026-04,2024,2029,5,weo_internal_wedge,memo,,,,,-1.7763568394002505e-15,1.7763568394002505e-15,,,,,,,,,,,revision,"the WEO's own change in (GGR - GGX - GGXCNL)/NGDP since the base year. Enters the balance gap with a minus sign; reported, never absorbed",20261007T150037Z
ESP,Spain,2026-04,2024,2030,6,balance,balance,-4.266866231180044,-2.1547919474203114,-2.112074283759733,-1.059848538065871,1.0607907738481837,-2.1206393119140547,5.0505482920296085,-10.739406495927174,2.2056740335670844,-14.165759063819564,5.632026601459476,True,True,0.4181871277407342,0.0,0.04601678705383863,revision,benchmark against the WEO's own GGXCNL/NGDP; weo_z is how many of the benchmark's own standard errors the WEO sits away from it,20261007T150037Z
ESP,Spain,2026-04,2024,2030,6,expenditure,expenditure,46.972210544476006,45.422070577132345,1.5501399673436609,-1.6196235444760054,0.05163938253723188,-1.6712629270132373,,,,,,,,,0.0,0.21967088058001288,revision,changes are signed so revenue and expenditure sum to the balance; the LEVEL gap carries the perimeter difference and the change does not,20261007T150037Z
ESP,Spain,2026-04,2024,2030,6,revenue,revenue,42.705345006410134,43.26727862971204,-0.5619336233019041,0.5597750064101343,1.0091513913109509,-0.44937638490081655,,,,,,,,,0.0,0.24553737590587366,revision,changes are signed so revenue and expenditure sum to the balance; the LEVEL gap carries the perimeter difference and the change does not,20261007T150037Z
ESP,Spain,2026-04,2024,2030,6,weo_internal_wedge,memo,,,,,-8.881784197001252e-16,8.881784197001252e-16,,,,,,,,,,,revision,"the WEO's own change in (GGR - GGX - GGXCNL)/NGDP since the base year. Enters the balance gap with a minus sign; reported, never absorbed",20261007T150037Z
ESP,Spain,2026-04,2024,2031,7,balance,balance,-4.601513076865171,-2.1533098662063983,-2.4482032106587726,-1.3944953837509977,1.0622728550620968,-2.4567682388130945,5.609376060546847,-11.790220186011105,2.5871940322807623,-15.595688217998811,6.392662064268469,True,True,0.43644840071929536,0.0,0.04601678705383863,revision,benchmark against the WEO's own GGXCNL/NGDP; weo_z is how many of the benchmark's own standard errors the WEO sits away from it,20261007T150037Z
ESP,Spain,2026-04,2024,2031,7,expenditure,expenditure,47.451026141825075,45.51885864903201,1.932167492793063,-2.098439141825077,-0.04514868936243488,-2.053290452462642,,,,,,,,,0.0,0.21967088058001288,revision,changes are signed so revenue and expenditure sum to the balance; the LEVEL gap carries the perimeter difference and the change does not,20261007T150037Z
ESP,Spain,2026-04,2024,2031,7,revenue,revenue,42.84951375807408,43.36554878282561,-0.5160350247515311,0.703943758074079,1.1074215444245255,-0.4034777863504464,,,,,,,,,0.0,0.24553737590587366,revision,changes are signed so revenue and expenditure sum to the balance; the LEVEL gap carries the perimeter difference and the change does not,20261007T150037Z
ESP,Spain,2026-04,2024,2031,7,weo_internal_wedge,memo,,,,,-6.217248937900877e-15,6.217248937900877e-15,,,,,,,,,,,revision,"the WEO's own change in (GGR - GGX - GGXCNL)/NGDP since the base year. Enters the balance gap with a minus sign; reported, never absorbed",20261007T150037Z
FRA,France,2026-04,2024,2025,1,balance,balance,-5.667213924844169,-5.112581974700688,-0.5546319501434809,0.09443823793577533,0.6754504064075251,-0.5810121684717497,1.0234654815974384,-6.978838159716329,-4.355589689972009,-7.673169424017811,-3.661258425670527,True,True,0.541915638696289,-0.0010356917783991004,0.023356917787005764,revision,benchmark against the WEO's own GGXCNL/NGDP; weo_z is how many of the benchmark's own standard errors the WEO sits away from it,20261007T150037Z
FRA,France,2026-04,2024,2025,1,expenditure,expenditure,57.84592876206422,57.462733378365016,0.3831953836992028,-0.8898997620642228,-0.2046255214380608,-0.685274240626162,,,,,,,,,0.0002793642296982244,0.005649389226103357,revision,changes are signed so revenue and expenditure sum to the balance; the LEVEL gap carries the perimeter difference and the change does not,20261007T150037Z
FRA,France,2026-04,2024,2025,1,revenue,revenue,52.20986,52.35015140366433,-0.14029140366432813,0.984337999999998,0.8800759278455814,0.10426207215441663,,,,,,,,,-0.0007563275486979015,0.02182203459845169,revision,changes are signed so revenue and expenditure sum to the balance; the LEVEL gap carries the perimeter difference and the change does not,20261007T150037Z
FRA,France,2026-04,2024,2025,1,weo_internal_wedge,memo,,,,,-4.440892098500626e-15,4.440892098500626e-15,,,,,,,,,,,revision,"the WEO's own change in (GGR - GGX - GGXCNL)/NGDP since the base year. Enters the balance gap with a minus sign; reported, never absorbed",20261007T150037Z
FRA,France,2026-04,2024,2026,2,balance,balance,-5.814853947606921,-4.940651808399914,-0.8742021392070072,-0.05320178482697724,0.8473805727082988,-0.900582357535276,1.9141516942071684,-8.267938879621507,-3.361769015592336,-9.56652235879198,-2.0631855364218628,True,True,0.4567047334088624,-0.0010356917783991004,0.023356917787005764,revision,benchmark against the WEO's own GGXCNL/NGDP; weo_z is how many of the benchmark's own standard errors the WEO sits away from it,20261007T150037Z
FRA,France,2026-04,2024,2026,2,expenditure,expenditure,58.408443358314784,57.36351739672766,1.0449259615871256,-1.4524143583147928,-0.10540953980070356,-1.3470048185140893,,,,,,,,,0.0002793642296982244,0.005649389226103357,revision,changes are signed so revenue and expenditure sum to the balance; the LEVEL gap carries the perimeter difference and the change does not,20261007T150037Z
FRA,France,2026-04,2024,2026,2,revenue,revenue,52.624734573487814,52.422865588327745,0.20186898516006835,1.3992125734878154,0.9527901125089997,0.44642246097881566,,,,,,,,,-0.0007563275486979015,0.02182203459845169,revision,changes are signed so revenue and expenditure sum to the balance; the LEVEL gap carries the perimeter difference and the change does not,20261007T150037Z
FRA,France,2026-04,2024,2026,2,weo_internal_wedge,memo,,,,,-2.6645352591003757e-15,2.6645352591003757e-15,,,,,,,,,,,revision,"the WEO's own change in (GGR - GGX - GGXCNL)/NGDP since the base year. Enters the balance gap with a minus sign; reported, never absorbed",20261007T150037Z
FRA,France,2026-04,2024,2027,3,balance,balance,-5.913654370326201,-4.789140324436542,-1.1245140458896588,-0.15200220754625704,0.9988920566716706,-1.1508942642179276,2.186318265278739,-8.7155349158307,-3.1117738248217024,-10.19875946281498,-1.6285492778374229,True,True,0.5143414221745487,-0.0010356917783991004,0.023356917787005764,revision,benchmark against the WEO's own GGXCNL/NGDP; weo_z is how many of the benchmark's own standard errors the WEO sits away from it,20261007T150037Z
FRA,France,2026-04,2024,2027,3,expenditure,expenditure,58.61270460585622,57.40248052035393,1.2102240855022899,-1.6566756058562264,-0.14437266342697797,-1.5123029424292485,,,,,,,,,0.0002793642296982244,0.005649389226103357,revision,changes are signed so revenue and expenditure sum to the balance; the LEVEL gap carries the perimeter difference and the change does not,20261007T150037Z
FRA,France,2026-04,2024,2027,3,revenue,revenue,52.73019539830997,52.613340227956634,0.11685517035333248,1.5046733983099692,1.1432647521378883,0.3614086461720809,,,,,,,,,-0.0007563275486979015,0.02182203459845169,revision,changes are signed so revenue and expenditure sum to the balance; the LEVEL gap carries the perimeter difference and the change does not,20261007T150037Z
FRA,France,2026-04,2024,2027,3,weo_internal_wedge,memo,,,,,3.2039239705738964e-08,-3.2039239705738964e-08,,,,,,,,,,,revision,"the WEO's own change in (GGR - GGX - GGXCNL)/NGDP since the base year. Enters the balance gap with a minus sign; reported, never absorbed",20261007T150037Z
FRA,France,2026-04,2024,2028,4,balance,balance,-5.978487945204518,-4.2601641464421105,-1.7183237987624072,-0.2168357824245737,1.5278682346661023,-1.744704017090676,2.459146687435502,-9.13001230078086,-2.8269635896281753,-10.798326923297353,-1.1586489671116817,True,True,0.6987479874794883,-0.0010356917783991004,0.023356917787005764,revision,benchmark against the WEO's own GGXCNL/NGDP; weo_z is how many of the benchmark's own standard errors the WEO sits away from it,20261007T150037Z
FRA,France,2026-04,2024,2028,4,expenditure,expenditure,58.78349166509332,57.06282216509903,1.720669499994294,-1.8274626650933243,0.19528569182792666,-2.0227483569212508,,,,,,,,,0.0002793642296982244,0.005649389226103357,revision,changes are signed so revenue and expenditure sum to the balance; the LEVEL gap carries the perimeter difference and the change does not,20261007T150037Z
FRA,France,2026-04,2024,2028,4,revenue,revenue,52.836148882668745,52.80265798758131,0.03349089508743219,1.61062688266875,1.332582511762567,0.27804437090618306,,,,,,,,,-0.0007563275486979015,0.02182203459845169,revision,changes are signed so revenue and expenditure sum to the balance; the LEVEL gap carries the perimeter difference and the change does not,20261007T150037Z
FRA,France,2026-04,2024,2028,4,weo_internal_wedge,memo,,,,,-3.1075608752928474e-08,3.1075608752928474e-08,,,,,,,,,,,revision,"the WEO's own change in (GGR - GGX - GGXCNL)/NGDP since the base year. Enters the balance gap with a minus sign; reported, never absorbed",20261007T150037Z
FRA,France,2026-04,2024,2029,5,balance,balance,-6.0564594461544194,-3.808594666939159,-2.2478647792152606,-0.2948072833744755,1.979437714169054,-2.2742449975435295,2.740877845964274,-9.569036931405627,-2.543881960903212,-11.428481352641942,-0.6844375396668969,True,True,0.8201258522064615,-0.0010356917783991004,0.023356917787005764,revision,benchmark against the WEO's own GGXCNL/NGDP; weo_z is how many of the benchmark's own standard errors the WEO sits away from it,20261007T150037Z
FRA,France,2026-04,2024,2029,5,expenditure,expenditure,58.990354062263435,56.77614557484315,2.2142084874202865,-2.034325062263437,0.4819622820838063,-2.5162873443472433,,,,,,,,,0.0002793642296982244,0.005649389226103357,revision,changes are signed so revenue and expenditure sum to the balance; the LEVEL gap carries the perimeter difference and the change does not,20261007T150037Z
FRA,France,2026-04,2024,2029,5,revenue,revenue,52.965039778888965,52.96755087774675,-0.0025110988577878857,1.739517778888962,1.497475401928007,0.24204237696095499,,,,,,,,,-0.0007563275486979015,0.02182203459845169,revision,changes are signed so revenue and expenditure sum to the balance; the LEVEL gap carries the perimeter difference and the change does not,20261007T150037Z
FRA,France,2026-04,2024,2029,5,weo_internal_wedge,memo,,,,,-3.015724070465353e-08,3.015724070465353e-08,,,,,,,,,,,revision,"the WEO's own change in (GGR - GGX - GGXCNL)/NGDP since the base year. Enters the balance gap with a minus sign; reported, never absorbed",20261007T150037Z
FRA,France,2026-04,2024,2030,6,balance,balance,-6.251221813754432,-3.356042706153751,-2.895179107600681,-0.489569650974488,2.431989674954462,-2.92155932592895,2.9618212415259153,-10.046949749474452,-2.455493878034412,-12.056284821580531,-0.44615880592833257,True,True,0.9774996097026771,-0.0010356917783991004,0.023356917787005764,revision,benchmark against the WEO's own GGXCNL/NGDP; weo_z is how many of the benchmark's own standard errors the WEO sits away from it,20261007T150037Z
FRA,France,2026-04,2024,2030,6,expenditure,expenditure,59.29771788564491,56.433909686390926,2.863808199253981,-2.3416888856449045,0.8241981705360288,-3.1658870561809334,,,,,,,,,0.0002793642296982244,0.005649389226103357,revision,changes are signed so revenue and expenditure sum to the balance; the LEVEL gap carries the perimeter difference and the change does not,20261007T150037Z
FRA,France,2026-04,2024,2030,6,revenue,revenue,53.077641234670416,53.077866950954366,-0.00022571628394985055,1.8521192346704165,1.6077914751356204,0.24432775953479613,,,,,,,,,-0.0007563275486979015,0.02182203459845169,revision,changes are signed so revenue and expenditure sum to the balance; the LEVEL gap carries the perimeter difference and the change does not,20261007T150037Z
FRA,France,2026-04,2024,2030,6,weo_internal_wedge,memo,,,,,-2.9282812619157994e-08,2.9282812619157994e-08,,,,,,,,,,,revision,"the WEO's own change in (GGR - GGX - GGXCNL)/NGDP since the base year. Enters the balance gap with a minus sign; reported, never absorbed",20261007T150037Z
FRA,France,2026-04,2024,2031,7,balance,balance,-6.460121280069375,-2.8945474343571433,-3.5655738457122315,-0.6984691172894308,2.8934849467510695,-3.5919540640405003,3.2365818321004904,-10.607969200161422,-2.3122733599773273,-12.80370515404038,-0.11653740609836927,True,True,1.101647982556409,-0.0010356917783991004,0.023356917787005764,revision,benchmark against the WEO's own GGXCNL/NGDP; weo_z is how many of the benchmark's own standard errors the WEO sits away from it,20261007T150037Z
FRA,France,2026-04,2024,2031,7,expenditure,expenditure,59.6027906548926,56.08339775226645,3.5193929026261515,-2.646761654892604,1.1747101046605053,-3.821471759553109,,,,,,,,,0.0002793642296982244,0.005649389226103357,revision,changes are signed so revenue and expenditure sum to the balance; the LEVEL gap carries the perimeter difference and the change does not,20261007T150037Z
FRA,France,2026-04,2024,2031,7,revenue,revenue,53.173814537603164,53.188850346385465,-0.015035808782300819,1.9482925376031732,1.718774870566719,0.22951766703645426,,,,,,,,,-0.0007563275486979015,0.02182203459845169,revision,changes are signed so revenue and expenditure sum to the balance; the LEVEL gap carries the perimeter difference and the change does not,20261007T150037Z
FRA,France,2026-04,2024,2031,7,weo_internal_wedge,memo,,,,,2.8476154767531625e-08,-2.8476154767531625e-08,,,,,,,,,,,revision,"the WEO's own change in (GGR - GGX - GGXCNL)/NGDP since the base year. Enters the balance gap with a minus sign; reported, never absorbed",20261007T150037Z
GBR,United Kingdom,2026-04,2024,2025,1,balance,balance,-6.237004408575564,-5.377054533974232,-0.8599498746013321,-0.22736568845989957,0.6787859234431641,-0.9061516119030637,2.2016871140108742,-9.058580932910427,-3.4154278842407004,-10.552231891300774,-1.921776925850355,True,True,0.3905867773530898,0.016420248197042978,0.06073037323559855,"perimeter, unexplained",benchmark against the WEO's own GGXCNL/NGDP; weo_z is how many of the benchmark's own standard errors the WEO sits away from it,20261007T150037Z
GBR,United Kingdom,2026-04,2024,2025,1,expenditure,expenditure,46.9344626884599,43.644034736508395,3.290427951951507,-1.1322276884599007,0.038143475833130935,-1.1703711642930317,,,,,,,,,2.5709220468510647,0.2094735011454749,"perimeter, unexplained",changes are signed so revenue and expenditure sum to the balance; the LEVEL gap carries the perimeter difference and the change does not,20261007T150037Z
GBR,United Kingdom,2026-04,2024,2025,1,revenue,revenue,40.933504,38.266980202534164,2.6665237974658353,0.9048620000000012,0.6406424476100341,0.2642195523899671,,,,,,,,,2.5873422950481078,0.24389147754107557,"perimeter, unexplained",changes are signed so revenue and expenditure sum to the balance; the LEVEL gap carries the perimeter difference and the change does not,20261007T150037Z
GBR,United Kingdom,2026-04,2024,2025,1,weo_internal_wedge,memo,,,,,8.881784197001252e-16,-8.881784197001252e-16,,,,,,,,,,,"perimeter, unexplained","the WEO's own change in (GGR - GGX - GGXCNL)/NGDP since the base year. Enters the balance gap with a minus sign; reported, never absorbed",20261007T150037Z
GBR,United Kingdom,2026-04,2024,2026,2,balance,balance,-6.379693540868898,-3.9046809445275237,-2.475012596341374,-0.37005482075323304,2.1511595128898726,-2.5212143336431057,3.7490619720246414,-11.18431140924102,-1.5750756724967747,-13.727720039806202,0.968332958068407,True,True,0.6601684940952762,0.016420248197042978,0.06073037323559855,"perimeter, unexplained",benchmark against the WEO's own GGXCNL/NGDP; weo_z is how many of the benchmark's own standard errors the WEO sits away from it,20261007T150037Z
GBR,United Kingdom,2026-04,2024,2026,2,expenditure,expenditure,47.04425132887573,43.85594913789043,3.188302190985304,-1.2420163288757375,-0.17377092554890083,-1.0682454033268367,,,,,,,,,2.5709220468510647,0.2094735011454749,"perimeter, unexplained",changes are signed so revenue and expenditure sum to the balance; the LEVEL gap carries the perimeter difference and the change does not,20261007T150037Z
GBR,United Kingdom,2026-04,2024,2026,2,revenue,revenue,40.90060350812251,39.9512681933629,0.9493353147596082,0.8719615081225044,2.32493043843877,-1.4529689303162656,,,,,,,,,2.5873422950481078,0.24389147754107557,"perimeter, unexplained",changes are signed so revenue and expenditure sum to the balance; the LEVEL gap carries the perimeter difference and the change does not,20261007T150037Z
GBR,United Kingdom,2026-04,2024,2026,2,weo_internal_wedge,memo,,,,,-3.552713678800501e-15,3.552713678800501e-15,,,,,,,,,,,"perimeter, unexplained","the WEO's own change in (GGR - GGX - GGXCNL)/NGDP since the base year. Enters the balance gap with a minus sign; reported, never absorbed",20261007T150037Z
GBR,United Kingdom,2026-04,2024,2027,3,balance,balance,-6.421844524805763,-3.1210874179879533,-3.30075710681781,-0.4122058046900987,2.934753039429443,-3.3469588441195417,4.281911756784223,-11.909337100536098,-0.9343519490754293,-14.814237419279596,1.9705483696680695,True,True,0.770860609536878,0.016420248197042978,0.06073037323559855,"perimeter, unexplained",benchmark against the WEO's own GGXCNL/NGDP; weo_z is how many of the benchmark's own standard errors the WEO sits away from it,20261007T150037Z
GBR,United Kingdom,2026-04,2024,2027,3,expenditure,expenditure,47.1470625080517,44.05742534395364,3.0896371640980576,-1.3448275080517003,-0.3752471316121131,-0.9695803764395872,,,,,,,,,2.5709220468510647,0.2094735011454749,"perimeter, unexplained",changes are signed so revenue and expenditure sum to the balance; the LEVEL gap carries the perimeter difference and the change does not,20261007T150037Z
GBR,United Kingdom,2026-04,2024,2027,3,revenue,revenue,40.9612637033616,40.93633792596569,0.024925777395914395,0.9326217033616018,3.3100001710415583,-2.3773784676799563,,,,,,,,,2.5873422950481078,0.24389147754107557,"perimeter, unexplained",changes are signed so revenue and expenditure sum to the balance; the LEVEL gap carries the perimeter difference and the change does not,20261007T150037Z
GBR,United Kingdom,2026-04,2024,2027,3,weo_internal_wedge,memo,,,,,2.220446049250313e-15,-2.220446049250313e-15,,,,,,,,,,,"perimeter, unexplained","the WEO's own change in (GGR - GGX - GGXCNL)/NGDP since the base year. Enters the balance gap with a minus sign; reported, never absorbed",20261007T150037Z
GBR,United Kingdom,2026-04,2024,2028,4,balance,balance,-6.430644457336538,-2.624080654958984,-3.8065638023775534,-0.42100573722087287,3.431759802458412,-3.852765539679285,4.9197077404217335,-12.735505751489491,-0.12578316318358418,-16.073094519084478,3.2118056044114045,True,True,0.773737791597198,0.016420248197042978,0.06073037323559855,"perimeter, unexplained",benchmark against the WEO's own GGXCNL/NGDP; weo_z is how many of the benchmark's own standard errors the WEO sits away from it,20261007T150037Z
GBR,United Kingdom,2026-04,2024,2028,4,expenditure,expenditure,47.239875424591354,43.84323286709533,3.3966425574960226,-1.4376404245913526,-0.16105465475380498,-1.2765857698375476,,,,,,,,,2.5709220468510647,0.2094735011454749,"perimeter, unexplained",changes are signed so revenue and expenditure sum to the balance; the LEVEL gap carries the perimeter difference and the change does not,20261007T150037Z
GBR,United Kingdom,2026-04,2024,2028,4,revenue,revenue,41.04527668737048,41.21915221213635,-0.17387552476586876,1.0166346873704795,3.5928144572122207,-2.5761797698417412,,,,,,,,,2.5873422950481078,0.24389147754107557,"perimeter, unexplained",changes are signed so revenue and expenditure sum to the balance; the LEVEL gap carries the perimeter difference and the change does not,20261007T150037Z
GBR,United Kingdom,2026-04,2024,2028,4,weo_internal_wedge,memo,,,,,3.552713678800501e-15,-3.552713678800501e-15,,,,,,,,,,,"perimeter, unexplained","the WEO's own change in (GGR - GGX - GGXCNL)/NGDP since the base year. Enters the balance gap with a minus sign; reported, never absorbed",20261007T150037Z
GBR,United Kingdom,2026-04,2024,2029,5,balance,balance,-6.612949998143473,-1.9656731798995022,-4.647276818243971,-0.6033112780278085,4.090167277517894,-4.693478555545703,5.461746660965798,-13.612462354997515,0.38656235871056754,-17.317776830756642,4.091876834469697,True,True,0.8508774036440194,0.016420248197042978,0.06073037323559855,"perimeter, unexplained",benchmark against the WEO's own GGXCNL/NGDP; weo_z is how many of the benchmark's own standard errors the WEO sits away from it,20261007T150037Z
GBR,United Kingdom,2026-04,2024,2029,5,expenditure,expenditure,47.45843319548945,43.560639220762084,3.8977939747273638,-1.6561981954894478,0.12153899157944181,-1.7777371870688896,,,,,,,,,2.5709220468510647,0.2094735011454749,"perimeter, unexplained",changes are signed so revenue and expenditure sum to the balance; the LEVEL gap carries the perimeter difference and the change does not,20261007T150037Z
GBR,United Kingdom,2026-04,2024,2029,5,revenue,revenue,41.08152891746164,41.594966069612745,-0.5134371521511056,1.0528869174616395,3.9686283146886154,-2.915741397226976,,,,,,,,,2.5873422950481078,0.24389147754107557,"perimeter, unexplained",changes are signed so revenue and expenditure sum to the balance; the LEVEL gap carries the perimeter difference and the change does not,20261007T150037Z
GBR,United Kingdom,2026-04,2024,2029,5,weo_internal_wedge,memo,,,,,2.8750163139079632e-08,-2.8750163139079632e-08,,,,,,,,,,,"perimeter, unexplained","the WEO's own change in (GGR - GGX - GGXCNL)/NGDP since the base year. Enters the balance gap with a minus sign; reported, never absorbed",20261007T150037Z
GBR,United Kingdom,2026-04,2024,2030,6,balance,balance,-6.807269140291416,-1.7019267618390488,-5.105342378452367,-0.7976304201757509,4.353913695578347,-5.151544115754098,5.94352844428958,-14.424209905127615,0.8096716245447846,-18.456370924074996,4.841832643492166,True,True,0.8589750055554078,0.016420248197042978,0.06073037323559855,"perimeter, unexplained",benchmark against the WEO's own GGXCNL/NGDP; weo_z is how many of the benchmark's own standard errors the WEO sits away from it,20261007T150037Z
GBR,United Kingdom,2026-04,2024,2030,6,expenditure,expenditure,47.75799356568916,43.61070855667334,4.147285009015825,-1.9557585656891638,0.07146965566818864,-2.0272282213573525,,,,,,,,,2.5709220468510647,0.2094735011454749,"perimeter, unexplained",changes are signed so revenue and expenditure sum to the balance; the LEVEL gap carries the perimeter difference and the change does not,20261007T150037Z
GBR,United Kingdom,2026-04,2024,2030,6,revenue,revenue,41.186770145513414,41.90878179483429,-0.7220116493208764,1.1581281455134134,4.28244403991016,-3.124315894396747,,,,,,,,,2.5873422950481078,0.24389147754107557,"perimeter, unexplained",changes are signed so revenue and expenditure sum to the balance; the LEVEL gap carries the perimeter difference and the change does not,20261007T150037Z
GBR,United Kingdom,2026-04,2024,2030,6,weo_internal_wedge,memo,,,,,1.5543122344752192e-15,-1.5543122344752192e-15,,,,,,,,,,,"perimeter, unexplained","the WEO's own change in (GGR - GGX - GGXCNL)/NGDP since the base year. Enters the balance gap with a minus sign; reported, never absorbed",20261007T150037Z
GBR,United Kingdom,2026-04,2024,2031,7,balance,balance,-6.947271479735614,-1.6045654969271057,-5.342705982808508,-0.937632759619949,4.451274960490291,-5.3889077201102396,6.533398859330856,-15.320161854708791,1.4256188952375641,-19.752498041665156,5.857955082193929,True,True,0.8177529181733904,0.016420248197042978,0.06073037323559855,"perimeter, unexplained",benchmark against the WEO's own GGXCNL/NGDP; weo_z is how many of the benchmark's own standard errors the WEO sits away from it,20261007T150037Z
GBR,United Kingdom,2026-04,2024,2031,7,expenditure,expenditure,48.02073876226143,43.71631581335403,4.304422948907401,-2.2185037622614305,-0.03413760101250318,-2.1843661612489274,,,,,,,,,2.5709220468510647,0.2094735011454749,"perimeter, unexplained",changes are signed so revenue and expenditure sum to the balance; the LEVEL gap carries the perimeter difference and the change does not,20261007T150037Z
GBR,United Kingdom,2026-04,2024,2031,7,revenue,revenue,41.30951300264148,42.11175034338055,-0.8022373407390688,1.2808710026414811,4.48541258845642,-3.2045415858149386,,,,,,,,,2.5873422950481078,0.24389147754107557,"perimeter, unexplained",changes are signed so revenue and expenditure sum to the balance; the LEVEL gap carries the perimeter difference and the change does not,20261007T150037Z
GBR,United Kingdom,2026-04,2024,2031,7,weo_internal_wedge,memo,,,,,2.6953625997805375e-08,-2.6953625997805375e-08,,,,,,,,,,,"perimeter, unexplained","the WEO's own change in (GGR - GGX - GGXCNL)/NGDP since the base year. Enters the balance gap with a minus sign; reported, never absorbed",20261007T150037Z
ITA,Italy,2026-04,2024,2025,1,balance,balance,-2.8484513636734525,-3.112687102892807,0.2642357392193544,0.48906681638913385,0.23781068755610146,0.2512561288330324,3.304835517973502,-7.083769931403429,1.3868672040565246,-9.32581000482287,3.6289072774759643,True,True,-0.07995427844511353,0.0,0.0126351352038348,revision,benchmark against the WEO's own GGXCNL/NGDP; weo_z is how many of the benchmark's own standard errors the WEO sits away from it,20261007T150037Z
ITA,Italy,2026-04,2024,2025,1,expenditure,expenditure,50.76283318361087,51.05553511017697,-0.29270192656609595,-0.5883711836108669,-0.6564262874583093,0.0680551038474424,,,,,,,,,0.0,0.03420561464021576,revision,changes are signed so revenue and expenditure sum to the balance; the LEVEL gap carries the perimeter difference and the change does not,20261007T150037Z
ITA,Italy,2026-04,2024,2025,1,revenue,revenue,47.94378700000001,47.94284800728416,0.0009389927158451883,1.0774380000000006,0.8942369750144081,0.18320102498559243,,,,,,,,,0.0,0.04684074984405056,revision,changes are signed so revenue and expenditure sum to the balance; the LEVEL gap carries the perimeter difference and the change does not,20261007T150037Z
ITA,Italy,2026-04,2024,2025,1,weo_internal_wedge,memo,,,,,-2.6645352591003757e-15,2.6645352591003757e-15,,,,,,,,,,,revision,"the WEO's own change in (GGR - GGX - GGXCNL)/NGDP since the base year. Enters the balance gap with a minus sign; reported, never absorbed",20261007T150037Z
ITA,Italy,2026-04,2024,2026,2,balance,balance,-1.999050418341739,-2.8222770748611214,0.8232266565193824,1.3384677617208474,0.5282207155877869,0.8102470461330604,5.911391924608638,-9.574806562107788,5.5767057254243095,-13.585165780465383,9.587064943781906,True,True,-0.13926105171480133,0.0,0.0126351352038348,revision,benchmark against the WEO's own GGXCNL/NGDP; weo_z is how many of the benchmark's own standard errors the WEO sits away from it,20261007T150037Z
ITA,Italy,2026-04,2024,2026,2,expenditure,expenditure,49.93650668744283,50.6085116224963,-0.6720049350534723,0.23795531255716595,-0.2094027997776422,0.44735811233480816,,,,,,,,,0.0,0.03420561464021576,revision,changes are signed so revenue and expenditure sum to the balance; the LEVEL gap carries the perimeter difference and the change does not,20261007T150037Z
ITA,Italy,2026-04,2024,2026,2,revenue,revenue,47.96686144916369,47.786234547635175,0.18062690152851246,1.1005124491636815,0.7376235153654207,0.3628889337982608,,,,,,,,,0.0,0.04684074984405056,revision,changes are signed so revenue and expenditure sum to the balance; the LEVEL gap carries the perimeter difference and the change does not,20261007T150037Z
ITA,Italy,2026-04,2024,2026,2,weo_internal_wedge,memo,,,,,-8.43769498715119e-15,8.43769498715119e-15,,,,,,,,,,,revision,"the WEO's own change in (GGR - GGX - GGXCNL)/NGDP since the base year. Enters the balance gap with a minus sign; reported, never absorbed",20261007T150037Z
ITA,Italy,2026-04,2024,2027,3,balance,balance,-1.3042383665432282,-2.576997659113993,1.272759292570765,2.033279813519358,0.7735001313349152,1.2597796821844427,8.537166129302053,-12.245060693882532,9.636583960796077,-18.036776641994596,15.42829990890814,True,True,-0.14908451742578635,0.0,0.0126351352038348,revision,benchmark against the WEO's own GGXCNL/NGDP; weo_z is how many of the benchmark's own standard errors the WEO sits away from it,20261007T150037Z
ITA,Italy,2026-04,2024,2027,3,expenditure,expenditure,49.61828176842016,50.38330096749289,-0.7650191990727322,0.5561802315798356,0.015807855225766332,0.5403723763540693,,,,,,,,,0.0,0.03420561464021576,revision,changes are signed so revenue and expenditure sum to the balance; the LEVEL gap carries the perimeter difference and the change does not,20261007T150037Z
ITA,Italy,2026-04,2024,2027,3,revenue,revenue,48.34344858193952,47.8063033083789,0.5371452735606184,1.4770995819395225,0.7576922761091467,0.7194073058303758,,,,,,,,,0.0,0.04684074984405056,revision,changes are signed so revenue and expenditure sum to the balance; the LEVEL gap carries the perimeter difference and the change does not,20261007T150037Z
ITA,Italy,2026-04,2024,2027,3,weo_internal_wedge,memo,,,,,-2.220446049250313e-15,2.220446049250313e-15,,,,,,,,,,,revision,"the WEO's own change in (GGR - GGX - GGXCNL)/NGDP since the base year. Enters the balance gap with a minus sign; reported, never absorbed",20261007T150037Z
ITA,Italy,2026-04,2024,2028,4,balance,balance,-0.1339544166358666,-2.3830425875560457,2.249088170920179,3.20356376342672,0.9674552028928627,2.2361085605338573,12.841208247905955,-16.59063052915624,16.322721695884507,-25.302260299034614,25.03435146576288,True,True,-0.17514614882808577,0.0,0.0126351352038348,revision,benchmark against the WEO's own GGXCNL/NGDP; weo_z is how many of the benchmark's own standard errors the WEO sits away from it,20261007T150037Z
ITA,Italy,2026-04,2024,2028,4,expenditure,expenditure,48.872960426496746,50.12722078425856,-1.2542603577618152,1.3015015735032551,0.2718880384600979,1.0296135350431572,,,,,,,,,0.0,0.03420561464021576,revision,changes are signed so revenue and expenditure sum to the balance; the LEVEL gap carries the perimeter difference and the change does not,20261007T150037Z
ITA,Italy,2026-04,2024,2028,4,revenue,revenue,48.76841118992346,47.744178196702514,1.0242329932209486,1.9020621899234647,0.6955671644327595,1.2064950254907052,,,,,,,,,0.0,0.04684074984405056,revision,changes are signed so revenue and expenditure sum to the balance; the LEVEL gap carries the perimeter difference and the change does not,20261007T150037Z
ITA,Italy,2026-04,2024,2028,4,weo_internal_wedge,memo,,,,,-5.329070518200751e-15,5.329070518200751e-15,,,,,,,,,,,revision,"the WEO's own change in (GGR - GGX - GGXCNL)/NGDP since the base year. Enters the balance gap with a minus sign; reported, never absorbed",20261007T150037Z
ITA,Italy,2026-04,2024,2029,5,balance,balance,0.21215026032508177,-2.515257662888017,2.7274079232130988,3.549668440387668,0.8352401275608914,2.7144283128267768,19.68503027409002,-25.015239657495535,25.4395401781457,-38.36980041580149,38.794100936451656,True,True,-0.13855238652098942,0.0,0.0126351352038348,revision,benchmark against the WEO's own GGXCNL/NGDP; weo_z is how many of the benchmark's own standard errors the WEO sits away from it,20261007T150037Z
ITA,Italy,2026-04,2024,2029,5,expenditure,expenditure,48.76197774017725,50.21856209933353,-1.456584359156281,1.4124842598227523,0.18054672338512745,1.2319375364376248,,,,,,,,,0.0,0.03420561464021576,revision,changes are signed so revenue and expenditure sum to the balance; the LEVEL gap carries the perimeter difference and the change does not,20261007T150037Z
ITA,Italy,2026-04,2024,2029,5,revenue,revenue,49.003533180564915,47.70330443644552,1.3002287441193943,2.137184180564916,0.6546934041757666,1.4824907763891493,,,,,,,,,0.0,0.04684074984405056,revision,changes are signed so revenue and expenditure sum to the balance; the LEVEL gap carries the perimeter difference and the change does not,20261007T150037Z
ITA,Italy,2026-04,2024,2029,5,weo_internal_wedge,memo,,,,,2.6645352591003757e-15,-2.6645352591003757e-15,,,,,,,,,,,revision,"the WEO's own change in (GGR - GGX - GGXCNL)/NGDP since the base year. Enters the balance gap with a minus sign; reported, never absorbed",20261007T150037Z
ITA,Italy,2026-04,2024,2030,6,balance,balance,1.0313113029004084,-2.4892929505930144,3.5206042534934228,4.368829482962995,0.861204839855894,3.5076246431071008,28.852986782679483,-35.94529161441605,38.00791422021686,-55.519504083627204,57.582126689428016,True,True,-0.12201871092274058,0.0,0.0126351352038348,revision,benchmark against the WEO's own GGXCNL/NGDP; weo_z is how many of the benchmark's own standard errors the WEO sits away from it,20261007T150037Z
ITA,Italy,2026-04,2024,2030,6,expenditure,expenditure,48.13089892808303,50.137797188875005,-2.006898260791978,2.043563071916971,0.2613116338436541,1.7822514380733168,,,,,,,,,0.0,0.03420561464021576,revision,changes are signed so revenue and expenditure sum to the balance; the LEVEL gap carries the perimeter difference and the change does not,20261007T150037Z
ITA,Italy,2026-04,2024,2030,6,revenue,revenue,49.19161541104602,47.64850423828199,1.5431111727640356,2.325266411046024,0.5998932060122328,1.725373205033791,,,,,,,,,0.0,0.04684074984405056,revision,changes are signed so revenue and expenditure sum to the balance; the LEVEL gap carries the perimeter difference and the change does not,20261007T150037Z
ITA,Italy,2026-04,2024,2030,6,weo_internal_wedge,memo,,,,,-7.105427357601002e-15,7.105427357601002e-15,,,,,,,,,,,revision,"the WEO's own change in (GGR - GGX - GGXCNL)/NGDP since the base year. Enters the balance gap with a minus sign; reported, never absorbed",20261007T150037Z
ITA,Italy,2026-04,2024,2031,7,balance,balance,1.8655169821710502,-2.7120000603286347,4.577517042499685,5.203035162233636,0.6384977301202737,4.5645374321133625,43.22160921996618,-53.525222756895054,57.25625672123716,-82.84728111103075,86.57831507537284,True,True,-0.10590806601400451,0.0,0.0126351352038348,revision,benchmark against the WEO's own GGXCNL/NGDP; weo_z is how many of the benchmark's own standard errors the WEO sits away from it,20261007T150037Z
ITA,Italy,2026-04,2024,2031,7,expenditure,expenditure,47.6621815436775,50.27355768500025,-2.6113761413227508,2.512280456322506,0.12555113771841064,2.3867293186040954,,,,,,,,,0.0,0.03420561464021576,revision,changes are signed so revenue and expenditure sum to the balance; the LEVEL gap carries the perimeter difference and the change does not,20261007T150037Z
ITA,Italy,2026-04,2024,2031,7,revenue,revenue,49.557103705911125,47.561557624671615,1.9955460812395103,2.6907547059111305,0.5129465924018604,2.17780811350927,,,,,,,,,0.0,0.04684074984405056,revision,changes are signed so revenue and expenditure sum to the balance; the LEVEL gap carries the perimeter difference and the change does not,20261007T150037Z
ITA,Italy,2026-04,2024,2031,7,weo_internal_wedge,memo,,,,,-2.6645352591003757e-15,2.6645352591003757e-15,,,,,,,,,,,revision,"the WEO's own change in (GGR - GGX - GGXCNL)/NGDP since the base year. Enters the balance gap with a minus sign; reported, never absorbed",20261007T150037Z
