file,column,description
expenditure_cofog.csv,iso3,"Country (GBR, FRA, DEU)."
expenditure_cofog.csv,country,"Country name, for readability."
expenditure_cofog.csv,variant,"strict = official published sources only; maximum_extension = strict plus proxy, composite and partial-coverage legs, each with a declared residual assumption. maximum_extension always contains strict and equals it wherever both exist; it adds years at either end — a longer backward leg as well as a longer forecast. Pick one; never mix them in a series."
expenditure_cofog.csv,classification,"Which tree the line belongs to: COFOG (expenditure by function), ESA_EXP (expenditure by ESA economic type) or ESA_REV (revenue by ESA type). COFOG and ESA_EXP are two cuts of the same total expenditure — never add lines across them."
expenditure_cofog.csv,line_code,"Series code. COFOG: GF01-GF10 (Level I); Level II splits GF01_7 interest (remainder GF01_X), GF10_2 old age i.e. pensions and GF10_5 unemployment (remainder GF10_X), GF04_5 transport (remainder GF04_X); TE (total expenditure). ESA revenue: R01-R10 with the Level II splits R02_A excise duties (remainder R02_X) and R06_E employers' / R06_H households' actual social contributions (remainder R06_X, the imputed and supplementary part); TR (total revenue). ESA economic expenditure: E01 compensation of employees, E02 intermediate consumption, E03 social benefits in cash (D.62), E04 social transfers in kind purchased (D.632), E05 interest, E06 subsidies, E07 other current, E08 capital formation, E09 capital transfers, TE_ESA (their total). A remainder plus its Level II lines equals the parent exactly; remainders are never forecast."
expenditure_cofog.csv,line_label,Human-readable name of the line.
expenditure_cofog.csv,line_level,"1 = COFOG Level I / ESA line; 2 = COFOG Level II; derived = identity; total = TE, TE_ESA or TR."
expenditure_cofog.csv,year,Calendar year. Sources on a fiscal year are converted first (§7.10) and flagged in derivation.
expenditure_cofog.csv,basis,actual = outturn (or an outturn-based backward stitch); forecast = projection.
expenditure_cofog.csv,value_lcu_mn,"Value in millions of national currency, current prices, general government, consolidated."
expenditure_cofog.csv,currency,"GBP for GBR, EUR for FRA and DEU."
expenditure_cofog.csv,pct_gdp,value_lcu_mn as a percentage of that country-year's GDP (gdp_lcu_mn).
expenditure_cofog.csv,pct_total,"value_lcu_mn as a percentage of the same year's total (TE for COFOG lines, TE_ESA for ESA economic lines, TR for revenue lines)."
expenditure_cofog.csv,gdp_lcu_mn,"GDP at current market prices, same currency and year, from the country's registered GDP source."
expenditure_cofog.csv,observation_type,anchor_actual | derived_actual | level2_proxy_actual | stitched_actual | direct_forecast | proxy_forecast | composite_forecast.
expenditure_cofog.csv,quality_grade,A = the anchor's own published value; B = a conceptually equivalent official series; C = an official series covering only part of the line; D = a proxy with a declared residual assumption.
expenditure_cofog.csv,source_id,Publisher of the value (or of the growth applied).
expenditure_cofog.csv,anchor_source,Publisher of the anchor the chain runs from.
expenditure_cofog.csv,anchor_year,Year of that anchor.
expenditure_cofog.csv,anchor_value,"Value of that anchor, in value_lcu_mn units. It is itself a row of this file."
expenditure_cofog.csv,growth_source_id,Publisher of the growth factor applied (blank on anchor rows).
expenditure_cofog.csv,growth_rate,"Growth factor applied at this year. Reproduce the value as value(year) = value(neighbour) * growth_rate, where neighbour is year+1 when year < anchor_year and year-1 otherwise."
expenditure_cofog.csv,residual_method,Declared treatment of the part of the line the growth source does not cover (maximum_extension only).
expenditure_cofog.csv,coverage_share,"Measured share of the line the growth source covers, at coverage_share_year, on overlapping data. This is measured, not assumed."
expenditure_cofog.csv,crosswalk_version,Version of the source-to-line mapping used (files in crosswalks/).
expenditure_cofog.csv,derivation,Plain-language statement of the exact arithmetic behind the row.
expenditure_cofog.csv,notes,The concept caveat recorded with the observation at build time.
expenditure_esa.csv,iso3,"Country (GBR, FRA, DEU)."
expenditure_esa.csv,country,"Country name, for readability."
expenditure_esa.csv,variant,"strict = official published sources only; maximum_extension = strict plus proxy, composite and partial-coverage legs, each with a declared residual assumption. maximum_extension always contains strict and equals it wherever both exist; it adds years at either end — a longer backward leg as well as a longer forecast. Pick one; never mix them in a series."
expenditure_esa.csv,classification,"Which tree the line belongs to: COFOG (expenditure by function), ESA_EXP (expenditure by ESA economic type) or ESA_REV (revenue by ESA type). COFOG and ESA_EXP are two cuts of the same total expenditure — never add lines across them."
expenditure_esa.csv,line_code,"Series code. COFOG: GF01-GF10 (Level I); Level II splits GF01_7 interest (remainder GF01_X), GF10_2 old age i.e. pensions and GF10_5 unemployment (remainder GF10_X), GF04_5 transport (remainder GF04_X); TE (total expenditure). ESA revenue: R01-R10 with the Level II splits R02_A excise duties (remainder R02_X) and R06_E employers' / R06_H households' actual social contributions (remainder R06_X, the imputed and supplementary part); TR (total revenue). ESA economic expenditure: E01 compensation of employees, E02 intermediate consumption, E03 social benefits in cash (D.62), E04 social transfers in kind purchased (D.632), E05 interest, E06 subsidies, E07 other current, E08 capital formation, E09 capital transfers, TE_ESA (their total). A remainder plus its Level II lines equals the parent exactly; remainders are never forecast."
expenditure_esa.csv,line_label,Human-readable name of the line.
expenditure_esa.csv,line_level,"1 = COFOG Level I / ESA line; 2 = COFOG Level II; derived = identity; total = TE, TE_ESA or TR."
expenditure_esa.csv,year,Calendar year. Sources on a fiscal year are converted first (§7.10) and flagged in derivation.
expenditure_esa.csv,basis,actual = outturn (or an outturn-based backward stitch); forecast = projection.
expenditure_esa.csv,value_lcu_mn,"Value in millions of national currency, current prices, general government, consolidated."
expenditure_esa.csv,currency,"GBP for GBR, EUR for FRA and DEU."
expenditure_esa.csv,pct_gdp,value_lcu_mn as a percentage of that country-year's GDP (gdp_lcu_mn).
expenditure_esa.csv,pct_total,"value_lcu_mn as a percentage of the same year's total (TE for COFOG lines, TE_ESA for ESA economic lines, TR for revenue lines)."
expenditure_esa.csv,gdp_lcu_mn,"GDP at current market prices, same currency and year, from the country's registered GDP source."
expenditure_esa.csv,observation_type,anchor_actual | derived_actual | level2_proxy_actual | stitched_actual | direct_forecast | proxy_forecast | composite_forecast.
expenditure_esa.csv,quality_grade,A = the anchor's own published value; B = a conceptually equivalent official series; C = an official series covering only part of the line; D = a proxy with a declared residual assumption.
expenditure_esa.csv,source_id,Publisher of the value (or of the growth applied).
expenditure_esa.csv,anchor_source,Publisher of the anchor the chain runs from.
expenditure_esa.csv,anchor_year,Year of that anchor.
expenditure_esa.csv,anchor_value,"Value of that anchor, in value_lcu_mn units. It is itself a row of this file."
expenditure_esa.csv,growth_source_id,Publisher of the growth factor applied (blank on anchor rows).
expenditure_esa.csv,growth_rate,"Growth factor applied at this year. Reproduce the value as value(year) = value(neighbour) * growth_rate, where neighbour is year+1 when year < anchor_year and year-1 otherwise."
expenditure_esa.csv,residual_method,Declared treatment of the part of the line the growth source does not cover (maximum_extension only).
expenditure_esa.csv,coverage_share,"Measured share of the line the growth source covers, at coverage_share_year, on overlapping data. This is measured, not assumed."
expenditure_esa.csv,crosswalk_version,Version of the source-to-line mapping used (files in crosswalks/).
expenditure_esa.csv,derivation,Plain-language statement of the exact arithmetic behind the row.
expenditure_esa.csv,notes,The concept caveat recorded with the observation at build time.
revenue_esa.csv,iso3,"Country (GBR, FRA, DEU)."
revenue_esa.csv,country,"Country name, for readability."
revenue_esa.csv,variant,"strict = official published sources only; maximum_extension = strict plus proxy, composite and partial-coverage legs, each with a declared residual assumption. maximum_extension always contains strict and equals it wherever both exist; it adds years at either end — a longer backward leg as well as a longer forecast. Pick one; never mix them in a series."
revenue_esa.csv,classification,"Which tree the line belongs to: COFOG (expenditure by function), ESA_EXP (expenditure by ESA economic type) or ESA_REV (revenue by ESA type). COFOG and ESA_EXP are two cuts of the same total expenditure — never add lines across them."
revenue_esa.csv,line_code,"Series code. COFOG: GF01-GF10 (Level I); Level II splits GF01_7 interest (remainder GF01_X), GF10_2 old age i.e. pensions and GF10_5 unemployment (remainder GF10_X), GF04_5 transport (remainder GF04_X); TE (total expenditure). ESA revenue: R01-R10 with the Level II splits R02_A excise duties (remainder R02_X) and R06_E employers' / R06_H households' actual social contributions (remainder R06_X, the imputed and supplementary part); TR (total revenue). ESA economic expenditure: E01 compensation of employees, E02 intermediate consumption, E03 social benefits in cash (D.62), E04 social transfers in kind purchased (D.632), E05 interest, E06 subsidies, E07 other current, E08 capital formation, E09 capital transfers, TE_ESA (their total). A remainder plus its Level II lines equals the parent exactly; remainders are never forecast."
revenue_esa.csv,line_label,Human-readable name of the line.
revenue_esa.csv,line_level,"1 = COFOG Level I / ESA line; 2 = COFOG Level II; derived = identity; total = TE, TE_ESA or TR."
revenue_esa.csv,year,Calendar year. Sources on a fiscal year are converted first (§7.10) and flagged in derivation.
revenue_esa.csv,basis,actual = outturn (or an outturn-based backward stitch); forecast = projection.
revenue_esa.csv,value_lcu_mn,"Value in millions of national currency, current prices, general government, consolidated."
revenue_esa.csv,currency,"GBP for GBR, EUR for FRA and DEU."
revenue_esa.csv,pct_gdp,value_lcu_mn as a percentage of that country-year's GDP (gdp_lcu_mn).
revenue_esa.csv,pct_total,"value_lcu_mn as a percentage of the same year's total (TE for COFOG lines, TE_ESA for ESA economic lines, TR for revenue lines)."
revenue_esa.csv,gdp_lcu_mn,"GDP at current market prices, same currency and year, from the country's registered GDP source."
revenue_esa.csv,observation_type,anchor_actual | derived_actual | level2_proxy_actual | stitched_actual | direct_forecast | proxy_forecast | composite_forecast.
revenue_esa.csv,quality_grade,A = the anchor's own published value; B = a conceptually equivalent official series; C = an official series covering only part of the line; D = a proxy with a declared residual assumption.
revenue_esa.csv,source_id,Publisher of the value (or of the growth applied).
revenue_esa.csv,anchor_source,Publisher of the anchor the chain runs from.
revenue_esa.csv,anchor_year,Year of that anchor.
revenue_esa.csv,anchor_value,"Value of that anchor, in value_lcu_mn units. It is itself a row of this file."
revenue_esa.csv,growth_source_id,Publisher of the growth factor applied (blank on anchor rows).
revenue_esa.csv,growth_rate,"Growth factor applied at this year. Reproduce the value as value(year) = value(neighbour) * growth_rate, where neighbour is year+1 when year < anchor_year and year-1 otherwise."
revenue_esa.csv,residual_method,Declared treatment of the part of the line the growth source does not cover (maximum_extension only).
revenue_esa.csv,coverage_share,"Measured share of the line the growth source covers, at coverage_share_year, on overlapping data. This is measured, not assumed."
revenue_esa.csv,crosswalk_version,Version of the source-to-line mapping used (files in crosswalks/).
revenue_esa.csv,derivation,Plain-language statement of the exact arithmetic behind the row.
revenue_esa.csv,notes,The concept caveat recorded with the observation at build time.
balance_ledger.csv,iso3,"Country (GBR, FRA, DEU)."
balance_ledger.csv,country,"Country name, for readability."
balance_ledger.csv,variant,"strict = official published sources only; maximum_extension = strict plus proxy, composite and partial-coverage legs, each with a declared residual assumption. maximum_extension always contains strict and equals it wherever both exist; it adds years at either end — a longer backward leg as well as a longer forecast. Pick one; never mix them in a series."
balance_ledger.csv,year,Calendar year. Sources on a fiscal year are converted first (§7.10) and flagged in derivation.
balance_ledger.csv,basis,actual = outturn (or an outturn-based backward stitch); forecast = projection.
balance_ledger.csv,currency,"GBP for GBR, EUR for FRA and DEU."
balance_ledger.csv,tr_lcu_mn,"Total revenue, as published by the balance anchor."
balance_ledger.csv,te_lcu_mn,"Total expenditure, as published by the balance anchor."
balance_ledger.csv,nlb_lcu_mn,Net lending (+) / net borrowing (-) = TR - TE (ESA B.9).
balance_ledger.csv,ni_lcu_mn,"Net interest = GF01_7 (interest payable) - R07 (interest receivable), from the two trees."
balance_ledger.csv,pb_lcu_mn,Primary balance = NLB + NI.
balance_ledger.csv,b9_anchor_lcu_mn,"The anchor's own published B.9, for cross-check against nlb_lcu_mn."
balance_ledger.csv,gdp_lcu_mn,GDP at current market prices.
balance_ledger.csv,tr_pct_gdp,TR as a percentage of GDP.
balance_ledger.csv,te_pct_gdp,TE as a percentage of GDP.
balance_ledger.csv,nlb_pct_gdp,NLB as a percentage of GDP.
balance_ledger.csv,ni_pct_gdp,NI as a percentage of GDP.
balance_ledger.csv,pb_pct_gdp,PB as a percentage of GDP.
balance_ledger.csv,identity_check_lcu_mn,TR - TE - NLB. Zero by construction; published so the identity is checkable.
balance_ledger.csv,complete_both_sides,"True when both interest legs exist, so NI and PB are defined."
balance_ledger.csv,source_id,"Publisher of TR, TE and B.9."
balance_ledger.csv,derivation,Plain-language statement of the exact arithmetic behind the row.
weo_levels_bridge.csv,iso3,"Country (GBR, FRA, DEU)."
weo_levels_bridge.csv,country,"Country name, for readability."
weo_levels_bridge.csv,year,Calendar year. Sources on a fiscal year are converted first (§7.10) and flagged in derivation.
weo_levels_bridge.csv,block,"history = overlap years, our ledger vs the WEO aggregates (§8.2); forecast_horizon = the net-interest cross-check at projection horizons (§8.4)."
weo_levels_bridge.csv,variant,both on history rows (the ledger is variant-independent over history); strict / maximum_extension on forecast rows.
weo_levels_bridge.csv,weo_vintage,WEO edition the comparison uses (e.g. 2026-04).
weo_levels_bridge.csv,base_year,Last year the WEO reports as an outturn for that country and vintage — the year the forecast decomposition starts from.
weo_levels_bridge.csv,is_base_year,True on that base year.
weo_levels_bridge.csv,tr_ours_mn,Our total revenue.
weo_levels_bridge.csv,tr_weo_mn,"WEO general-government revenue, GGR."
weo_levels_bridge.csv,gap_tr_mn,tr_ours_mn - tr_weo_mn.
weo_levels_bridge.csv,te_ours_mn,Our total expenditure.
weo_levels_bridge.csv,te_weo_mn,"WEO general-government expenditure, GGX."
weo_levels_bridge.csv,gap_te_mn,te_ours_mn - te_weo_mn.
weo_levels_bridge.csv,nlb_ours_mn,Our net lending/borrowing.
weo_levels_bridge.csv,nlb_weo_mn,"WEO net lending/borrowing, GGXCNL."
weo_levels_bridge.csv,gap_nlb_mn,nlb_ours_mn - nlb_weo_mn.
weo_levels_bridge.csv,ni_ours_mn,Our net interest (GF01_7 - R07); blank where a leg has no value at that horizon.
weo_levels_bridge.csv,ni_weo_mn,"WEO net interest, GGXCNL - GGXONLB."
weo_levels_bridge.csv,gap_ni_mn,ni_ours_mn - ni_weo_mn.
weo_levels_bridge.csv,gdp_ours_mn,GDP from the country's registered source.
weo_levels_bridge.csv,gdp_weo_mn,"WEO nominal GDP, NGDP."
weo_levels_bridge.csv,gap_gdp_mn,gdp_ours_mn - gdp_weo_mn.
weo_levels_bridge.csv,gap_tr_pct_te,gap_tr_mn as a percentage of our TE.
weo_levels_bridge.csv,gap_te_pct_te,gap_te_mn as a percentage of our TE.
weo_levels_bridge.csv,gap_nlb_pct_te,gap_nlb_mn as a percentage of our TE.
weo_levels_bridge.csv,gap_gdp_pct_gdp,gap_gdp_mn as a percentage of our GDP.
weo_levels_bridge.csv,gf01_7_mn,Interest payable behind ni_ours_mn (forecast rows).
weo_levels_bridge.csv,r07_mn,Interest receivable behind ni_ours_mn (forecast rows).
weo_levels_bridge.csv,gap_classification,"perimeter = a stable definitional difference; revision = a vintage difference; unexplained = neither, and flagged for review."
weo_levels_bridge.csv,derivation,Plain-language statement of the exact arithmetic behind the row.
weo_levels_bridge.csv,notes,The concept caveat recorded with the observation at build time.
weo_reconciliation.csv,iso3,"Country (GBR, FRA, DEU)."
weo_reconciliation.csv,country,"Country name, for readability."
weo_reconciliation.csv,variant,"strict = official published sources only; maximum_extension = strict plus proxy, composite and partial-coverage legs, each with a declared residual assumption. maximum_extension always contains strict and equals it wherever both exist; it adds years at either end — a longer backward leg as well as a longer forecast. Pick one; never mix them in a series."
weo_reconciliation.csv,year,Calendar year. Sources on a fiscal year are converted first (§7.10) and flagged in derivation.
weo_reconciliation.csv,line_code,"Series code. COFOG: GF01-GF10 (Level I); Level II splits GF01_7 interest (remainder GF01_X), GF10_2 old age i.e. pensions and GF10_5 unemployment (remainder GF10_X), GF04_5 transport (remainder GF04_X); TE (total expenditure). ESA revenue: R01-R10 with the Level II splits R02_A excise duties (remainder R02_X) and R06_E employers' / R06_H households' actual social contributions (remainder R06_X, the imputed and supplementary part); TR (total revenue). ESA economic expenditure: E01 compensation of employees, E02 intermediate consumption, E03 social benefits in cash (D.62), E04 social transfers in kind purchased (D.632), E05 interest, E06 subsidies, E07 other current, E08 capital formation, E09 capital transfers, TE_ESA (their total). A remainder plus its Level II lines equals the parent exactly; remainders are never forecast."
weo_reconciliation.csv,notes,The concept caveat recorded with the observation at build time.
weo_reconciliation.csv,block,history = year-on-year decomposition of our own realised change in NLB/GDP; forecast = decomposition of the WEO's projected change from base_year to year.
weo_reconciliation.csv,weo_vintage,WEO edition (forecast rows only).
weo_reconciliation.csv,base_year,Year the change is measured from (previous year on history rows; the WEO base year on forecast rows).
weo_reconciliation.csv,side,revenue | expenditure | balance | total | memo.
weo_reconciliation.csv,component,"What the row is: covered_line for a published line, or one of the reconciliation components named in component_meaning."
weo_reconciliation.csv,contribution_pp,"Contribution in percentage points of GDP, signed so that contributions sum to the change in NLB/GDP. Units differ for explained_share and the growth components — see measure."
weo_reconciliation.csv,measure,Unit of contribution_pp on that row.
weo_reconciliation.csv,component_meaning,Plain-language meaning of component.
series_catalogue.csv,iso3,"Country (GBR, FRA, DEU)."
series_catalogue.csv,country,"Country name, for readability."
series_catalogue.csv,line_code,"Series code. COFOG: GF01-GF10 (Level I); Level II splits GF01_7 interest (remainder GF01_X), GF10_2 old age i.e. pensions and GF10_5 unemployment (remainder GF10_X), GF04_5 transport (remainder GF04_X); TE (total expenditure). ESA revenue: R01-R10 with the Level II splits R02_A excise duties (remainder R02_X) and R06_E employers' / R06_H households' actual social contributions (remainder R06_X, the imputed and supplementary part); TR (total revenue). ESA economic expenditure: E01 compensation of employees, E02 intermediate consumption, E03 social benefits in cash (D.62), E04 social transfers in kind purchased (D.632), E05 interest, E06 subsidies, E07 other current, E08 capital formation, E09 capital transfers, TE_ESA (their total). A remainder plus its Level II lines equals the parent exactly; remainders are never forecast."
series_catalogue.csv,line_label,Human-readable name of the line.
series_catalogue.csv,line_level,"1 = COFOG Level I / ESA line; 2 = COFOG Level II; derived = identity; total = TE, TE_ESA or TR."
series_catalogue.csv,currency,"GBP for GBR, EUR for FRA and DEU."
series_catalogue.csv,classification,"Which tree the line belongs to: COFOG (expenditure by function), ESA_EXP (expenditure by ESA economic type) or ESA_REV (revenue by ESA type). COFOG and ESA_EXP are two cuts of the same total expenditure — never add lines across them."
series_catalogue.csv,first_year,First year published for the series.
series_catalogue.csv,final_actual_year,Last outturn year.
series_catalogue.csv,final_strict_year,Last year of the strict variant.
series_catalogue.csv,final_maximum_year,Last year of the maximum_extension variant.
series_catalogue.csv,n_observations_strict,Row count of the strict variant.
series_catalogue.csv,n_observations_maximum,Row count of the maximum_extension variant.
series_catalogue.csv,grades,Distinct quality grades appearing in the series.
series_catalogue.csv,sources,Every source_id appearing in the series.
series_catalogue.csv,recipe_strict,"Ordered construction segments of the strict variant: year span, how the segment was made, source, grade."
series_catalogue.csv,recipe_maximum_extension,The same for maximum_extension.
series_catalogue.csv,stitch_count,Number of stitch boundaries in the series.
series_catalogue.csv,principal_sources,Sources named in the coverage matrix.
series_catalogue.csv,residual_method,Residual assumption where the series carries one.
series_catalogue.csv,reason_series_ends,Why the series stops where it does.
series_catalogue.csv,forecast_status,Recorded status when no strict forecast exists.
series_catalogue.csv,forecast_note,"Why, in words."
statistical_forecasts.csv,iso3,"Country (GBR, FRA, DEU)."
statistical_forecasts.csv,country,"Country name, for readability."
statistical_forecasts.csv,line_code,"Series code. COFOG: GF01-GF10 (Level I); Level II splits GF01_7 interest (remainder GF01_X), GF10_2 old age i.e. pensions and GF10_5 unemployment (remainder GF10_X), GF04_5 transport (remainder GF04_X); TE (total expenditure). ESA revenue: R01-R10 with the Level II splits R02_A excise duties (remainder R02_X) and R06_E employers' / R06_H households' actual social contributions (remainder R06_X, the imputed and supplementary part); TR (total revenue). ESA economic expenditure: E01 compensation of employees, E02 intermediate consumption, E03 social benefits in cash (D.62), E04 social transfers in kind purchased (D.632), E05 interest, E06 subsidies, E07 other current, E08 capital formation, E09 capital transfers, TE_ESA (their total). A remainder plus its Level II lines equals the parent exactly; remainders are never forecast."
statistical_forecasts.csv,line_label,Human-readable name of the line.
statistical_forecasts.csv,year,Calendar year. Sources on a fiscal year are converted first (§7.10) and flagged in derivation.
statistical_forecasts.csv,classification,"Which tree the line belongs to: COFOG (expenditure by function), ESA_EXP (expenditure by ESA economic type) or ESA_REV (revenue by ESA type). COFOG and ESA_EXP are two cuts of the same total expenditure — never add lines across them."
statistical_forecasts.csv,method,auto.arima | ets | prophet | uc | combination. The first four are standard univariate methods fitted to the line's own history; combination is their mean.
statistical_forecasts.csv,pct_gdp,"Point forecast, as a percentage of GDP."
statistical_forecasts.csv,se,"Standard error of the point forecast, from the method itself. For combination it carries both the average within-model variance and the variance across the four point forecasts."
statistical_forecasts.csv,lo80,pct_gdp - 1.2816 * se.
statistical_forecasts.csv,hi80,pct_gdp + 1.2816 * se.
statistical_forecasts.csv,lo95,pct_gdp - 1.9600 * se.
statistical_forecasts.csv,hi95,pct_gdp + 1.9600 * se.
statistical_forecasts.csv,model,"The specification the method selected, e.g. ARIMA(0, 1, 2)+drift or ETS(A,Ad,N)."
statistical_forecasts.csv,fit_first_year,First year of the estimation sample.
statistical_forecasts.csv,fit_last_year,"Last year of the estimation sample — the last OUTTURN, never the last official forecast, so a line's official projection can be read against the model on the same axes."
statistical_forecasts.csv,n_obs,Number of outturn observations fitted.
statistical_forecasts.csv,run_id,Run that produced the forecasts.
forecast_levels.csv,iso3,"Country (GBR, FRA, DEU)."
forecast_levels.csv,country,"Country name, for readability."
forecast_levels.csv,line_code,"Series code. COFOG: GF01-GF10 (Level I); Level II splits GF01_7 interest (remainder GF01_X), GF10_2 old age i.e. pensions and GF10_5 unemployment (remainder GF10_X), GF04_5 transport (remainder GF04_X); TE (total expenditure). ESA revenue: R01-R10 with the Level II splits R02_A excise duties (remainder R02_X) and R06_E employers' / R06_H households' actual social contributions (remainder R06_X, the imputed and supplementary part); TR (total revenue). ESA economic expenditure: E01 compensation of employees, E02 intermediate consumption, E03 social benefits in cash (D.62), E04 social transfers in kind purchased (D.632), E05 interest, E06 subsidies, E07 other current, E08 capital formation, E09 capital transfers, TE_ESA (their total). A remainder plus its Level II lines equals the parent exactly; remainders are never forecast."
forecast_levels.csv,line_label,Human-readable name of the line.
forecast_levels.csv,year,Calendar year. Sources on a fiscal year are converted first (§7.10) and flagged in derivation.
forecast_levels.csv,currency,"GBP for GBR, EUR for FRA and DEU."
forecast_levels.csv,notes,The concept caveat recorded with the observation at build time.
forecast_levels.csv,classification,COFOG or ESA_REV.
forecast_levels.csv,method,"auto.arima | ets | prophet | uc | combination — the same five as statistical_forecasts.csv, of which this file is the currency twin."
forecast_levels.csv,pct_gdp,"The forecast share of GDP, copied unchanged from statistical_forecasts.csv."
forecast_levels.csv,gdp_lcu_mn,"Nominal GDP on the path named by gdp_basis, millions of national currency."
forecast_levels.csv,value_lcu_mn,pct_gdp / 100 * gdp_lcu_mn.
forecast_levels.csv,lo80_lcu_mn,"lo80 / 100 * gdp_lcu_mn. The GDP path is taken as given, so this is the RATIO's interval in currency and carries no uncertainty about GDP itself."
forecast_levels.csv,hi80_lcu_mn,"hi80 / 100 * gdp_lcu_mn, on the same footing."
forecast_levels.csv,lo95_lcu_mn,"lo95 / 100 * gdp_lcu_mn, on the same footing."
forecast_levels.csv,hi95_lcu_mn,"hi95 / 100 * gdp_lcu_mn, on the same footing."
forecast_levels.csv,gdp_basis,"How the GDP path was built. anchored_outturn_chained_on_weo_ngdp = the tree's own outturn GDP to gdp_anchor_year, then chained on the growth of the named WEO series — never the WEO level itself, which sits up to 1% off our anchor and would step every forecast level at the join."
forecast_levels.csv,gdp_anchor_year,"Last year every line's GDP denominator agrees; the year the chain starts from. At the last outturn the denominator forks by source, so the anchor is a year earlier."
forecast_levels.csv,gdp_anchor_lcu_mn,GDP at gdp_anchor_year.
forecast_levels.csv,gdp_growth_source,Source of the growth rates after the anchor.
forecast_levels.csv,gdp_growth_vintage,That source's vintage.
forecast_levels.csv,run_id,Run that produced the levels.
benchmark_balance.csv,iso3,"Country (GBR, FRA, DEU)."
benchmark_balance.csv,country,"Country name, for readability."
benchmark_balance.csv,year,Calendar year. Sources on a fiscal year are converted first (§7.10) and flagged in derivation.
benchmark_balance.csv,line_code,"Series code. COFOG: GF01-GF10 (Level I); Level II splits GF01_7 interest (remainder GF01_X), GF10_2 old age i.e. pensions and GF10_5 unemployment (remainder GF10_X), GF04_5 transport (remainder GF04_X); TE (total expenditure). ESA revenue: R01-R10 with the Level II splits R02_A excise duties (remainder R02_X) and R06_E employers' / R06_H households' actual social contributions (remainder R06_X, the imputed and supplementary part); TR (total revenue). ESA economic expenditure: E01 compensation of employees, E02 intermediate consumption, E03 social benefits in cash (D.62), E04 social transfers in kind purchased (D.632), E05 interest, E06 subsidies, E07 other current, E08 capital formation, E09 capital transfers, TE_ESA (their total). A remainder plus its Level II lines equals the parent exactly; remainders are never forecast."
benchmark_balance.csv,line_label,Human-readable name of the line.
benchmark_balance.csv,notes,The concept caveat recorded with the observation at build time.
benchmark_balance.csv,base_year,"Year the path starts from: the latest year in which EVERY line has an outturn, which the expenditure tree sets a year before the revenue tree."
benchmark_balance.csv,horizon,year - base_year.
benchmark_balance.csv,kind,line = one granular line; expenditure_total / revenue_total = the sum of that side's lines; balance = the benchmark NLB/GDP path itself.
benchmark_balance.csv,side,revenue | expenditure | balance.
benchmark_balance.csv,anchor_year,Last outturn year of that line (base_year on the aggregate rows).
benchmark_balance.csv,anchor_pct_gdp,"The line's value at base_year; on a balance row, the ledger's own NLB/GDP at base_year."
benchmark_balance.csv,pct_gdp,"Level at year, as a percentage of GDP."
benchmark_balance.csv,contribution_pp,"Change since base_year in percentage points of GDP, signed so the line rows sum to the balance row's own change: positive for revenue, negative for expenditure."
benchmark_balance.csv,se,"Standard error. On a line row, the line's own published standard error, zero where the path is an official projection or still an outturn. On a balance row, those propagated under rho_within and rho_between."
benchmark_balance.csv,lo80,pct_gdp - 1.2816 * se (balance rows).
benchmark_balance.csv,hi80,pct_gdp + 1.2816 * se (balance rows).
benchmark_balance.csv,lo95,pct_gdp - 1.9600 * se (balance rows).
benchmark_balance.csv,hi95,pct_gdp + 1.9600 * se (balance rows).
benchmark_balance.csv,source,"outturn | official | statistical on a line row; benchmark on a balance row. An official projection is used only where it covers the whole horizon, so this need not match the source the chartbook panel shows for the same line."
benchmark_balance.csv,source_runs_to,Last year that line's chosen source reaches.
benchmark_balance.csv,rho_within,"Average pairwise correlation of the lines' h-year changes in ratio within a side, estimated from the outturn history."
benchmark_balance.csv,rho_between,"The same across the two sides. It enters the balance variance with a minus sign, so a positive value narrows the interval."
benchmark_balance.csv,n_corr_obs,Overlapping h-year changes behind those estimates.
benchmark_balance.csv,history_sd_pp,"Standard deviation of h-year moves in the ledger's own NLB/GDP over the whole outturn record. A calibration reference, not an interval, and never used to build one."
benchmark_balance.csv,n_history_obs,Overlapping h-year moves behind history_sd_pp.
benchmark_balance.csv,n_official,"Lines on an official path, which contribute no variance to the interval."
benchmark_balance.csv,n_statistical,Lines on a statistical path.
benchmark_balance.csv,run_id,Run that produced the balance.
benchmark_vs_weo.csv,iso3,"Country (GBR, FRA, DEU)."
benchmark_vs_weo.csv,country,"Country name, for readability."
benchmark_vs_weo.csv,year,Calendar year. Sources on a fiscal year are converted first (§7.10) and flagged in derivation.
benchmark_vs_weo.csv,notes,The concept caveat recorded with the observation at build time.
benchmark_vs_weo.csv,weo_vintage,WEO edition compared against.
benchmark_vs_weo.csv,base_year,Year the changes are measured from — the benchmark balance's own base.
benchmark_vs_weo.csv,horizon,year - base_year.
benchmark_vs_weo.csv,kind,balance | revenue | expenditure | weo_internal_wedge.
benchmark_vs_weo.csv,side,balance | revenue | expenditure | memo.
benchmark_vs_weo.csv,ours_pct_gdp,Our benchmark level as a percentage of GDP.
benchmark_vs_weo.csv,weo_pct_gdp,"The WEO's own GGXCNL, GGR or GGX over its NGDP."
benchmark_vs_weo.csv,level_gap_pp,"ours_pct_gdp - weo_pct_gdp. On a side row this carries the perimeter difference; compare changes, not levels, where perimeter_gap_pp is large."
benchmark_vs_weo.csv,ours_change_pp,"Our change since base_year, signed so revenue and expenditure sum to the change in the balance."
benchmark_vs_weo.csv,weo_change_pp,"The WEO's change since base_year, signed the same way. On the wedge row, the WEO's own change in (GGR - GGX - GGXCNL)/NGDP."
benchmark_vs_weo.csv,change_gap_pp,"ours_change_pp - weo_change_pp, and -wedge on the wedge row, so revenue + expenditure + wedge equal the balance row exactly."
benchmark_vs_weo.csv,se,The benchmark balance's standard error (balance rows).
benchmark_vs_weo.csv,lo80,Benchmark 80% lower bound.
benchmark_vs_weo.csv,hi80,Benchmark 80% upper bound.
benchmark_vs_weo.csv,lo95,Benchmark 95% lower bound.
benchmark_vs_weo.csv,hi95,Benchmark 95% upper bound.
benchmark_vs_weo.csv,weo_inside_80,Whether the WEO's projection falls inside the benchmark's 80% interval that year.
benchmark_vs_weo.csv,weo_inside_95,The same for the 95% interval.
benchmark_vs_weo.csv,weo_z,"How many of the benchmark's own standard errors the WEO sits away from it, signed: positive means the WEO is the smaller deficit."
benchmark_vs_weo.csv,perimeter_gap_pp,"Base-year difference between our total and the WEO's on that side, in pp of GDP. Large on the UK's two sides, and it cancels in the balance."
benchmark_vs_weo.csv,perimeter_gap_sd_pp,Standard deviation of that gap over the last ten overlap years — how safe it is to treat it as cancelling in a change.
benchmark_vs_weo.csv,perimeter_classification,"How §8.2 classified the history gap: perimeter, revision or unexplained."
benchmark_vs_weo.csv,run_id,Run that produced the comparison.
data_dictionary.csv,file,Flat file the column belongs to.
data_dictionary.csv,column,"Name of the column, as it appears in that file's header."
data_dictionary.csv,description,What the column holds.
strict_GBR.csv,year,Calendar year. One row per year from the country's first published year to the last year any strict series reaches.
strict_GBR.csv,GDP - Gross domestic product at current market prices,"Gross domestic product at current market prices, from the country's registered GDP source. Divide by it for ratios."
strict_GBR.csv,GF01 - General public services,"General public services (GF01), strict variant, millions of national currency."
strict_GBR.csv,GF01_7 - Public debt transactions (interest),"Public debt transactions (interest) (GF01_7), strict variant, millions of national currency."
strict_GBR.csv,GF01_X - General public services excluding interest,"General public services excluding interest (GF01_X): the identity GF01 - GF01_7, never forecast (D10)."
strict_GBR.csv,GF02 - Defence,"Defence (GF02), strict variant, millions of national currency."
strict_GBR.csv,GF03 - Public order and safety,"Public order and safety (GF03), strict variant, millions of national currency."
strict_GBR.csv,GF04 - Economic affairs,"Economic affairs (GF04), strict variant, millions of national currency."
strict_GBR.csv,GF04_5 - Transport,Transport (GF04_5): COFOG group 04.5 from the anchor's own Level II table.
strict_GBR.csv,GF04_X - Economic affairs excluding transport,"Economic affairs excluding transport (GF04_X): the identity GF04 - GF04_5, never forecast."
strict_GBR.csv,GF05 - Environmental protection,"Environmental protection (GF05), strict variant, millions of national currency."
strict_GBR.csv,GF06 - Housing and community amenities,"Housing and community amenities (GF06), strict variant, millions of national currency."
strict_GBR.csv,GF07 - Health,"Health (GF07), strict variant, millions of national currency."
strict_GBR.csv,GF08 - Recreation culture and religion,"Recreation culture and religion (GF08), strict variant, millions of national currency."
strict_GBR.csv,GF09 - Education,"Education (GF09), strict variant, millions of national currency."
strict_GBR.csv,GF10 - Social protection,"Social protection (GF10), strict variant, millions of national currency."
strict_GBR.csv,GF10_2 - Old age (pensions),Old age (GF10_2): COFOG group 10.2 from the anchor's own Level II table — the pensions line (old-age cash benefits plus the administration and in-kind services of the function).
strict_GBR.csv,GF10_5 - Unemployment,"Unemployment (GF10_5): COFOG group 10.5 from the anchor's own Level II table — unemployment benefits and services. Note the UK books Universal Credit under 10.7, so its 10.5 is small."
strict_GBR.csv,GF10_X - Social protection excluding old age and unemployment,"Social protection excluding old age and unemployment (GF10_X): the identity GF10 - GF10_2 - GF10_5, never forecast."
strict_GBR.csv,TE - Total expenditure,Total expenditure (TE) from the COFOG tree's expenditure anchor. Not the same series as LEDGER_TE — see that column.
strict_GBR.csv,E01 - Compensation of employees,"Compensation of employees (E01), strict variant, millions of national currency."
strict_GBR.csv,E02 - Intermediate consumption,"Intermediate consumption (E02), strict variant, millions of national currency."
strict_GBR.csv,E03 - Social benefits other than social transfers in kind,"Social benefits other than social transfers in kind (E03, ESA D.62): cash benefits — pensions, unemployment, family, sickness and other benefits — across every function. The economic-type counterpart of the COFOG GF10 line."
strict_GBR.csv,E04 - Social transfers in kind (purchased market production),"Social transfers in kind (purchased market production) (E04), strict variant, millions of national currency."
strict_GBR.csv,E05 - Interest payable,"Interest payable (E05, ESA D.41 uses): the economic-type counterpart of GF01_7 (COFOG 01.7); the two differ by FISIM and consolidation treatment (V21)."
strict_GBR.csv,E06 - Subsidies,"Subsidies (E06), strict variant, millions of national currency."
strict_GBR.csv,E07 - Other current expenditure,"Other current expenditure (E07), strict variant, millions of national currency."
strict_GBR.csv,E08 - Gross capital formation and net acquisition of non-produced assets,"Gross capital formation and net acquisition of non-produced assets (E08), strict variant, millions of national currency."
strict_GBR.csv,E09 - Capital transfers payable,"Capital transfers payable (E09), strict variant, millions of national currency."
strict_GBR.csv,TE_ESA - Total expenditure (ESA main aggregates),"Total expenditure from the ESA main-aggregates table (the sum of E01-E09). For FRA/DEU identical to TE; for GBR it is the ESA Table 2 total, the same series as LEDGER_TE."
strict_GBR.csv,R01 - Value added tax,"Value added tax (R01), strict variant, millions of national currency."
strict_GBR.csv,R02 - Other taxes on production and imports,"Other taxes on production and imports (R02), strict variant, millions of national currency."
strict_GBR.csv,R02_A - Excise duties,"Excise duties (R02_A, ESA D.214A): fuel, tobacco, alcohol and other excises, from the anchor institution's per-tax table (NTL table 9 / gov_10a_taxag)."
strict_GBR.csv,R02_X - Other taxes on production and imports excluding excise duties,"Other taxes on production and imports excluding excise duties (R02_X): the identity R02 - R02_A, never forecast; carries any drift between the per-tax table and the main aggregate."
strict_GBR.csv,R03 - Taxes on household income,"Taxes on household income (R03), strict variant, millions of national currency."
strict_GBR.csv,R04 - Taxes on corporate income,"Taxes on corporate income (R04), strict variant, millions of national currency."
strict_GBR.csv,R05 - Other current taxes and capital taxes,"Other current taxes and capital taxes (R05), strict variant, millions of national currency."
strict_GBR.csv,R06 - Net social contributions,"Net social contributions (R06), strict variant, millions of national currency."
strict_GBR.csv,R06_E - Employers' actual social contributions,"Employers' actual social contributions (R06_E, ESA D.611)."
strict_GBR.csv,R06_H - Households' actual social contributions,"Households' actual social contributions (R06_H, ESA D.613): employees, self-employed and non-employed persons."
strict_GBR.csv,R06_X - Imputed and supplementary social contributions (D.612 + D.614 - D.61SC),"Imputed and supplementary social contributions (R06_X): the identity R06 - R06_E - R06_H = D.612 + D.614 - D.61SC, never forecast; may be negative in principle."
strict_GBR.csv,R07 - Interest receivable,"Interest receivable (R07), strict variant, millions of national currency."
strict_GBR.csv,R08 - Other property income,"Other property income (R08), strict variant, millions of national currency."
strict_GBR.csv,R09 - Sales of goods and services,"Sales of goods and services (R09), strict variant, millions of national currency."
strict_GBR.csv,R10 - Other current and capital transfers receivable,"Other current and capital transfers receivable (R10), strict variant, millions of national currency."
strict_GBR.csv,TR - Total revenue,Total revenue (TR) from the ESA tree's revenue anchor. Not the same series as LEDGER_TR — see that column.
strict_GBR.csv,LEDGER_TR - Total revenue (balance anchor),Total revenue as published by the balance anchor. For GBR this is a different ONS table from the TR column and the two differ by up to ~0.5%; for FRA/DEU they agree to rounding. Outturn years only.
strict_GBR.csv,LEDGER_TE - Total expenditure (balance anchor),Total expenditure as published by the balance anchor. Same caveat as LEDGER_TR against the TE column.
strict_GBR.csv,NLB - Net lending (+) / net borrowing (-),Net lending (+) / net borrowing (-) = LEDGER_TR - LEDGER_TE (ESA B.9). Outturn years only.
strict_GBR.csv,NI - Net interest (GF01_7 - R07),Net interest = GF01_7 - R07. Blank where one leg has no value.
strict_GBR.csv,PB - Primary balance (NLB + NI),Primary balance = NLB + NI. Outturn years only.
strict_FRA.csv,year,Calendar year. One row per year from the country's first published year to the last year any strict series reaches.
strict_FRA.csv,GDP - Gross domestic product at current market prices,"Gross domestic product at current market prices, from the country's registered GDP source. Divide by it for ratios."
strict_FRA.csv,GF01 - General public services,"General public services (GF01), strict variant, millions of national currency."
strict_FRA.csv,GF01_7 - Public debt transactions (interest),"Public debt transactions (interest) (GF01_7), strict variant, millions of national currency."
strict_FRA.csv,GF01_X - General public services excluding interest,"General public services excluding interest (GF01_X): the identity GF01 - GF01_7, never forecast (D10)."
strict_FRA.csv,GF02 - Defence,"Defence (GF02), strict variant, millions of national currency."
strict_FRA.csv,GF03 - Public order and safety,"Public order and safety (GF03), strict variant, millions of national currency."
strict_FRA.csv,GF04 - Economic affairs,"Economic affairs (GF04), strict variant, millions of national currency."
strict_FRA.csv,GF04_5 - Transport,Transport (GF04_5): COFOG group 04.5 from the anchor's own Level II table.
strict_FRA.csv,GF04_X - Economic affairs excluding transport,"Economic affairs excluding transport (GF04_X): the identity GF04 - GF04_5, never forecast."
strict_FRA.csv,GF05 - Environmental protection,"Environmental protection (GF05), strict variant, millions of national currency."
strict_FRA.csv,GF06 - Housing and community amenities,"Housing and community amenities (GF06), strict variant, millions of national currency."
strict_FRA.csv,GF07 - Health,"Health (GF07), strict variant, millions of national currency."
strict_FRA.csv,GF08 - Recreation culture and religion,"Recreation culture and religion (GF08), strict variant, millions of national currency."
strict_FRA.csv,GF09 - Education,"Education (GF09), strict variant, millions of national currency."
strict_FRA.csv,GF10 - Social protection,"Social protection (GF10), strict variant, millions of national currency."
strict_FRA.csv,GF10_2 - Old age (pensions),Old age (GF10_2): COFOG group 10.2 from the anchor's own Level II table — the pensions line (old-age cash benefits plus the administration and in-kind services of the function).
strict_FRA.csv,GF10_5 - Unemployment,"Unemployment (GF10_5): COFOG group 10.5 from the anchor's own Level II table — unemployment benefits and services. Note the UK books Universal Credit under 10.7, so its 10.5 is small."
strict_FRA.csv,GF10_X - Social protection excluding old age and unemployment,"Social protection excluding old age and unemployment (GF10_X): the identity GF10 - GF10_2 - GF10_5, never forecast."
strict_FRA.csv,TE - Total expenditure,Total expenditure (TE) from the COFOG tree's expenditure anchor. Not the same series as LEDGER_TE — see that column.
strict_FRA.csv,E01 - Compensation of employees,"Compensation of employees (E01), strict variant, millions of national currency."
strict_FRA.csv,E02 - Intermediate consumption,"Intermediate consumption (E02), strict variant, millions of national currency."
strict_FRA.csv,E03 - Social benefits other than social transfers in kind,"Social benefits other than social transfers in kind (E03, ESA D.62): cash benefits — pensions, unemployment, family, sickness and other benefits — across every function. The economic-type counterpart of the COFOG GF10 line."
strict_FRA.csv,E04 - Social transfers in kind (purchased market production),"Social transfers in kind (purchased market production) (E04), strict variant, millions of national currency."
strict_FRA.csv,E05 - Interest payable,"Interest payable (E05, ESA D.41 uses): the economic-type counterpart of GF01_7 (COFOG 01.7); the two differ by FISIM and consolidation treatment (V21)."
strict_FRA.csv,E06 - Subsidies,"Subsidies (E06), strict variant, millions of national currency."
strict_FRA.csv,E07 - Other current expenditure,"Other current expenditure (E07), strict variant, millions of national currency."
strict_FRA.csv,E08 - Gross capital formation and net acquisition of non-produced assets,"Gross capital formation and net acquisition of non-produced assets (E08), strict variant, millions of national currency."
strict_FRA.csv,E09 - Capital transfers payable,"Capital transfers payable (E09), strict variant, millions of national currency."
strict_FRA.csv,TE_ESA - Total expenditure (ESA main aggregates),"Total expenditure from the ESA main-aggregates table (the sum of E01-E09). For FRA/DEU identical to TE; for GBR it is the ESA Table 2 total, the same series as LEDGER_TE."
strict_FRA.csv,R01 - Value added tax,"Value added tax (R01), strict variant, millions of national currency."
strict_FRA.csv,R02 - Other taxes on production and imports,"Other taxes on production and imports (R02), strict variant, millions of national currency."
strict_FRA.csv,R02_A - Excise duties,"Excise duties (R02_A, ESA D.214A): fuel, tobacco, alcohol and other excises, from the anchor institution's per-tax table (NTL table 9 / gov_10a_taxag)."
strict_FRA.csv,R02_X - Other taxes on production and imports excluding excise duties,"Other taxes on production and imports excluding excise duties (R02_X): the identity R02 - R02_A, never forecast; carries any drift between the per-tax table and the main aggregate."
strict_FRA.csv,R03 - Taxes on household income,"Taxes on household income (R03), strict variant, millions of national currency."
strict_FRA.csv,R04 - Taxes on corporate income,"Taxes on corporate income (R04), strict variant, millions of national currency."
strict_FRA.csv,R05 - Other current taxes and capital taxes,"Other current taxes and capital taxes (R05), strict variant, millions of national currency."
strict_FRA.csv,R06 - Net social contributions,"Net social contributions (R06), strict variant, millions of national currency."
strict_FRA.csv,R06_E - Employers' actual social contributions,"Employers' actual social contributions (R06_E, ESA D.611)."
strict_FRA.csv,R06_H - Households' actual social contributions,"Households' actual social contributions (R06_H, ESA D.613): employees, self-employed and non-employed persons."
strict_FRA.csv,R06_X - Imputed and supplementary social contributions (D.612 + D.614 - D.61SC),"Imputed and supplementary social contributions (R06_X): the identity R06 - R06_E - R06_H = D.612 + D.614 - D.61SC, never forecast; may be negative in principle."
strict_FRA.csv,R07 - Interest receivable,"Interest receivable (R07), strict variant, millions of national currency."
strict_FRA.csv,R08 - Other property income,"Other property income (R08), strict variant, millions of national currency."
strict_FRA.csv,R09 - Sales of goods and services,"Sales of goods and services (R09), strict variant, millions of national currency."
strict_FRA.csv,R10 - Other current and capital transfers receivable,"Other current and capital transfers receivable (R10), strict variant, millions of national currency."
strict_FRA.csv,TR - Total revenue,Total revenue (TR) from the ESA tree's revenue anchor. Not the same series as LEDGER_TR — see that column.
strict_FRA.csv,LEDGER_TR - Total revenue (balance anchor),Total revenue as published by the balance anchor. For GBR this is a different ONS table from the TR column and the two differ by up to ~0.5%; for FRA/DEU they agree to rounding. Outturn years only.
strict_FRA.csv,LEDGER_TE - Total expenditure (balance anchor),Total expenditure as published by the balance anchor. Same caveat as LEDGER_TR against the TE column.
strict_FRA.csv,NLB - Net lending (+) / net borrowing (-),Net lending (+) / net borrowing (-) = LEDGER_TR - LEDGER_TE (ESA B.9). Outturn years only.
strict_FRA.csv,NI - Net interest (GF01_7 - R07),Net interest = GF01_7 - R07. Blank where one leg has no value.
strict_FRA.csv,PB - Primary balance (NLB + NI),Primary balance = NLB + NI. Outturn years only.
strict_DEU.csv,year,Calendar year. One row per year from the country's first published year to the last year any strict series reaches.
strict_DEU.csv,GDP - Gross domestic product at current market prices,"Gross domestic product at current market prices, from the country's registered GDP source. Divide by it for ratios."
strict_DEU.csv,GF01 - General public services,"General public services (GF01), strict variant, millions of national currency."
strict_DEU.csv,GF01_7 - Public debt transactions (interest),"Public debt transactions (interest) (GF01_7), strict variant, millions of national currency."
strict_DEU.csv,GF01_X - General public services excluding interest,"General public services excluding interest (GF01_X): the identity GF01 - GF01_7, never forecast (D10)."
strict_DEU.csv,GF02 - Defence,"Defence (GF02), strict variant, millions of national currency."
strict_DEU.csv,GF03 - Public order and safety,"Public order and safety (GF03), strict variant, millions of national currency."
strict_DEU.csv,GF04 - Economic affairs,"Economic affairs (GF04), strict variant, millions of national currency."
strict_DEU.csv,GF04_5 - Transport,Transport (GF04_5): COFOG group 04.5 from the anchor's own Level II table.
strict_DEU.csv,GF04_X - Economic affairs excluding transport,"Economic affairs excluding transport (GF04_X): the identity GF04 - GF04_5, never forecast."
strict_DEU.csv,GF05 - Environmental protection,"Environmental protection (GF05), strict variant, millions of national currency."
strict_DEU.csv,GF06 - Housing and community amenities,"Housing and community amenities (GF06), strict variant, millions of national currency."
strict_DEU.csv,GF07 - Health,"Health (GF07), strict variant, millions of national currency."
strict_DEU.csv,GF08 - Recreation culture and religion,"Recreation culture and religion (GF08), strict variant, millions of national currency."
strict_DEU.csv,GF09 - Education,"Education (GF09), strict variant, millions of national currency."
strict_DEU.csv,GF10 - Social protection,"Social protection (GF10), strict variant, millions of national currency."
strict_DEU.csv,GF10_2 - Old age (pensions),Old age (GF10_2): COFOG group 10.2 from the anchor's own Level II table — the pensions line (old-age cash benefits plus the administration and in-kind services of the function).
strict_DEU.csv,GF10_5 - Unemployment,"Unemployment (GF10_5): COFOG group 10.5 from the anchor's own Level II table — unemployment benefits and services. Note the UK books Universal Credit under 10.7, so its 10.5 is small."
strict_DEU.csv,GF10_X - Social protection excluding old age and unemployment,"Social protection excluding old age and unemployment (GF10_X): the identity GF10 - GF10_2 - GF10_5, never forecast."
strict_DEU.csv,TE - Total expenditure,Total expenditure (TE) from the COFOG tree's expenditure anchor. Not the same series as LEDGER_TE — see that column.
strict_DEU.csv,E01 - Compensation of employees,"Compensation of employees (E01), strict variant, millions of national currency."
strict_DEU.csv,E02 - Intermediate consumption,"Intermediate consumption (E02), strict variant, millions of national currency."
strict_DEU.csv,E03 - Social benefits other than social transfers in kind,"Social benefits other than social transfers in kind (E03, ESA D.62): cash benefits — pensions, unemployment, family, sickness and other benefits — across every function. The economic-type counterpart of the COFOG GF10 line."
strict_DEU.csv,E04 - Social transfers in kind (purchased market production),"Social transfers in kind (purchased market production) (E04), strict variant, millions of national currency."
strict_DEU.csv,E05 - Interest payable,"Interest payable (E05, ESA D.41 uses): the economic-type counterpart of GF01_7 (COFOG 01.7); the two differ by FISIM and consolidation treatment (V21)."
strict_DEU.csv,E06 - Subsidies,"Subsidies (E06), strict variant, millions of national currency."
strict_DEU.csv,E07 - Other current expenditure,"Other current expenditure (E07), strict variant, millions of national currency."
strict_DEU.csv,E08 - Gross capital formation and net acquisition of non-produced assets,"Gross capital formation and net acquisition of non-produced assets (E08), strict variant, millions of national currency."
strict_DEU.csv,E09 - Capital transfers payable,"Capital transfers payable (E09), strict variant, millions of national currency."
strict_DEU.csv,TE_ESA - Total expenditure (ESA main aggregates),"Total expenditure from the ESA main-aggregates table (the sum of E01-E09). For FRA/DEU identical to TE; for GBR it is the ESA Table 2 total, the same series as LEDGER_TE."
strict_DEU.csv,R01 - Value added tax,"Value added tax (R01), strict variant, millions of national currency."
strict_DEU.csv,R02 - Other taxes on production and imports,"Other taxes on production and imports (R02), strict variant, millions of national currency."
strict_DEU.csv,R02_A - Excise duties,"Excise duties (R02_A, ESA D.214A): fuel, tobacco, alcohol and other excises, from the anchor institution's per-tax table (NTL table 9 / gov_10a_taxag)."
strict_DEU.csv,R02_X - Other taxes on production and imports excluding excise duties,"Other taxes on production and imports excluding excise duties (R02_X): the identity R02 - R02_A, never forecast; carries any drift between the per-tax table and the main aggregate."
strict_DEU.csv,R03 - Taxes on household income,"Taxes on household income (R03), strict variant, millions of national currency."
strict_DEU.csv,R04 - Taxes on corporate income,"Taxes on corporate income (R04), strict variant, millions of national currency."
strict_DEU.csv,R05 - Other current taxes and capital taxes,"Other current taxes and capital taxes (R05), strict variant, millions of national currency."
strict_DEU.csv,R06 - Net social contributions,"Net social contributions (R06), strict variant, millions of national currency."
strict_DEU.csv,R06_E - Employers' actual social contributions,"Employers' actual social contributions (R06_E, ESA D.611)."
strict_DEU.csv,R06_H - Households' actual social contributions,"Households' actual social contributions (R06_H, ESA D.613): employees, self-employed and non-employed persons."
strict_DEU.csv,R06_X - Imputed and supplementary social contributions (D.612 + D.614 - D.61SC),"Imputed and supplementary social contributions (R06_X): the identity R06 - R06_E - R06_H = D.612 + D.614 - D.61SC, never forecast; may be negative in principle."
strict_DEU.csv,R07 - Interest receivable,"Interest receivable (R07), strict variant, millions of national currency."
strict_DEU.csv,R08 - Other property income,"Other property income (R08), strict variant, millions of national currency."
strict_DEU.csv,R09 - Sales of goods and services,"Sales of goods and services (R09), strict variant, millions of national currency."
strict_DEU.csv,R10 - Other current and capital transfers receivable,"Other current and capital transfers receivable (R10), strict variant, millions of national currency."
strict_DEU.csv,TR - Total revenue,Total revenue (TR) from the ESA tree's revenue anchor. Not the same series as LEDGER_TR — see that column.
strict_DEU.csv,LEDGER_TR - Total revenue (balance anchor),Total revenue as published by the balance anchor. For GBR this is a different ONS table from the TR column and the two differ by up to ~0.5%; for FRA/DEU they agree to rounding. Outturn years only.
strict_DEU.csv,LEDGER_TE - Total expenditure (balance anchor),Total expenditure as published by the balance anchor. Same caveat as LEDGER_TR against the TE column.
strict_DEU.csv,NLB - Net lending (+) / net borrowing (-),Net lending (+) / net borrowing (-) = LEDGER_TR - LEDGER_TE (ESA B.9). Outturn years only.
strict_DEU.csv,NI - Net interest (GF01_7 - R07),Net interest = GF01_7 - R07. Blank where one leg has no value.
strict_DEU.csv,PB - Primary balance (NLB + NI),Primary balance = NLB + NI. Outturn years only.
debt_reference_series.csv,run_id,Build run that produced the row (data/manifest/run_{run_id}.json).
debt_reference_series.csv,series_id,"Reference series id (DEBT_KICKOFF.md §4.2), e.g. UK_RPI, FR_CPI_XT, EA_HICP_XT, UK_SONIA, EA_MM_3M, UK_GLC_NOMINAL_10Y."
debt_reference_series.csv,date,Observation date (month start for monthly indices; the fixing date for daily rates; month-end for curves).
debt_reference_series.csv,value,Observation in `unit`.
debt_reference_series.csv,unit,index | pct_pa.
debt_reference_series.csv,base_period,"Index base (e.g. 1987-01=100, 2025=100); empty for rates."
debt_reference_series.csv,vintage_note,"How the series was built (splice, chaining factor, geography)."
debt_reference_series.csv,source_id,"Register id of the source (config/debt_sources.yaml), or the module that derived the row."
debt_reference_series.csv,snapshot_sha256,sha256 of the raw snapshot the value was read from (D8); empty for derived rows.
debt_reference_series.csv,quality_grade,"A–D per DEBT_KICKOFF.md §9; official rows A, aggregate-layer and derived rows B, declared items C, blocked D."
debt_reference_series.csv,notes,"Free-text provenance: table, row, conversion, caveat."
debt_official_totals.csv,run_id,Build run that produced the row (data/manifest/run_{run_id}.json).
debt_official_totals.csv,iso3,"Country: GBR, FRA, DEU."
debt_official_totals.csv,year,Calendar year (DD6).
debt_official_totals.csv,chain,interest | financing.
debt_official_totals.csv,step,A_cg_cash / B_s1311_d41 / C_s13_gf01_7 (interest); A_cg_cash_requirement / B_s1311_b9 / C_s13_nlb (financing).
debt_official_totals.csv,value_lcu_mn,"The official total, millions of national currency; null where the source is unreachable (OQ-8) or the year is not covered."
debt_official_totals.csv,item_source_id,"Source of the total (register id, or package_GF01_7 / package_NLB for step C)."
debt_official_totals.csv,basis,"Accounting basis of the total as published: cash, accrued, accrued_nlf_finance_costs, cash_budgetaire."
debt_official_totals.csv,period_basis,"CY, FY or M: the source's native period before conversion."
debt_official_totals.csv,period_conversion_method,"How a non-calendar-year source was converted (§7.10 formula, or 'sum of 12 calendar months'); empty when none."
debt_official_totals.csv,snapshot_sha256,sha256 of the raw snapshot the value was read from (D8); empty for derived rows.
debt_official_totals.csv,quality_grade,"A–D per DEBT_KICKOFF.md §9; official rows A, aggregate-layer and derived rows B, declared items C, blocked D."
debt_official_totals.csv,notes,"Free-text provenance: table, row, conversion, caveat."
debt_class_aggregates.csv,run_id,Build run that produced the row (data/manifest/run_{run_id}.json).
debt_class_aggregates.csv,iso3,"Country: GBR, FRA, DEU."
debt_class_aggregates.csv,year,Calendar year (DD6).
debt_class_aggregates.csv,instrument_class,"DD2 class (fixed_bullet, floating, inflation_linked, bill, other), or mixed where the source does not split, or out_of_register for the source's rows outside DD1 (loans, retail, special funds)."
debt_class_aggregates.csv,sub_type,"The source's own instrument or fund label, slugged."
debt_class_aggregates.csv,measure,stock_year_end | stock_gross_umlauf | own_holdings | gross_issuance | redemptions | net_issuance | interest | uplift_accrued.
debt_class_aggregates.csv,value_lcu_mn,"Value, millions of national currency; interest and redemptions positive."
debt_class_aggregates.csv,basis,"nominal, cash, accrued, nominal_change, … as the source publishes it."
debt_class_aggregates.csv,in_register,True when the row is inside the DD1 perimeter and enters the register step of the chains.
debt_class_aggregates.csv,source_id,"Register id of the source (config/debt_sources.yaml), or the module that derived the row."
debt_class_aggregates.csv,snapshot_sha256,sha256 of the raw snapshot the value was read from (D8); empty for derived rows.
debt_class_aggregates.csv,quality_grade,"A–D per DEBT_KICKOFF.md §9; official rows A, aggregate-layer and derived rows B, declared items C, blocked D."
debt_class_aggregates.csv,notes,"Free-text provenance: table, row, conversion, caveat."
debt_interest_reconciliation.csv,iso3,"Country: GBR, FRA, DEU."
debt_interest_reconciliation.csv,year,Calendar year (DD6).
debt_interest_reconciliation.csv,step,register → A_cg_cash → B_s1311_d41 → C_s13_gf01_7.
debt_interest_reconciliation.csv,item,sum_{class} at the register step; carried_from_previous_step; the named bridge items; official_total; residual.
debt_interest_reconciliation.csv,value_lcu_mn,Millions of national currency; null where the total is unknown (blocked source or no register).
debt_interest_reconciliation.csv,item_type,computed | official | declared | residual.
debt_interest_reconciliation.csv,item_source_id,Where the item comes from.
debt_interest_reconciliation.csv,basis,"Accounting basis of the item (cash, accrued, nominal)."
debt_interest_reconciliation.csv,run_id,Build run that produced the row (data/manifest/run_{run_id}.json).
debt_interest_reconciliation.csv,source_id,"Register id of the source (config/debt_sources.yaml), or the module that derived the row."
debt_interest_reconciliation.csv,snapshot_sha256,sha256 of the raw snapshot the value was read from (D8); empty for derived rows.
debt_interest_reconciliation.csv,quality_grade,"A–D per DEBT_KICKOFF.md §9; official rows A, aggregate-layer and derived rows B, declared items C, blocked D."
debt_interest_reconciliation.csv,notes,"Free-text provenance: table, row, conversion, caveat."
debt_financing_reconciliation.csv,iso3,"Country: GBR, FRA, DEU."
debt_financing_reconciliation.csv,year,Calendar year (DD6).
debt_financing_reconciliation.csv,step,register → A_cg_cash_requirement → B_s1311_b9 → C_s13_nlb.
debt_financing_reconciliation.csv,item,"sum_{class} net issuance at the register step; carried_from_previous_step; the named bridge items (out-of-register instruments, less_special_fund…, nka_3_x… from the Kreditaufnahmebericht, subsector B.9); official_total; residual."
debt_financing_reconciliation.csv,value_lcu_mn,Millions of national currency; null where the total is unknown (blocked source or no register).
debt_financing_reconciliation.csv,item_type,computed | official | declared | residual.
debt_financing_reconciliation.csv,item_source_id,Where the item comes from.
debt_financing_reconciliation.csv,basis,"Accounting basis of the item (cash, accrued, nominal)."
debt_financing_reconciliation.csv,run_id,Build run that produced the row (data/manifest/run_{run_id}.json).
debt_financing_reconciliation.csv,source_id,"Register id of the source (config/debt_sources.yaml), or the module that derived the row."
debt_financing_reconciliation.csv,snapshot_sha256,sha256 of the raw snapshot the value was read from (D8); empty for derived rows.
debt_financing_reconciliation.csv,quality_grade,"A–D per DEBT_KICKOFF.md §9; official rows A, aggregate-layer and derived rows B, declared items C, blocked D."
debt_financing_reconciliation.csv,notes,"Free-text provenance: table, row, conversion, caveat."
debt_securities.csv,iso3,"Country: GBR, FRA, DEU."
debt_securities.csv,security_id,"ISIN, or {iso3}_{office code} for pre-ISIN securities."
debt_securities.csv,isin,ISIN where one exists.
debt_securities.csv,name,Name as published by the office.
debt_securities.csv,instrument_class,DD2: fixed_bullet | floating | inflation_linked | bill | other.
debt_securities.csv,sub_type,National instrument name (config/debt.yaml sub_types).
debt_securities.csv,currency,Currency of issue (ISO code).
debt_securities.csv,coupon_pct,"Annual coupon, %; null for bills and floaters."
debt_securities.csv,coupon_frequency,Number of coupon payments per year.
debt_securities.csv,day_count,Day-count / accrual convention.
debt_securities.csv,first_issue_date,First issue (settlement) date.
debt_securities.csv,maturity_date,Final redemption date; null for undated.
debt_securities.csv,first_call_date,First call date for callable/double-dated securities.
debt_securities.csv,dividend_dates,"Coupon dates, e.g. '22 Apr/Oct'."
debt_securities.csv,index_reference,Reference index id for linkers (§4.2).
debt_securities.csv,index_lag_months,Indexation lag in months.
debt_securities.csv,base_index,Base index value of the linker.
debt_securities.csv,floating_reference,Reference rate id for floaters.
debt_securities.csv,spread_bp,"Spread over the reference rate, basis points."
debt_securities.csv,is_green,True for green bonds and green twins.
debt_securities.csv,issuer_unit,"state, or special_fund:{name}."
debt_securities.csv,run_id,Build run that produced the row (data/manifest/run_{run_id}.json).
debt_securities.csv,source_id,"Register id of the source (config/debt_sources.yaml), or the module that derived the row."
debt_securities.csv,snapshot_sha256,sha256 of the raw snapshot the value was read from (D8); empty for derived rows.
debt_securities.csv,quality_grade,"A–D per DEBT_KICKOFF.md §9; official rows A, aggregate-layer and derived rows B, declared items C, blocked D."
debt_securities.csv,notes,"Free-text provenance: table, row, conversion, caveat."
debt_positions.csv,iso3,"Country: GBR, FRA, DEU."
debt_positions.csv,security_id,"ISIN, or {iso3}_{office code} for pre-ISIN securities."
debt_positions.csv,as_of,Date of the position (as-of).
debt_positions.csv,nominal_lcu_mn,"Nominal in issue (unindexed), millions LCU."
debt_positions.csv,nominal_uplifted_lcu_mn,Nominal × index ratio for linkers.
debt_positions.csv,nominal_issue_ccy_mn,Nominal in the issue currency.
debt_positions.csv,official_holdings_lcu_mn,"Issuer's own book (Eigenbestand, DMO/CRND holdings)."
debt_positions.csv,market_hands_lcu_mn,Nominal less official holdings.
debt_positions.csv,position_type,office_snapshot | office_annual | rolled_from_flows.
debt_positions.csv,fx_rate,Conversion rate used for foreign-currency issues.
debt_positions.csv,fx_source_id,Register id of the FX rate source.
debt_positions.csv,run_id,Build run that produced the row (data/manifest/run_{run_id}.json).
debt_positions.csv,source_id,"Register id of the source (config/debt_sources.yaml), or the module that derived the row."
debt_positions.csv,snapshot_sha256,sha256 of the raw snapshot the value was read from (D8); empty for derived rows.
debt_positions.csv,quality_grade,"A–D per DEBT_KICKOFF.md §9; official rows A, aggregate-layer and derived rows B, declared items C, blocked D."
debt_positions.csv,notes,"Free-text provenance: table, row, conversion, caveat."
debt_flows.csv,iso3,"Country: GBR, FRA, DEU."
debt_flows.csv,security_id,"ISIN, or {iso3}_{office code} for pre-ISIN securities."
debt_flows.csv,settlement_date,Settlement date of the operation.
debt_flows.csv,flow_type,"§4.3: auction, syndication, tap, tender, conversion_in/out, switch_in/out, buyback, redemption, retention, own_book_sale/purchase, implied."
debt_flows.csv,seq,Sequence number for same-day rows.
debt_flows.csv,operation_date,Operation (auction) date.
debt_flows.csv,nominal_lcu_mn,"Nominal amount, millions LCU."
debt_flows.csv,cash_lcu_mn,Cash proceeds where published.
debt_flows.csv,price_pct,Issue price per 100 nominal.
debt_flows.csv,yield_pct,"Yield at issue, per cent."
debt_flows.csv,method,Issuance method as published.
debt_flows.csv,counter_security_id,Counterpart security of a conversion or switch.
debt_flows.csv,run_id,Build run that produced the row (data/manifest/run_{run_id}.json).
debt_flows.csv,source_id,"Register id of the source (config/debt_sources.yaml), or the module that derived the row."
debt_flows.csv,snapshot_sha256,sha256 of the raw snapshot the value was read from (D8); empty for derived rows.
debt_flows.csv,quality_grade,"A–D per DEBT_KICKOFF.md §9; official rows A, aggregate-layer and derived rows B, declared items C, blocked D."
debt_flows.csv,notes,"Free-text provenance: table, row, conversion, caveat."
debt_index_ratios.csv,iso3,"Country: GBR, FRA, DEU."
debt_index_ratios.csv,security_id,"ISIN, or {iso3}_{office code} for pre-ISIN securities."
debt_index_ratios.csv,date,Date of the index ratio.
debt_index_ratios.csv,reference_index,Reference index value on that date.
debt_index_ratios.csv,index_ratio,Index ratio (uplift factor).
debt_index_ratios.csv,ratio_source,office | recomputed.
debt_index_ratios.csv,run_id,Build run that produced the row (data/manifest/run_{run_id}.json).
debt_index_ratios.csv,source_id,"Register id of the source (config/debt_sources.yaml), or the module that derived the row."
debt_index_ratios.csv,snapshot_sha256,sha256 of the raw snapshot the value was read from (D8); empty for derived rows.
debt_index_ratios.csv,quality_grade,"A–D per DEBT_KICKOFF.md §9; official rows A, aggregate-layer and derived rows B, declared items C, blocked D."
debt_index_ratios.csv,notes,"Free-text provenance: table, row, conversion, caveat."
debt_interest_by_security.csv,iso3,"Country: GBR, FRA, DEU."
debt_interest_by_security.csv,security_id,"ISIN, or {iso3}_{office code} for pre-ISIN securities."
debt_interest_by_security.csv,year,Calendar year (DD6).
debt_interest_by_security.csv,basis,accrued | cash (DD3).
debt_interest_by_security.csv,coupon_lcu_mn,"Coupon interest, millions LCU."
debt_interest_by_security.csv,uplift_lcu_mn,"Indexation uplift, millions LCU."
debt_interest_by_security.csv,discount_lcu_mn,"Bill discount accretion, millions LCU."
debt_interest_by_security.csv,floating_lcu_mn,"Floating-rate coupon, millions LCU."
debt_interest_by_security.csv,premium_discount_amort_lcu_mn,Premium/discount amortisation (accrued basis).
debt_interest_by_security.csv,total_lcu_mn,Sum (coupon + uplift + discount + floating − amortisation); null when not computable.
debt_interest_by_security.csv,computability,computed | not_computable (DD10).
debt_interest_by_security.csv,reference_values_used,Index ratios / fixings used.
debt_interest_by_security.csv,derivation,The arithmetic in words.
debt_interest_by_security.csv,run_id,Build run that produced the row (data/manifest/run_{run_id}.json).
debt_interest_by_security.csv,source_id,"Register id of the source (config/debt_sources.yaml), or the module that derived the row."
debt_interest_by_security.csv,snapshot_sha256,sha256 of the raw snapshot the value was read from (D8); empty for derived rows.
debt_interest_by_security.csv,quality_grade,"A–D per DEBT_KICKOFF.md §9; official rows A, aggregate-layer and derived rows B, declared items C, blocked D."
debt_interest_by_security.csv,notes,"Free-text provenance: table, row, conversion, caveat."
debt_maturity_profile.csv,iso3,"Country: GBR, FRA, DEU."
debt_maturity_profile.csv,as_of,"Position date, 31 December."
debt_maturity_profile.csv,instrument_class,Instrument class per DD2.
debt_maturity_profile.csv,bucket,Residual-maturity bucket (§4.4).
debt_maturity_profile.csv,nominal_lcu_mn,"Nominal outstanding, millions LCU."
debt_maturity_profile.csv,nominal_uplifted_lcu_mn,Uplifted nominal (linkers).
debt_maturity_profile.csv,market_hands_lcu_mn,Nominal less official holdings.
debt_maturity_profile.csv,n_securities,Number of securities in the cell.
debt_maturity_profile.csv,weighted_residual_years,"Nominal-weighted residual maturity, years."
debt_maturity_profile.csv,run_id,Build run that produced the row (data/manifest/run_{run_id}.json).
debt_maturity_profile.csv,source_id,"Register id of the source (config/debt_sources.yaml), or the module that derived the row."
debt_maturity_profile.csv,snapshot_sha256,sha256 of the raw snapshot the value was read from (D8); empty for derived rows.
debt_maturity_profile.csv,quality_grade,"A–D per DEBT_KICKOFF.md §9; official rows A, aggregate-layer and derived rows B, declared items C, blocked D."
debt_maturity_profile.csv,notes,"Free-text provenance: table, row, conversion, caveat."
debt_issuance_by_bucket.csv,iso3,"Country: GBR, FRA, DEU."
debt_issuance_by_bucket.csv,year,Calendar year (DD6).
debt_issuance_by_bucket.csv,instrument_class,Instrument class per DD2.
debt_issuance_by_bucket.csv,bucket,Residual maturity at settlement (§4.4).
debt_issuance_by_bucket.csv,gross_nominal_lcu_mn,"Gross issuance, nominal."
debt_issuance_by_bucket.csv,gross_cash_lcu_mn,"Gross issuance, cash proceeds."
debt_issuance_by_bucket.csv,n_operations,Number of operations in the cell.
debt_issuance_by_bucket.csv,weighted_residual_years_at_issue,Nominal-weighted residual maturity at issue.
debt_issuance_by_bucket.csv,run_id,Build run that produced the row (data/manifest/run_{run_id}.json).
debt_issuance_by_bucket.csv,source_id,"Register id of the source (config/debt_sources.yaml), or the module that derived the row."
debt_issuance_by_bucket.csv,snapshot_sha256,sha256 of the raw snapshot the value was read from (D8); empty for derived rows.
debt_issuance_by_bucket.csv,quality_grade,"A–D per DEBT_KICKOFF.md §9; official rows A, aggregate-layer and derived rows B, declared items C, blocked D."
debt_issuance_by_bucket.csv,notes,"Free-text provenance: table, row, conversion, caveat."
