year,GDP - Gross domestic product at current market prices,GF01 - General public services,GF01_7 - Public debt transactions (interest),GF01_X - General public services excluding interest,GF02 - Defence,GF03 - Public order and safety,GF04 - Economic affairs,GF04_5 - Transport,GF04_X - Economic affairs excluding transport,GF05 - Environmental protection,GF06 - Housing and community amenities,GF07 - Health,GF08 - Recreation culture and religion,GF09 - Education,GF10 - Social protection,GF10_2 - Old age (pensions),GF10_5 - Unemployment,GF10_X - Social protection excluding old age and unemployment,TE - Total expenditure,E01 - Compensation of employees,E02 - Intermediate consumption,E03 - Social benefits other than social transfers in kind,E04 - Social transfers in kind (purchased market production),E05 - Interest payable,E06 - Subsidies,E07 - Other current expenditure,E08 - Gross capital formation and net acquisition of non-produced assets,E09 - Capital transfers payable,TE_ESA - Total expenditure (ESA main aggregates),R01 - Value added tax,R02 - Other taxes on production and imports,R02_A - Excise duties,R02_X - Other taxes on production and imports excluding excise duties,R03 - Taxes on household income,R04 - Taxes on corporate income,R05 - Other current taxes and capital taxes,R06 - Net social contributions,R06_E - Employers' actual social contributions,R06_H - Households' actual social contributions,R06_X - Imputed and supplementary social contributions (D.612 + D.614 - D.61SC),R07 - Interest receivable,R08 - Other property income,R09 - Sales of goods and services,R10 - Other current and capital transfers receivable,TR - Total revenue,LEDGER_TR - Total revenue (balance anchor),LEDGER_TE - Total expenditure (balance anchor),NLB - Net lending (+) / net borrowing (-),NI - Net interest (GF01_7 - R07),PB - Primary balance (NLB + NI)
1970,1073303.0,62066.435,44383.332,17683.102999999996,84539.689,12053.303,50814.403,12627.0,38187.403,0.0,5316.405,30035.485,2741.349,61066.93,58869.35,30740.0,4087.0,24042.35,367503.348,129804.902,53836.145,72458.0,0.0,44383.332,4777.0,4818.0,57295.975,130.0,367503.355,0.0,91413.0,30282.0,61131.0,100130.0,30862.0,8078.0,46593.0,23328.0,22627.0,638.0,7145.0,4712.5,28275.049,2712.0,319920.549,319920.549,367503.355,-47582.80599999998,37238.332,-10344.47399999998
1971,1164850.0,69058.371,48621.007,20437.364,82170.47,13923.92,54629.379,13933.0,40696.379,0.0,6473.573,34605.975,3054.178,68465.444,70090.457,35629.0,5934.0,28527.456999999995,402471.769,142835.65,57668.51,86223.0,0.0,48621.007,4675.0,6012.0,56281.599,155.0,402471.767,0.0,100493.0,32143.0,68350.0,98610.0,34383.0,9259.0,51504.0,25753.0,24880.0,871.0,7690.0,4767.700000000001,31369.556,2916.0,340992.256,340992.256,402471.767,-61479.511,40931.007,-20548.504
1972,1279110.0,76415.655,53463.608,22952.047,86056.0,15762.972,58874.522,15037.0,43837.522,0.0,7107.375,39579.688,3281.146,75359.894,77660.529,39563.0,5807.0,32290.528999999995,440097.781,156099.99,62972.842,95773.0,0.0,53463.608,6636.0,7177.0,57751.331,224.0,440097.771,0.0,107928.0,33451.0,74477.0,120357.0,38628.0,10490.0,59578.0,30399.0,28221.0,958.0,8187.0,4728.0,35578.385,3453.0,388927.385,388927.385,440097.771,-51170.386,45276.608,-5893.777999999998
1973,1425376.0,87070.639,61979.821,25090.817999999992,85570.9,17436.224,57064.599,16588.0,40476.599,0.0,8122.643,45351.469,3680.461,82648.517,88839.269,48525.0,4481.0,35833.269,475784.722,167563.436,65569.107,109786.0,0.0,61979.821,5230.0,5390.999999999993,60071.369999999995,194.0,475784.734,0.0,117220.0,36068.0,81152.0,128823.0,44947.0,10563.0,76038.0,39223.0,35968.0,847.0,9966.0,6155.9,39358.584,3635.0,436706.484,436706.484,475784.734,-39078.25,52013.821,12935.571000000004
1974,1545243.0,99837.019,69526.152,30310.867,91526.2,19814.132,58644.073,19708.0,38936.073,0.0,9710.627,52878.275,4465.997,92026.663,105157.3,54561.0,6892.0,43704.3,534060.285,180978.12,76868.681,129878.0,0.0,69526.152,3307.0,5995.0,67248.34700000001,259.0,534060.3,0.0,124902.0,36593.0,88309.0,147243.0,46244.0,10470.0,85750.0,43997.0,40765.0,988.0,12541.0,7714.5999999999985,43649.641,4118.0,482632.241,482632.241,534060.3,-51428.05900000007,56985.152,5557.092999999935
1975,1684904.0,112999.606,77403.189,35596.417,96849.8,22675.274,72269.613,22582.0,49687.613,0.0,10741.767,62148.754,5285.411,105652.141,132668.575,61921.0,17745.0,53002.57500000001,621290.94,199816.916,87942.037,165121.0,0.0,77403.189,4494.0,6135.0,80080.84599999999,298.0,621290.987,0.0,135292.0,37605.0,97687.0,143654.0,45524.0,10872.0,89897.0,45551.0,42879.0,1467.0,14098.0,7722.700000000001,47201.422,4685.0,498946.122,498946.122,621290.987,-122344.86499999999,63305.189,-59039.67599999999
1976,1873412.0,124612.616,86724.044,37888.572,99568.6,24630.855,73767.016,23539.0,50228.016,0.0,11531.327,69265.59,5640.754,112694.627,143528.442,69294.0,16266.0,57968.44200000001,665239.827,213527.743,92619.582,180133.0,0.0,86724.044,5125.0,4534.0,82327.459,249.0,665239.828,0.0,146388.0,40127.0,106261.0,168570.0,58343.0,12051.0,101973.0,53051.0,47242.0,1680.0,14195.0,8326.599999999999,51659.559,5460.0,566966.159,566966.159,665239.828,-98273.669,72529.044,-25744.625
1977,2081826.0,136470.178,95752.532,40717.64600000001,106866.1,26894.302,82003.613,25250.0,56753.613,0.0,12176.772,77036.075,5859.543,119195.526,152787.753,76863.0,12993.0,62931.753,719289.862,230050.928,103463.191,192061.0,0.0,95752.532,7100.0,4247.0,86390.20199999999,225.0,719289.853,0.0,159664.0,42361.0,117303.0,193625.0,67107.0,14257.0,113853.0,59937.0,52338.0,1578.0,16148.118,8519.800000000001,57019.953,6457.0,636650.871,636650.871,719289.853,-82638.98199999996,79604.414,-3034.5679999999556
1978,2351599.0,155129.659,111330.064,43799.595000000016,115113.661,29781.569,96339.011,27436.0,68903.011,0.0,14259.876,86966.144,6623.691,128014.938,161204.628,84411.0,10140.0,66653.628,793433.176,250738.641,113755.56,206169.0,0.0,111330.064,8936.0,4992.0,97260.937,251.0,793433.202,0.0,170898.0,44972.0,125926.0,225134.0,76500.0,12658.0,132125.0,70612.0,60126.0,1387.0,20695.0,9914.400000000001,64298.484,7767.0,719989.884,719989.884,793433.202,-73443.31800000009,90635.064,17191.745999999912
1979,2627333.0,174732.512,127088.572,47643.93999999999,128106.148,32979.313,104472.058,30208.0,74264.058,0.0,16262.473,98240.833,7144.466,140473.632,179530.755,94938.0,10172.0,74420.755,881942.189,271292.801,129254.572,230383.0,0.0,127088.572,8531.0,5845.999999999985,109195.205,351.0,881942.15,0.0,180101.0,46019.0,134082.0,264243.0,78717.0,13359.0,153678.0,81573.0,70592.0,1513.0,27277.025,13351.400000000001,73485.608,8855.0,813067.033,813067.033,881942.15,-68875.11699999997,99811.54699999999,30936.430000000022
1980,2857307.0,200101.697,146778.786,53322.91099999999,148599.781,36736.235,117046.44,34194.0,82852.44,0.0,19155.037,114219.862,7787.436,153553.284,214384.677,109792.0,18425.0,86167.677,1011584.447,298542.404,151102.059,275041.0,0.0,146778.786,9800.0,7330.0,122586.143,404.0,1011584.392,0.0,200330.0,55745.0,144585.0,294812.0,73079.0,15075.0,167203.0,87756.0,77723.0,1724.0,34356.182,17963.6,82768.858,10319.0,895906.64,895906.64,1011584.392,-115677.75199999998,112422.60399999999,-3255.1479999999865
1981,3207041.0,231985.273,176443.131,55542.14199999999,174850.914,41270.958,126632.215,37491.0,89141.215,0.0,20659.21,131610.172,8392.041,166528.56,239709.445,129049.0,16892.0,93768.445,1141638.789,329138.912,174176.152,312097.0,0.0,176443.131,11473.0,6662.0,131324.679,324.0,1141638.875,0.0,235644.0,73303.0,162341.0,340594.0,67119.0,15965.0,196869.0,102403.0,92633.0,1833.0,42992.262,21892.899999999994,92916.128,11689.0,1025681.29,1025681.29,1141638.875,-115957.58499999996,133450.869,17493.284000000043
1982,3343789.0,262930.588,201786.947,61143.641,202268.868,46157.193,132461.725,40557.0,91904.725,0.0,22271.362,146607.564,8811.003,177415.438,266647.88,144629.0,25550.0,96468.88,1265571.621,357640.06,192636.196,347182.0,0.0,201786.947,15017.0,8141.0,142856.549,312.0,1265571.752,0.0,240933.0,66536.0,174397.0,348855.0,47876.0,17363.0,210086.0,108621.0,99663.0,1802.0,51089.746,23918.100000000006,103705.692,13996.0,1057822.538,1057822.538,1265571.752,-207749.21400000015,150697.201,-57052.01300000015
1983,3634038.0,289297.276,223122.836,66174.44,224027.178,50464.953,146353.865,42524.0,103829.86499999999,0.0,23145.082,162492.189,9264.296,188989.492,284072.95,155501.0,26497.0,102074.95000000001,1378107.28,380391.594,213489.872,374124.0,0.0,223122.836,21304.0,8931.0,156605.058,139.0,1378107.36,0.0,263281.0,72574.0,190707.0,346270.0,63012.0,16110.0,227208.0,118562.0,106653.0,1993.0,56913.0,23009.0,113952.38,16015.0,1125770.38,1125770.38,1378107.36,-252336.9800000002,166209.836,-86127.1440000002
1984,4037613.0,326772.203,254744.986,72027.21699999998,244786.622,55138.239,152532.584,44253.0,108279.584,0.0,25028.501,177359.922,10567.764,204862.381,285908.275,163941.0,16080.0,105887.27500000002,1482956.491,408447.236,223645.855,384582.0,0.0,254744.986,21065.0,11216.00000000003,179149.381,106.0,1482956.458,0.0,289773.0,75827.0,213946.0,370668.0,77983.0,16912.0,258806.0,137743.0,119051.0,2012.0,64715.0,26072.399999999994,123960.616,18599.0,1247489.016,1247489.016,1482956.458,-235467.44200000004,190029.986,-45437.456000000035
1985,4338979.0,363396.55,279834.212,83562.33799999999,271483.25,61405.352,169169.971,46641.0,122528.97099999999,0.0,27267.662,191896.83,11223.717,223079.34,300582.222,173505.0,16161.0,110916.22200000001,1619504.893,442218.601,248588.712,407140.0,0.0,279834.212,21360.0,13767.0,206449.359,147.0,1619504.884,0.0,308133.0,77168.0,230965.0,410514.0,78716.0,18172.0,282795.0,146322.0,134281.0,2192.0,75018.507,27868.199999999997,136258.663,22225.0,1359700.37,1359700.37,1619504.884,-259804.51399999997,204815.70500000002,-54988.80899999995
1986,4579631.0,384666.281,294696.043,89970.23800000001,289824.768,67131.325,182256.983,48224.0,134032.983,0.0,28968.43,206751.68,12303.499,241484.907,316215.296,183249.0,16780.0,116186.29599999997,1729603.168,470007.183,270012.036,433005.0,0.0,294696.043,24895.0,14198.0,222678.881,111.0,1729603.143,0.0,323373.0,76163.0,247210.0,429763.0,88683.0,19775.0,304890.0,156263.0,146251.0,2376.0,80630.123,27464.0,146956.643,24972.0,1446506.766,1446506.766,1729603.143,-283096.37699999986,214065.91999999998,-69030.45699999988
1987,4855215.0,398247.369,304886.431,93360.93800000002,305036.592,73009.321,194800.69,49797.0,145003.69,0.0,31300.724,223584.635,13130.17,258477.338,325632.189,190178.0,14901.0,120553.18900000001,1823219.027,498543.068,281903.697,452193.0,0.0,304886.431,30282.0,12715.0,242557.82200000001,138.0,1823219.018,0.0,347545.0,79813.0,267732.0,480986.0,109350.0,21217.0,324638.0,164541.0,157565.0,2532.0,78025.551,26304.399999999994,157693.357,26260.0,1572019.308,1572019.308,1823219.018,-251199.70999999996,226860.87999999998,-24338.829999999987
1988,5236438.0,420924.185,323474.416,97449.76899999997,308727.435,80675.707,195495.407,52309.0,143186.407,0.0,34134.282,242101.417,14179.369,280041.938,345048.002,202277.0,13507.0,129264.00199999998,1921327.742,535393.729,290482.216,481444.0,0.0,323474.416,29502.0,13194.0,247703.333,134.0,1921327.694,0.0,374464.154,85857.28,288606.87399999995,496818.0,119794.0,22608.84600000002,363156.0,182721.0,177606.0,2829.0,83863.151,24794.600000000006,172286.608,27005.0,1684790.36,1684790.36,1921327.694,-236537.3339999998,239611.265,3073.931000000215
1989,5641580.0,456356.847,351421.352,104935.495,312511.073,90755.189,207461.705,54314.0,153147.705,0.0,36929.2,271699.726,15586.238,309037.46,370254.163,214961.0,14743.0,140550.163,2070591.6,577501.697,314683.151,526202.0,0.0,351421.352,27428.0,13547.0,259460.336,348.0,2070591.536,0.0,398866.215,87252.8,311613.41500000004,558105.0,119807.0,24804.785000000033,386937.0,191552.0,192361.0,3024.0,88743.296,28916.699999999997,190137.54,31588.0,1827905.537,1827905.537,2070591.536,-242685.99900000007,262678.056,19992.056999999913
1990,5963144.0,493168.094,372600.846,120567.24799999996,323054.719,100931.51,225333.695,57589.0,167744.695,0.0,40663.902,305026.215,17317.533,335847.709,404594.32,230186.0,18498.0,155910.32,2245937.698,625025.729,340717.525,580838.0,0.0,372600.846,26993.0,13529.0,278860.547,7373.0,2245937.647,0.0,424989.599,92167.92,332821.679,584733.0,116998.0,28720.400999999954,412075.0,204102.0,204589.0,3384.0,91163.695,31494.199999999997,207886.233,35338.0,1933398.128,1933398.128,2245937.647,-312539.51899999985,281437.151,-31102.367999999842
1991,6158129.0,483601.17,397873.183,85727.98699999996,328198.437,110071.25,235173.085,61238.0,173935.085,0.0,43777.752,349834.514,18356.499,358691.203,448110.081,247895.0,27279.0,172936.081,2375813.991,667630.86,363612.611,656779.0,0.0,397873.183,27488.0,-25625.0,282756.295,5299.0,2375813.949,0.0,457090.654,107582.16,349508.49399999995,577912.0,112800.0,29188.34699999995,432232.0,212383.0,216033.0,3816.0,89117.627,29412.70000000001,226903.378,43824.0,1998480.705,1998480.705,2375813.949,-377333.24399999995,308755.55600000004,-68577.68799999991
1992,6520327.0,539779.153,405908.776,133870.37700000004,320308.748,119275.88,249344.889,64405.0,184939.889,0.0,46869.387,395071.766,19094.51,381124.782,496037.333,262452.0,39518.0,194067.33299999998,2566906.448,707658.737,380935.606,737975.0,0.0,405908.776,30088.0,20551.0,283561.351,228.0,2566906.471,0.0,483375.659,113270.16,370105.49899999995,600512.0,126374.0,30723.341000000015,457088.0,224735.0,227624.0,4729.0,81177.348,25455.600000000006,246583.525,49548.0,2100837.473,2100837.473,2566906.471,-466068.9979999997,324731.428,-141337.56999999966
1993,6858559.0,547879.653,411626.766,136252.88700000005,304233.118,128501.528,264336.66,66685.0,197651.65999999997,0.0,49960.828,431930.806,19667.829,399424.58,515770.447,273536.0,34654.0,207580.447,2661705.45,730824.804,395256.211,785134.0,0.0,411626.766,36681.0,21692.0,279662.629,828.0,2661705.411,0.0,503125.535,119257.8,383867.735,636653.0,149388.0,32478.464999999967,479646.0,236060.0,238876.0,4710.0,79387.396,24868.5,267777.392,54208.0,2227532.288,2227532.288,2661705.411,-434173.1229999997,332239.37,-101933.75299999968
1994,7287236.0,563635.584,423004.033,140631.55100000004,294354.101,137821.216,272865.272,70404.0,202461.272,0.0,50109.717,464338.569,20724.858,421131.3,532846.024,286373.0,24158.0,222315.02399999998,2757826.641,755940.587,417728.831,822534.0,0.0,423004.033,32523.0,19947.0,284905.209,1244.0,2757826.66,0.0,545247.463,133620.88,411626.583,680465.0,166223.0,35977.73800000001,510667.0,251351.0,255315.0,4001.0,79037.848,29313.300000000003,287829.578,58795.0,2393555.927,2393555.927,2757826.66,-364270.733,343966.185,-20304.54800000001
1995,7639749.0,603356.039,461885.142,141470.897,286385.443,147468.338,271138.149,72273.0,198865.14899999998,0.0,54501.038,498998.446,22205.271,450507.702,553920.629,299577.0,22091.0,232252.62899999996,2888481.055,777866.372,436741.905,871520.0,0.0,461885.142,34812.0,15379.0,289635.698,641.0,2888481.116,0.0,557902.608,134050.04,423852.56799999997,735950.17,187587.0,36411.38899999997,535503.0,261805.0,270103.0,3595.0,85334.243,31846.199999999997,305325.006,57505.0,2533364.615,2533364.615,2888481.116,-355116.5009999997,376550.899,21434.398000000278
1996,8073122.0,617502.292,468536.638,148965.65400000004,288508.683,157028.124,281672.98,74960.0,206712.97999999998,0.0,56515.911,526393.608,23741.73,473271.742,572392.479,309571.0,22677.0,240144.47900000005,2997027.549,798820.983,456071.954,913899.0,0.0,468536.638,35234.0,20378.0,303886.071,201.0,2997027.645,0.0,580752.783,135448.88,445303.90300000005,825891.0,203562.0,39458.01800000004,557866.0,272671.0,281729.0,3466.0,91047.774,30175.09999999999,319669.231,65657.0,2714078.906,2714078.906,2997027.645,-282948.73900000006,377488.86399999994,94540.12499999988
1997,8577552.0,630073.554,474323.284,155750.27000000002,283748.344,166518.827,288586.653,79298.0,209288.653,0.0,55820.986,547427.126,25552.029,501514.723,585970.484,322682.0,20544.0,242744.48400000005,3085212.726,828477.827,482816.667,943268.0,0.0,474323.284,33810.0,16956.0,305158.009,403.0,3085212.788,0.0,611613.978,142683.0,468930.978,919585.0,216481.0,44305.82300000009,590255.0,287645.0,299230.0,3380.0,93600.215,31488.100000000006,331510.322,68030.0,2906869.438,2906869.438,3085212.788,-178343.3500000001,380723.069,202379.71899999992
1998,9062817.0,633774.161,468235.5,165538.66099999996,280692.79,178490.373,306178.954,80362.0,225816.95400000003,0.0,54691.339,559985.676,26967.85,535154.738,606874.753,336037.0,20063.0,250774.75300000003,3182810.634,865629.096,503626.929,966123.0,0.0,468235.5,36368.0,17967.0,324615.164,245.0,3182809.689,0.0,639472.198,149163.83,490308.368,1019899.0,212615.0,50594.80300000007,627753.0,305316.0,319043.0,3394.0,93227.609,37043.8,344916.529,74163.0,3099684.939,3099684.939,3182809.689,-83124.75,375007.891,291883.141
1999,9631172.0,629722.477,454256.732,175465.74499999994,295604.095,193328.239,347149.081,85349.0,261800.081,0.0,55479.242,583827.782,28448.573,573592.952,629892.83,342955.0,20938.0,265999.82999999996,3337045.271,915614.883,545123.298,1000934.0,0.0,454256.732,45209.0,16258.852000000014,353080.229,6738.133,3337215.127,0.0,673584.41,156289.33,517295.0800000001,1099080.0,222065.0,56947.79000000004,664578.0,321429.0,339675.0,3474.0,95881.119,36062.19999999998,360157.738,81673.5,3290029.757,3290029.757,3337215.127,-47185.369999999646,358375.613,311190.24300000037
2000,10250952.0,640251.827,453482.53,186769.29700000002,304718.411,208038.842,373169.411,90234.0,282935.411,0.0,54200.965,621853.096,31398.611,619307.532,662856.371,361840.0,20849.0,280167.37100000004,3515795.066,973339.113,591331.489,1053771.86,0.0,453482.53,45840.0,17932.79999999999,375744.877,4579.875,3516022.544,0.0,708555.375,160608.09,547947.285,1224537.86,230942.0,53379.82499999995,709393.0,343184.0,362482.0,3727.0,105391.214,39241.19999999998,386624.99,91518.8,3549584.265,3549584.265,3516022.544,33561.7209999999,348091.316,381653.0369999999
2001,10581929.0,647037.415,448001.57,199035.84500000003,328093.39,224111.241,404861.501,100716.0,304145.501,0.0,57886.802,699008.087,34024.498,666547.338,706673.366,381201.0,32406.0,293066.36600000004,3768243.639,1040355.173,650015.251,1155628.0,0.0,448001.57,58709.941,16861.882999999973,397954.979,1315.942,3768842.739,0.0,727689.915,162390.83,565299.0850000001,1227294.67,168400.0,53413.28200000012,736953.0,355682.0,377188.0,4083.0,99691.305,43367.899999999994,416414.782,99333.20000000001,3572558.054,3572558.054,3768842.739,-196284.68500000006,348310.265,152025.57999999996
2002,10929108.0,654548.655,440411.055,214137.60000000003,375051.689,237592.539,415611.559,104737.0,310874.559,0.0,64421.102,762344.815,36133.035,695085.915,774139.048,397480.0,53882.0,322777.04799999995,4014928.358,1112192.935,703330.402,1260931.445,0.0,440411.055,41396.078,19396.166000000027,430113.976,7821.332,4015593.389,0.0,760030.335,171072.36,588957.975,1039681.14,156116.0,53925.66300000006,755251.0,363345.0,387470.0,4436.0,87151.166,39105.37700000001,440842.191,103150.9,3435253.773,3435253.773,4015593.389,-580339.6159999999,353259.88899999997,-227079.72699999996
2003,11456450.0,685221.824,463807.368,221414.456,435328.849,244496.72,439769.065,113546.0,326223.065,0.0,69159.476,821226.94,36264.168,725033.762,813020.561,409755.0,53410.0,349855.561,4269521.366,1181623.489,749198.181,1331353.389,0.0,463807.368,49057.129,21661.131999999983,447896.371,23808.534,4268405.593,0.0,805616.205,179915.79,625700.4149999999,990647.63,209199.04,51059.09300000002,783208.0,379152.0,398866.0,5190.0,79368.961,38500.216,465685.07,109539.79999999999,3532824.016,3532824.016,4268405.593,-735581.5770000005,384438.407,-351143.1700000005
2004,12217196.0,705159.195,469815.81,235343.38499999995,478666.819,258055.997,453331.299,114888.0,338443.299,0.0,77988.18,890655.196,37500.098,764033.27,839003.682,425006.0,37930.0,376067.68200000003,4504393.737,1243697.401,805515.196,1415500.85,0.0,469815.81,46386.317,22977.370999999985,470328.885,29028.346,4503250.177,0.0,868097.95,188289.51,679808.44,1034514.74,268525.35,60081.707999999984,833633.0,404967.0,422895.0,5771.0,81421.069,37602.386,492938.386,119806.65100000001,3796621.239,3796621.239,4503250.177,-706628.9380000001,388394.741,-318234.1970000001
2005,13039197.0,764236.628,510670.627,253566.00100000005,513770.24,271234.669,489855.485,123641.0,366214.485,0.0,103388.344,947416.945,39896.217,804646.874,884142.765,445561.0,31912.0,406669.765,4818588.168,1302528.506,865431.976,1502498.469,0.0,510670.627,60910.656,28311.19299999997,492726.341,54507.462,4817585.229,0.0,942437.844,200089.02,742348.824,1197978.38,368656.48,62384.37900000019,878012.0,423936.0,447868.0,6208.0,92181.041,43666.08900000001,522628.473,127727.0,4235671.686,4235671.686,4817585.229,-581913.5430000005,418489.586,-163423.95700000052
2006,13815583.0,818874.873,549313.0,269561.873,540534.592,287810.168,491532.505,132359.0,359173.505,0.0,80498.237,1026483.384,42358.48,851597.628,926561.9,471393.0,30784.0,424384.9,5066251.768,1361191.919,927629.762,1605433.825,0.0,549313.0,51467.183,29338.947999999975,516963.063,24028.469,5065366.17,0.0,997039.669,208076.04,788963.629,1343767.77,424892.18,60303.756999999925,927134.996,442435.996,477798.0,6901.000000000058,111402.829,52709.168999999994,552549.926,132990.338,4602790.633,4602790.633,5065366.17,-462575.53699999955,437910.171,-24665.365999999573
2007,14474228.0,875130.566,588072.284,287058.282,571935.267,308144.94,531882.161,141093.0,390789.16099999996,0.0,90129.155,1112871.249,45537.068,903673.517,970032.101,497239.0,33250.0,439543.101,5409336.023,1435199.987,982902.893,1710624.611,0.0,588072.284,54584.205,35858.56400000001,569710.3350000001,31579.297,5408532.177,0.0,1036829.495,209012.58,827816.915,1479085.26,387442.45,57898.255999999994,966126.0,456602.0,502390.0,7134.0,124970.643,61029.41900000001,576363.629,140470.084,4830215.236,4830215.236,5408532.177,-578316.9410000006,463101.641,-115215.30000000057
2008,14769862.0,882135.735,580947.58,301188.155,635394.013,329027.758,600208.003,152250.0,447958.003,0.0,98680.54,1179124.888,47764.45,950600.24,1137683.538,520609.0,51942.0,565132.538,5860619.164,1508500.556,1065022.739,1934796.251,0.0,580947.58,52556.704,38875.082999999984,585161.431,94428.313,5860288.656,0.0,1049739.941,208032.89,841707.0510000001,1497636.7,252985.74,56904.54200000013,993186.998,465850.998,519668.0,7668.0,110796.078,61622.768,598117.44,152143.783,4773133.99,4773133.99,5860288.656,-1087154.6660000002,470151.502,-617003.1640000002
2009,14478067.0,923143.279,609503.375,313639.904,667639.301,335320.511,607221.798,154630.0,452591.79799999995,0.0,186497.23,1260156.668,47867.696,975632.156,1250148.052,581172.0,141309.0,527667.0519999999,6253626.692,1557620.756,1100012.633,2123722.831,0.0,609503.375,58347.454,46939.78500000003,608489.5530000001,149220.446,6253856.833,0.0,1026817.639,211347.6,815470.039,1138243.28,197471.22,52108.11400000003,969231.0,451350.0,508983.0,8898.0,97719.777,87285.231,618015.939,167884.292,4354776.492,4354776.492,6253856.833,-1899080.341,511783.598,-1387296.743
2010,15048971.0,955757.763,635478.722,320279.0410000001,702746.644,340218.02,598451.841,158077.0,440374.841,0.0,144443.718,1326857.893,47314.596,1007461.708,1350736.161,590158.0,149939.0,610639.1610000001,6473988.345,1608903.189,1134885.812,2297899.951,0.0,635478.722,55808.198,46769.03899999999,616860.2359999999,76048.434,6472653.579,0.0,1063073.708,221990.49,841083.2180000001,1223218.27,265480.7,47963.09600000008,988670.0,461702.0,517540.0,9428.0,94857.804,118766.84899999999,638616.034,165927.621,4606574.082,4606574.082,6472653.579,-1866079.4969999995,540620.918,-1325458.5789999994
2011,15599732.0,997415.147,677554.699,319860.448,704181.585,340615.827,592842.218,163814.0,429028.218,0.0,131427.881,1370876.206,45671.284,1013620.767,1339683.448,607975.0,107388.0,624320.4480000001,6536334.363,1618907.88,1128438.595,2327187.164,0.0,677554.699,60007.657,49759.375,610980.292,62222.932,6535058.593,0.0,1103723.785,236404.39,867319.3949999999,1439916.71,272337.53,43561.36800000002,921061.0,484721.0,426192.0,10148.0,89166.095,119735.869,663459.084,169476.417,4822437.856,4822437.856,6535058.593,-1712620.7370000007,588388.604,-1124232.1330000006
2012,16253970.0,1010033.922,689596.651,320437.27100000007,681125.469,339539.731,590335.874,167607.0,422728.87399999995,0.0,109787.729,1403000.11,44700.482,1016503.559,1321346.849,650915.0,84015.0,586416.8489999999,6516373.726,1621201.062,1123956.777,2340536.986,0.0,689596.651,58037.236,49347.785999999964,594275.605,38411.636,6515363.741,0.0,1136114.869,246206.5,889908.369,1496165.54,325365.24,49287.19299999997,955160.0,505359.0,439622.0,10179.0,81736.972,136294.93800000002,675568.46,162653.354,5018346.565,5018346.565,6515363.741,-1497017.176,607859.679,-889157.497
2013,16880683.0,992745.97,672212.099,320533.8709999999,630686.666,344103.866,593823.77,171020.0,422803.77,0.0,91921.76,1450339.87,45212.448,1048551.33,1351526.623,685439.0,62634.0,603453.6229999999,6548912.303,1665523.741,1106278.623,2404772.77,0.0,672212.099,59719.999,47733.16300000006,573850.645,18820.683,6548911.724,0.0,1185823.335,259502.95,926320.385,1664969.38,352092.32,56871.55900000005,1109440.004,519064.004,580938.0,9438.0,84143.518,237128.02300000004,697569.255,177334.927,5565372.32,5565372.32,6548911.724,-983539.4040000001,588068.581,-395470.8230000001
2014,17608138.0,1010381.13,687143.445,323237.68500000006,609863.96,355338.715,602218.18,175228.0,426990.18000000005,0.0,92604.771,1559778.01,46867.361,1074064.418,1369950.926,720597.0,35548.0,613805.926,6721067.471,1706888.623,1109382.952,2518136.279,0.0,687143.445,58089.621,45832.16399999999,577596.07,17999.072,6721068.225,0.0,1237711.987,271970.88,965741.107,1774366.47,395998.87,55498.503000000135,1158801.0,539138.0,610174.0,9489.0,87966.895,165203.717,724374.363,210010.695,5809932.5,5809932.5,6721068.225,-911135.7249999996,599176.5499999999,-311959.1749999997
2015,18295019.0,1013142.399,684055.242,329087.157,598109.432,367384.062,597835.176,178028.0,419807.176,0.0,93091.039,1667615.193,49115.713,1107641.709,1417046.568,755559.0,32333.0,629154.568,6910981.291,1758064.369,1122677.262,2655547.913,0.0,684055.242,57191.776,44778.06599999999,572944.9369999999,15721.814,6910981.379,0.0,1273453.764,282418.44,991035.324,1930078.73,385149.68,58536.317000000236,1210015.0,561936.0,638443.0,9636.0,92005.624,149646.963,754995.7,214819.237,6068701.015,6068701.015,6910981.379,-842280.3640000001,592049.618,-250230.74600000004
2016,18804913.0,1058176.259,723355.354,334820.905,598213.229,377342.978,638794.061,178514.0,460280.061,0.0,96574.034,1748010.775,52285.061,1141085.073,1445979.763,782642.0,32209.0,631128.763,7156461.232,1798954.79,1156175.962,2738214.998,0.0,723355.354,61747.977,48247.56099999999,616459.3200000001,13305.273,7156461.234,0.0,1309125.709,283723.19,1025402.5190000001,1948742.07,365045.26,59339.4569999997,1244366.0,574223.0,661087.0,9056.0,96355.837,127568.467,784983.885,207005.354,6142532.039,6142532.039,7156461.234,-1013929.1950000003,626999.517,-386929.6780000003
2017,19612102.0,1096676.761,754303.135,342373.62599999993,615698.504,387046.336,666733.771,183927.0,482806.77099999995,0.0,109333.118,1818221.045,53744.867,1175048.699,1484863.708,812970.0,30666.0,641227.7080000001,7407366.808,1846072.384,1189671.226,2829233.49,0.0,754303.135,59874.629,46035.95499999996,655882.4430000001,26290.546,7407363.809,0.0,1363971.418,286265.63,1077705.7880000002,2038756.05,284778.24,296515.767,1304155.356,598065.739,697317.0,8772.61699999997,99992.7,126347.35600000001,814027.207,210092.352,6538636.446,6538636.446,7407363.809,-868727.3629999999,654310.435,-214416.92799999984
2018,20656516.0,1175589.445,813325.283,362264.162,660146.734,409599.825,706593.072,193558.0,513035.07200000004,0.0,103374.796,1917122.684,56626.998,1220164.419,1543280.817,859352.0,28097.0,655831.817,7792498.79,1922216.916,1273236.631,2948745.105,0.0,813325.283,63319.907,51495.42500000005,703730.876,16427.647,7792497.79,0.0,1457093.764,314554.54,1142539.224,2062488.99,285084.1,65513.13699999997,1367037.848,618401.787,740001.0,8635.060999999987,110157.049,104384.60399999999,852289.447,225039.87099999998,6529088.811,6529088.811,7792497.79,-1263408.9790000003,703168.234,-560240.7450000002
2019,21539982.0,1248895.213,869813.399,379081.814,712831.103,429915.824,739957.371,200941.0,539016.371,0.0,105847.652,2049103.632,59846.134,1261931.824,1628795.931,917600.0,27924.0,683271.9310000001,8237124.686,1978596.037,1380045.071,3114746.583,0.0,869813.399,72956.056,50411.263000000035,744955.8169999999,25600.437,8237124.663,0.0,1533631.65,308999.96,1224631.69,2186974.92,283701.19,59616.250999999844,1430159.042,644191.653,777280.0,8687.38899999985,116552.776,90286.96699999999,877649.558,216817.122,6795389.475,6795389.475,8237124.663,-1441735.188,753260.623,-688474.5650000001
2020,21375281.0,1219433.871,800332.029,419101.84200000006,744555.526,440726.567,1411823.925,217580.0,1194243.925,0.0,110199.659,2267812.493,58202.551,1289087.625,2559086.275,967319.0,535088.0,1056679.275,10100928.491,2046405.832,1476158.246,4221493.248,0.0,800332.029,698507.695,53168.94099999999,788924.511,15937.988,10100928.491,0.0,1521265.086,290152.25,1231112.836,2236277.56,298184.9,64940.17599999981,1454886.173,652243.008,793815.0,8828.16499999992,105146.039,109603.16599999998,895789.409,211420.857,6897513.366,6897513.366,10100928.491,-3203415.125,695185.99,-2508229.135
2021,23725645.0,1296334.512,838242.671,458091.84100000013,762089.573,454398.222,1347492.175,235544.0,1111948.175,0.0,171800.556,2454450.411,59045.126,1374561.32,2835416.63,1007796.0,318237.0,1509383.63,10755588.525,2107936.768,1656490.722,4599144.218,0.0,838242.671,626071.775,62338.82999999996,794583.4970000001,70780.043,10755588.525,0.0,1700085.507,315961.7,1384123.807,2684016.82,455058.22,79742.8920000004,1565075.736,700312.871,855680.0,9082.86499999999,96971.714,138526.248,971286.64,229356.712,7920120.488,7920120.488,10755588.525,-2835468.0370000005,741270.9569999999,-2094197.0800000005
2022,26054614.0,1490974.196,953966.157,537008.039,775165.336,479842.514,781385.793,257902.0,523483.79299999995,0.0,133482.58,2642968.524,66667.666,1475856.37,2163431.605,1103412.0,23956.0,1036063.605,10009774.585,2168372.376,1830264.459,4041796.605,0.0,953966.157,127994.155,92792.34900000005,754553.096,40035.388,10009774.585,0.0,1834472.028,337057.92,1497414.108,3233693.84,586077.97,84588.46700000006,1710409.722,758751.779,941970.0,9687.943000000087,103807.128,100827.80900000001,1084922.224,301657.595,9040456.783,9040456.783,10009774.585,-969317.8020000011,850159.029,-119158.77300000109
2023,27811517.0,1892750.927,1205507.31,687243.6169999999,843208.873,502015.432,931491.81,253086.0,678405.81,0.0,133268.936,2793736.109,71142.526,1548190.238,2190269.166,1243134.0,33423.0,913712.1660000002,10906074.016,2313103.325,1878643.78,4182525.164,0.0,1205507.31,102252.21,89722.37800000003,936822.199,197281.347,10905857.712,0.0,1861012.925,351713.18,1509299.745,2827030.13,597797.88,87643.14200000031,1807061.809,806897.375,989670.0,10494.433999999892,126917.405,40614.17499999999,1090737.495,255262.93600000002,8694077.898,8694077.898,10905857.712,-2211779.8139999993,1078589.905,-1133189.9089999993
2024,29298013.0,2007399.057,1384602.216,622796.841,911016.878,527425.669,977880.092,262560.0,715320.092,0.0,159975.763,3011464.429,74322.066,1639217.165,2284747.742,1328669.0,36701.0,919377.7420000001,11593448.861,2470130.954,1962620.107,4490018.426,0.0,1384602.216,94239.408,87735.45099999988,1006212.847,96613.835,11592173.245,0.0,1954685.245,371261.66,1583423.5850000002,2978261.04,663685.03,92995.5120000001,1929607.763,857774.046,1060628.0,11205.717000000179,154038.883,38865.492,1134952.182,289642.444,9236733.593,9236733.593,11592173.245,-2355439.651999999,1230563.333,-1124876.3189999987
