iso3,year,series_variant,tr_lcu_mn,te_lcu_mn,nlb_lcu_mn,b9_anchor_lcu_mn,ni_lcu_mn,pb_lcu_mn,complete_both_sides,source_id,run_id
GBR,1990,strict,227587.0,237527.0,-9940.0,-9940.0,,,False,ONS_GG_RECEIPTS,20261009T135556Z
GBR,1990,maximum_extension,227587.0,237527.0,-9940.0,-9940.0,,,False,ONS_GG_RECEIPTS,20261009T135556Z
GBR,1991,strict,238031.0,257370.0,-19339.0,-19339.0,,,False,ONS_GG_RECEIPTS,20261009T135556Z
GBR,1991,maximum_extension,238031.0,257370.0,-19339.0,-19339.0,,,False,ONS_GG_RECEIPTS,20261009T135556Z
GBR,1992,strict,241577.0,281615.0,-40038.0,-40038.0,,,False,ONS_GG_RECEIPTS,20261009T135556Z
GBR,1992,maximum_extension,241577.0,281615.0,-40038.0,-40038.0,,,False,ONS_GG_RECEIPTS,20261009T135556Z
GBR,1993,strict,244677.0,298094.0,-53417.0,-53417.0,,,False,ONS_GG_RECEIPTS,20261009T135556Z
GBR,1993,maximum_extension,244677.0,298094.0,-53417.0,-53417.0,,,False,ONS_GG_RECEIPTS,20261009T135556Z
GBR,1994,strict,262194.0,311997.0,-49803.0,-49803.0,,,False,ONS_GG_RECEIPTS,20261009T135556Z
GBR,1994,maximum_extension,262194.0,311997.0,-49803.0,-49803.0,,,False,ONS_GG_RECEIPTS,20261009T135556Z
GBR,1995,strict,282664.0,328874.0,-46210.0,-46210.0,22906.0,-23304.0,True,ONS_GG_RECEIPTS,20261009T135556Z
GBR,1995,maximum_extension,282664.0,328874.0,-46210.0,-46210.0,22906.0,-23304.0,True,ONS_GG_RECEIPTS,20261009T135556Z
GBR,1996,strict,300002.0,337467.0,-37465.0,-37465.0,24263.0,-13202.0,True,ONS_GG_RECEIPTS,20261009T135556Z
GBR,1996,maximum_extension,300002.0,337467.0,-37465.0,-37465.0,24263.0,-13202.0,True,ONS_GG_RECEIPTS,20261009T135556Z
GBR,1997,strict,322933.0,341776.0,-18843.0,-18843.0,24571.0,5728.0,True,ONS_GG_RECEIPTS,20261009T135556Z
GBR,1997,maximum_extension,322933.0,341776.0,-18843.0,-18843.0,24571.0,5728.0,True,ONS_GG_RECEIPTS,20261009T135556Z
GBR,1998,strict,351490.0,353573.0,-2083.0,-2083.0,25469.0,23386.0,True,ONS_GG_RECEIPTS,20261009T135556Z
GBR,1998,maximum_extension,351490.0,353573.0,-2083.0,-2083.0,25469.0,23386.0,True,ONS_GG_RECEIPTS,20261009T135556Z
GBR,1999,strict,372689.0,364712.0,7977.0,7977.0,22892.0,30869.0,True,ONS_GG_RECEIPTS,20261009T135556Z
GBR,1999,maximum_extension,372689.0,364712.0,7977.0,7977.0,22892.0,30869.0,True,ONS_GG_RECEIPTS,20261009T135556Z
GBR,2000,strict,402079.0,386659.0,15420.0,15420.0,23486.0,38906.0,True,ONS_GG_RECEIPTS,20261009T135556Z
GBR,2000,maximum_extension,402079.0,386659.0,15420.0,15420.0,23486.0,38906.0,True,ONS_GG_RECEIPTS,20261009T135556Z
GBR,2001,strict,417942.0,414039.0,3903.0,3903.0,21385.0,25288.0,True,ONS_GG_RECEIPTS,20261009T135556Z
GBR,2001,maximum_extension,417942.0,414039.0,3903.0,3903.0,21385.0,25288.0,True,ONS_GG_RECEIPTS,20261009T135556Z
GBR,2002,strict,423991.0,447236.0,-23245.0,-23245.0,19557.0,-3688.0,True,ONS_GG_RECEIPTS,20261009T135556Z
GBR,2002,maximum_extension,423991.0,447236.0,-23245.0,-23245.0,19557.0,-3688.0,True,ONS_GG_RECEIPTS,20261009T135556Z
GBR,2003,strict,447902.0,488220.0,-40318.0,-40318.0,20662.0,-19656.0,True,ONS_GG_RECEIPTS,20261009T135556Z
GBR,2003,maximum_extension,447902.0,488220.0,-40318.0,-40318.0,20662.0,-19656.0,True,ONS_GG_RECEIPTS,20261009T135556Z
GBR,2004,strict,488059.0,529773.0,-41714.0,-41714.0,22421.0,-19293.0,True,ONS_GG_RECEIPTS,20261009T135556Z
GBR,2004,maximum_extension,488059.0,529773.0,-41714.0,-41714.0,22421.0,-19293.0,True,ONS_GG_RECEIPTS,20261009T135556Z
GBR,2005,strict,532688.0,576622.0,-43934.0,-43934.0,25562.0,-18372.0,True,ONS_GG_RECEIPTS,20261009T135556Z
GBR,2005,maximum_extension,532688.0,576622.0,-43934.0,-43934.0,25562.0,-18372.0,True,ONS_GG_RECEIPTS,20261009T135556Z
GBR,2006,strict,561010.0,601477.0,-40467.0,-40467.0,26476.0,-13991.0,True,ONS_GG_RECEIPTS,20261009T135556Z
GBR,2006,maximum_extension,561010.0,601477.0,-40467.0,-40467.0,26476.0,-13991.0,True,ONS_GG_RECEIPTS,20261009T135556Z
GBR,2007,strict,594042.0,634877.0,-40835.0,-40835.0,29330.0,-11505.0,True,ONS_GG_RECEIPTS,20261009T135556Z
GBR,2007,maximum_extension,594042.0,634877.0,-40835.0,-40835.0,29330.0,-11505.0,True,ONS_GG_RECEIPTS,20261009T135556Z
GBR,2008,strict,625274.0,706148.0,-80874.0,-80874.0,28203.0,-52671.0,True,ONS_GG_RECEIPTS,20261009T135556Z
GBR,2008,maximum_extension,625274.0,706148.0,-80874.0,-80874.0,28203.0,-52671.0,True,ONS_GG_RECEIPTS,20261009T135556Z
GBR,2009,strict,576520.0,732024.0,-155504.0,-155504.0,24825.0,-130679.0,True,ONS_GG_RECEIPTS,20261009T135556Z
GBR,2009,maximum_extension,576520.0,732024.0,-155504.0,-155504.0,24825.0,-130679.0,True,ONS_GG_RECEIPTS,20261009T135556Z
GBR,2010,strict,612140.0,761564.0,-149424.0,-149424.0,42323.0,-107101.0,True,ONS_GG_RECEIPTS,20261009T135556Z
GBR,2010,maximum_extension,612140.0,761564.0,-149424.0,-149424.0,42323.0,-107101.0,True,ONS_GG_RECEIPTS,20261009T135556Z
GBR,2011,strict,637367.0,761359.0,-123992.0,-123992.0,48398.0,-75594.0,True,ONS_GG_RECEIPTS,20261009T135556Z
GBR,2011,maximum_extension,637367.0,761359.0,-123992.0,-123992.0,48398.0,-75594.0,True,ONS_GG_RECEIPTS,20261009T135556Z
GBR,2012,strict,643820.0,780852.0,-137032.0,-137032.0,44754.0,-92278.0,True,ONS_GG_RECEIPTS,20261009T135556Z
GBR,2012,maximum_extension,643820.0,780852.0,-137032.0,-137032.0,44754.0,-92278.0,True,ONS_GG_RECEIPTS,20261009T135556Z
GBR,2013,strict,685641.0,780359.0,-94718.0,-94718.0,45690.0,-49028.0,True,ONS_GG_RECEIPTS,20261009T135556Z
GBR,2013,maximum_extension,685641.0,780359.0,-94718.0,-94718.0,45690.0,-49028.0,True,ONS_GG_RECEIPTS,20261009T135556Z
GBR,2014,strict,700490.0,803006.0,-102516.0,-102516.0,44668.0,-57848.0,True,ONS_GG_RECEIPTS,20261009T135556Z
GBR,2014,maximum_extension,700490.0,803006.0,-102516.0,-102516.0,44668.0,-57848.0,True,ONS_GG_RECEIPTS,20261009T135556Z
GBR,2015,strict,725144.0,812579.0,-87435.0,-87435.0,39434.0,-48001.0,True,ONS_GG_RECEIPTS,20261009T135556Z
GBR,2015,maximum_extension,725144.0,812579.0,-87435.0,-87435.0,39434.0,-48001.0,True,ONS_GG_RECEIPTS,20261009T135556Z
GBR,2016,strict,763115.0,828878.0,-65763.0,-65763.0,44321.0,-21442.0,True,ONS_GG_RECEIPTS,20261009T135556Z
GBR,2016,maximum_extension,763115.0,828878.0,-65763.0,-65763.0,44321.0,-21442.0,True,ONS_GG_RECEIPTS,20261009T135556Z
GBR,2017,strict,805501.0,857578.0,-52077.0,-52077.0,51080.0,-997.0,True,ONS_GG_RECEIPTS,20261009T135556Z
GBR,2017,maximum_extension,805501.0,857578.0,-52077.0,-52077.0,51080.0,-997.0,True,ONS_GG_RECEIPTS,20261009T135556Z
GBR,2018,strict,832110.0,880582.0,-48472.0,-48472.0,47713.0,-759.0,True,ONS_GG_RECEIPTS,20261009T135556Z
GBR,2018,maximum_extension,832110.0,880582.0,-48472.0,-48472.0,47713.0,-759.0,True,ONS_GG_RECEIPTS,20261009T135556Z
GBR,2019,strict,859047.0,912674.0,-53627.0,-53627.0,43024.0,-10603.0,True,ONS_GG_RECEIPTS,20261009T135556Z
GBR,2019,maximum_extension,859047.0,912674.0,-53627.0,-53627.0,43024.0,-10603.0,True,ONS_GG_RECEIPTS,20261009T135556Z
GBR,2020,strict,825490.0,1099852.0,-274362.0,-274362.0,36298.0,-238064.0,True,ONS_GG_RECEIPTS,20261009T135556Z
GBR,2020,maximum_extension,825490.0,1099852.0,-274362.0,-274362.0,36298.0,-238064.0,True,ONS_GG_RECEIPTS,20261009T135556Z
GBR,2021,strict,926020.0,1101087.0,-175067.0,-175067.0,57676.0,-117391.0,True,ONS_GG_RECEIPTS,20261009T135556Z
GBR,2021,maximum_extension,926020.0,1101087.0,-175067.0,-175067.0,57676.0,-117391.0,True,ONS_GG_RECEIPTS,20261009T135556Z
GBR,2022,strict,1056873.0,1175592.0,-118719.0,-118719.0,100283.0,-18436.0,True,ONS_GG_RECEIPTS,20261009T135556Z
GBR,2022,maximum_extension,1056873.0,1175592.0,-118719.0,-118719.0,100283.0,-18436.0,True,ONS_GG_RECEIPTS,20261009T135556Z
GBR,2023,strict,1114183.0,1280766.0,-166583.0,-166583.0,70508.0,-96075.0,True,ONS_GG_RECEIPTS,20261009T135556Z
GBR,2023,maximum_extension,1114183.0,1280766.0,-166583.0,-166583.0,70508.0,-96075.0,True,ONS_GG_RECEIPTS,20261009T135556Z
GBR,2024,strict,1162812.0,1337389.0,-174577.0,-174577.0,64640.0,-109937.0,True,ONS_GG_RECEIPTS,20261009T135556Z
GBR,2024,maximum_extension,1162812.0,1337389.0,-174577.0,-174577.0,64640.0,-109937.0,True,ONS_GG_RECEIPTS,20261009T135556Z
GBR,2025,strict,1246259.0,1403741.0,-157482.0,-157482.0,,,False,ONS_GG_RECEIPTS,20261009T135556Z
GBR,2025,maximum_extension,1246259.0,1403741.0,-157482.0,-157482.0,,,False,ONS_GG_RECEIPTS,20261009T135556Z
FRA,1995,strict,618331.7,680370.4,-62038.70000000007,-62038.7,36951.6,-25087.10000000007,True,EUROSTAT_GOV10A_MAIN,20261009T135556Z
FRA,1995,maximum_extension,618331.7,680370.4,-62038.70000000007,-62038.7,36951.6,-25087.10000000007,True,EUROSTAT_GOV10A_MAIN,20261009T135556Z
FRA,1996,strict,649939.5,698523.5,-48584.0,-48584.0,40888.1,-7695.9000000000015,True,EUROSTAT_GOV10A_MAIN,20261009T135556Z
FRA,1996,maximum_extension,649939.5,698523.5,-48584.0,-48584.0,40888.1,-7695.9000000000015,True,EUROSTAT_GOV10A_MAIN,20261009T135556Z
FRA,1997,strict,668781.4,716646.7,-47865.29999999993,-47865.3,40466.399999999994,-7398.899999999936,True,EUROSTAT_GOV10A_MAIN,20261009T135556Z
FRA,1997,maximum_extension,668781.4,716646.7,-47865.29999999993,-47865.3,40466.399999999994,-7398.899999999936,True,EUROSTAT_GOV10A_MAIN,20261009T135556Z
FRA,1998,strict,694521.4,726716.1,-32194.699999999953,-32194.7,40620.600000000006,8425.900000000052,True,EUROSTAT_GOV10A_MAIN,20261009T135556Z
FRA,1998,maximum_extension,694521.4,726716.1,-32194.699999999953,-32194.7,40620.600000000006,8425.900000000052,True,EUROSTAT_GOV10A_MAIN,20261009T135556Z
FRA,1999,strict,727044.7,748589.0,-21544.300000000047,-21544.3,39721.8,18177.499999999956,True,EUROSTAT_GOV10A_MAIN,20261009T135556Z
FRA,1999,maximum_extension,727044.7,748589.0,-21544.300000000047,-21544.3,39721.8,18177.499999999956,True,EUROSTAT_GOV10A_MAIN,20261009T135556Z
FRA,2000,strict,756006.5,775348.7,-19342.199999999953,-19342.2,40662.9,21320.700000000048,True,EUROSTAT_GOV10A_MAIN,20261009T135556Z
FRA,2000,maximum_extension,756006.5,775348.7,-19342.199999999953,-19342.2,40662.9,21320.700000000048,True,EUROSTAT_GOV10A_MAIN,20261009T135556Z
FRA,2001,strict,786539.0,808225.6,-21686.599999999977,-21686.6,42443.6,20757.000000000022,True,EUROSTAT_GOV10A_MAIN,20261009T135556Z
FRA,2001,maximum_extension,786539.0,808225.6,-21686.599999999977,-21686.6,42443.6,20757.000000000022,True,EUROSTAT_GOV10A_MAIN,20261009T135556Z
FRA,2002,strict,800986.5,851107.4,-50120.90000000002,-50120.9,43699.7,-6421.200000000026,True,EUROSTAT_GOV10A_MAIN,20261009T135556Z
FRA,2002,maximum_extension,800986.5,851107.4,-50120.90000000002,-50120.9,43699.7,-6421.200000000026,True,EUROSTAT_GOV10A_MAIN,20261009T135556Z
FRA,2003,strict,815468.6,881785.6,-66317.0,-66317.0,42494.0,-23823.0,True,EUROSTAT_GOV10A_MAIN,20261009T135556Z
FRA,2003,maximum_extension,815468.6,881785.6,-66317.0,-66317.0,42494.0,-23823.0,True,EUROSTAT_GOV10A_MAIN,20261009T135556Z
FRA,2004,strict,855606.6,915906.4,-60299.80000000005,-60299.8,44509.7,-15790.10000000005,True,EUROSTAT_GOV10A_MAIN,20261009T135556Z
FRA,2004,maximum_extension,855606.6,915906.4,-60299.80000000005,-60299.8,44509.7,-15790.10000000005,True,EUROSTAT_GOV10A_MAIN,20261009T135556Z
FRA,2005,strict,894341.1,956142.5,-61801.40000000002,-61801.4,45167.6,-16633.800000000025,True,EUROSTAT_GOV10A_MAIN,20261009T135556Z
FRA,2005,maximum_extension,894341.1,956142.5,-61801.40000000002,-61801.4,45167.6,-16633.800000000025,True,EUROSTAT_GOV10A_MAIN,20261009T135556Z
FRA,2006,strict,943178.2,992240.8,-49062.60000000009,-49062.6,45518.799999999996,-3543.8000000000975,True,EUROSTAT_GOV10A_MAIN,20261009T135556Z
FRA,2006,maximum_extension,943178.2,992240.8,-49062.60000000009,-49062.6,45518.799999999996,-3543.8000000000975,True,EUROSTAT_GOV10A_MAIN,20261009T135556Z
FRA,2007,strict,981351.9,1039287.6,-57935.69999999995,-57935.7,48911.6,-9024.099999999955,True,EUROSTAT_GOV10A_MAIN,20261009T135556Z
FRA,2007,maximum_extension,981351.9,1039287.6,-57935.69999999995,-57935.7,48911.6,-9024.099999999955,True,EUROSTAT_GOV10A_MAIN,20261009T135556Z
FRA,2008,strict,1010530.4,1080220.5,-69690.09999999998,-69690.1,53113.6,-16576.499999999978,True,EUROSTAT_GOV10A_MAIN,20261009T135556Z
FRA,2008,maximum_extension,1010530.4,1080220.5,-69690.09999999998,-69690.1,53113.6,-16576.499999999978,True,EUROSTAT_GOV10A_MAIN,20261009T135556Z
FRA,2009,strict,979773.4,1122607.3,-142833.90000000002,-142833.9,45463.5,-97370.40000000002,True,EUROSTAT_GOV10A_MAIN,20261009T135556Z
FRA,2009,maximum_extension,979773.4,1122607.3,-142833.90000000002,-142833.9,45463.5,-97370.40000000002,True,EUROSTAT_GOV10A_MAIN,20261009T135556Z
FRA,2010,strict,1009201.3,1151961.8,-142760.5,-142760.5,49455.100000000006,-93305.4,True,EUROSTAT_GOV10A_MAIN,20261009T135556Z
FRA,2010,maximum_extension,1009201.3,1151961.8,-142760.5,-142760.5,49455.100000000006,-93305.4,True,EUROSTAT_GOV10A_MAIN,20261009T135556Z
FRA,2011,strict,1066319.2,1175704.7,-109385.5,-109385.5,54251.8,-55133.7,True,EUROSTAT_GOV10A_MAIN,20261009T135556Z
FRA,2011,maximum_extension,1066319.2,1175704.7,-109385.5,-109385.5,54251.8,-55133.7,True,EUROSTAT_GOV10A_MAIN,20261009T135556Z
FRA,2012,strict,1100965.9,1208953.1,-107987.20000000019,-107987.2,54340.2,-53647.00000000019,True,EUROSTAT_GOV10A_MAIN,20261009T135556Z
FRA,2012,maximum_extension,1100965.9,1208953.1,-107987.20000000019,-107987.2,54340.2,-53647.00000000019,True,EUROSTAT_GOV10A_MAIN,20261009T135556Z
FRA,2013,strict,1137646.2,1242358.0,-104711.80000000005,-104711.8,50041.5,-54670.30000000005,True,EUROSTAT_GOV10A_MAIN,20261009T135556Z
FRA,2013,maximum_extension,1137646.2,1242358.0,-104711.80000000005,-104711.8,50041.5,-54670.30000000005,True,EUROSTAT_GOV10A_MAIN,20261009T135556Z
FRA,2014,strict,1159145.1,1257649.1,-98504.0,-98504.0,49398.6,-49105.4,True,EUROSTAT_GOV10A_MAIN,20261009T135556Z
FRA,2014,maximum_extension,1159145.1,1257649.1,-98504.0,-98504.0,49398.6,-49105.4,True,EUROSTAT_GOV10A_MAIN,20261009T135556Z
FRA,2015,strict,1182326.8,1268007.8,-85681.0,-85681.0,46695.2,-38985.8,True,EUROSTAT_GOV10A_MAIN,20261009T135556Z
FRA,2015,maximum_extension,1182326.8,1268007.8,-85681.0,-85681.0,46695.2,-38985.8,True,EUROSTAT_GOV10A_MAIN,20261009T135556Z
FRA,2016,strict,1196622.9,1280648.1,-84025.20000000019,-84025.2,45238.9,-38786.300000000185,True,EUROSTAT_GOV10A_MAIN,20261009T135556Z
FRA,2016,maximum_extension,1196622.9,1280648.1,-84025.20000000019,-84025.2,45238.9,-38786.300000000185,True,EUROSTAT_GOV10A_MAIN,20261009T135556Z
FRA,2017,strict,1244386.9,1321444.6,-77057.70000000019,-77057.7,43611.9,-33445.800000000185,True,EUROSTAT_GOV10A_MAIN,20261009T135556Z
FRA,2017,maximum_extension,1244386.9,1321444.6,-77057.70000000019,-77057.7,43611.9,-33445.800000000185,True,EUROSTAT_GOV10A_MAIN,20261009T135556Z
FRA,2018,strict,1273016.1,1327632.3,-54616.19999999995,-54616.2,43910.200000000004,-10705.999999999949,True,EUROSTAT_GOV10A_MAIN,20261009T135556Z
FRA,2018,maximum_extension,1273016.1,1327632.3,-54616.19999999995,-54616.2,43910.200000000004,-10705.999999999949,True,EUROSTAT_GOV10A_MAIN,20261009T135556Z
FRA,2019,strict,1287929.2,1346154.7,-58225.5,-58225.5,38997.4,-19228.1,True,EUROSTAT_GOV10A_MAIN,20261009T135556Z
FRA,2019,maximum_extension,1287929.2,1346154.7,-58225.5,-58225.5,38997.4,-19228.1,True,EUROSTAT_GOV10A_MAIN,20261009T135556Z
FRA,2020,strict,1223272.6,1430357.0,-207084.3999999999,-207084.4,32520.8,-174563.59999999992,True,EUROSTAT_GOV10A_MAIN,20261009T135556Z
FRA,2020,maximum_extension,1223272.6,1430357.0,-207084.3999999999,-207084.4,32520.8,-174563.59999999992,True,EUROSTAT_GOV10A_MAIN,20261009T135556Z
FRA,2021,strict,1326231.8,1491381.1,-165149.30000000005,-165149.3,37212.8,-127936.50000000004,True,EUROSTAT_GOV10A_MAIN,20261009T135556Z
FRA,2021,maximum_extension,1326231.8,1491381.1,-165149.30000000005,-165149.3,37212.8,-127936.50000000004,True,EUROSTAT_GOV10A_MAIN,20261009T135556Z
FRA,2022,strict,1424435.6,1550331.4,-125895.79999999981,-125895.8,51873.6,-74022.19999999981,True,EUROSTAT_GOV10A_MAIN,20261009T135556Z
FRA,2022,maximum_extension,1424435.6,1550331.4,-125895.79999999981,-125895.8,51873.6,-74022.19999999981,True,EUROSTAT_GOV10A_MAIN,20261009T135556Z
FRA,2023,strict,1456350.5,1608270.8,-151920.30000000005,-151920.3,46532.9,-105387.40000000005,True,EUROSTAT_GOV10A_MAIN,20261009T135556Z
FRA,2023,maximum_extension,1456350.5,1608270.8,-151920.30000000005,-151920.3,46532.9,-105387.40000000005,True,EUROSTAT_GOV10A_MAIN,20261009T135556Z
FRA,2024,strict,1503590.1,1672708.2,-169118.09999999986,-169118.1,53489.399999999994,-115628.69999999987,True,EUROSTAT_GOV10A_MAIN,20261009T135556Z
FRA,2024,maximum_extension,1503590.1,1672708.2,-169118.09999999986,-169118.1,53489.399999999994,-115628.69999999987,True,EUROSTAT_GOV10A_MAIN,20261009T135556Z
FRA,2025,strict,1561626.1,1714137.2,-152511.09999999986,-152511.1,,,False,EUROSTAT_GOV10A_MAIN,20261009T135556Z
FRA,2025,maximum_extension,1561626.1,1714137.2,-152511.09999999986,-152511.1,,,False,EUROSTAT_GOV10A_MAIN,20261009T135556Z
DEU,1995,strict,870238.0,1049528.0,-179290.0,-179290.0,55400.0,-123890.0,True,EUROSTAT_GOV10A_MAIN,20261009T135556Z
DEU,1995,maximum_extension,870238.0,1049528.0,-179290.0,-179290.0,55400.0,-123890.0,True,EUROSTAT_GOV10A_MAIN,20261009T135556Z
DEU,1996,strict,885563.0,955732.0,-70169.0,-70169.0,56112.0,-14057.0,True,EUROSTAT_GOV10A_MAIN,20261009T135556Z
DEU,1996,maximum_extension,885563.0,955732.0,-70169.0,-70169.0,56112.0,-14057.0,True,EUROSTAT_GOV10A_MAIN,20261009T135556Z
DEU,1997,strict,899509.0,959060.0,-59551.0,-59551.0,57367.0,-2184.0,True,EUROSTAT_GOV10A_MAIN,20261009T135556Z
DEU,1997,maximum_extension,899509.0,959060.0,-59551.0,-59551.0,57367.0,-2184.0,True,EUROSTAT_GOV10A_MAIN,20261009T135556Z
DEU,1998,strict,923010.0,976592.0,-53582.0,-53582.0,59737.0,6155.0,True,EUROSTAT_GOV10A_MAIN,20261009T135556Z
DEU,1998,maximum_extension,923010.0,976592.0,-53582.0,-53582.0,59737.0,6155.0,True,EUROSTAT_GOV10A_MAIN,20261009T135556Z
DEU,1999,strict,968416.0,1007187.0,-38771.0,-38771.0,56260.0,17489.0,True,EUROSTAT_GOV10A_MAIN,20261009T135556Z
DEU,1999,maximum_extension,968416.0,1007187.0,-38771.0,-38771.0,56260.0,17489.0,True,EUROSTAT_GOV10A_MAIN,20261009T135556Z
DEU,2000,strict,986936.0,1023445.0,-36509.0,-36509.0,61933.0,25424.0,True,EUROSTAT_GOV10A_MAIN,20261009T135556Z
DEU,2000,maximum_extension,986936.0,1023445.0,-36509.0,-36509.0,61933.0,25424.0,True,EUROSTAT_GOV10A_MAIN,20261009T135556Z
DEU,2001,strict,977627.0,1046229.0,-68602.0,-68602.0,59975.0,-8627.0,True,EUROSTAT_GOV10A_MAIN,20261009T135556Z
DEU,2001,maximum_extension,977627.0,1046229.0,-68602.0,-68602.0,59975.0,-8627.0,True,EUROSTAT_GOV10A_MAIN,20261009T135556Z
DEU,2002,strict,981788.0,1072638.0,-90850.0,-90850.0,61344.0,-29506.0,True,EUROSTAT_GOV10A_MAIN,20261009T135556Z
DEU,2002,maximum_extension,981788.0,1072638.0,-90850.0,-90850.0,61344.0,-29506.0,True,EUROSTAT_GOV10A_MAIN,20261009T135556Z
DEU,2003,strict,1001289.0,1087101.0,-85812.0,-85812.0,60854.0,-24958.0,True,EUROSTAT_GOV10A_MAIN,20261009T135556Z
DEU,2003,maximum_extension,1001289.0,1087101.0,-85812.0,-85812.0,60854.0,-24958.0,True,EUROSTAT_GOV10A_MAIN,20261009T135556Z
DEU,2004,strict,998635.0,1077080.0,-78445.0,-78445.0,60137.0,-18308.0,True,EUROSTAT_GOV10A_MAIN,20261009T135556Z
DEU,2004,maximum_extension,998635.0,1077080.0,-78445.0,-78445.0,60137.0,-18308.0,True,EUROSTAT_GOV10A_MAIN,20261009T135556Z
DEU,2005,strict,1011597.0,1089993.0,-78396.0,-78396.0,58951.0,-19445.0,True,EUROSTAT_GOV10A_MAIN,20261009T135556Z
DEU,2005,maximum_extension,1011597.0,1089993.0,-78396.0,-78396.0,58951.0,-19445.0,True,EUROSTAT_GOV10A_MAIN,20261009T135556Z
DEU,2006,strict,1056690.0,1099274.0,-42584.0,-42584.0,58925.0,16341.0,True,EUROSTAT_GOV10A_MAIN,20261009T135556Z
DEU,2006,maximum_extension,1056690.0,1099274.0,-42584.0,-42584.0,58925.0,16341.0,True,EUROSTAT_GOV10A_MAIN,20261009T135556Z
DEU,2007,strict,1110816.0,1106879.0,3937.0,3937.0,61450.0,65387.0,True,EUROSTAT_GOV10A_MAIN,20261009T135556Z
DEU,2007,maximum_extension,1110816.0,1106879.0,3937.0,3937.0,61450.0,65387.0,True,EUROSTAT_GOV10A_MAIN,20261009T135556Z
DEU,2008,strict,1143471.0,1150280.0,-6809.0,-6809.0,60972.0,54163.0,True,EUROSTAT_GOV10A_MAIN,20261009T135556Z
DEU,2008,maximum_extension,1143471.0,1150280.0,-6809.0,-6809.0,60972.0,54163.0,True,EUROSTAT_GOV10A_MAIN,20261009T135556Z
DEU,2009,strict,1125612.0,1204819.0,-79207.0,-79207.0,59349.0,-19858.0,True,EUROSTAT_GOV10A_MAIN,20261009T135556Z
DEU,2009,maximum_extension,1125612.0,1204819.0,-79207.0,-79207.0,59349.0,-19858.0,True,EUROSTAT_GOV10A_MAIN,20261009T135556Z
DEU,2010,strict,1143087.0,1258707.0,-115620.0,-115620.0,56345.0,-59275.0,True,EUROSTAT_GOV10A_MAIN,20261009T135556Z
DEU,2010,maximum_extension,1143087.0,1258707.0,-115620.0,-115620.0,56345.0,-59275.0,True,EUROSTAT_GOV10A_MAIN,20261009T135556Z
DEU,2011,strict,1220989.0,1244063.0,-23074.0,-23074.0,55985.0,32911.0,True,EUROSTAT_GOV10A_MAIN,20261009T135556Z
DEU,2011,maximum_extension,1220989.0,1244063.0,-23074.0,-23074.0,55985.0,32911.0,True,EUROSTAT_GOV10A_MAIN,20261009T135556Z
DEU,2012,strict,1260986.0,1262507.0,-1521.0,-1521.0,52413.0,50892.0,True,EUROSTAT_GOV10A_MAIN,20261009T135556Z
DEU,2012,maximum_extension,1260986.0,1262507.0,-1521.0,-1521.0,52413.0,50892.0,True,EUROSTAT_GOV10A_MAIN,20261009T135556Z
DEU,2013,strict,1298112.0,1294600.0,3512.0,3512.0,42034.0,45546.0,True,EUROSTAT_GOV10A_MAIN,20261009T135556Z
DEU,2013,maximum_extension,1298112.0,1294600.0,3512.0,3512.0,42034.0,45546.0,True,EUROSTAT_GOV10A_MAIN,20261009T135556Z
DEU,2014,strict,1350164.0,1328332.0,21832.0,21832.0,38178.0,60010.0,True,EUROSTAT_GOV10A_MAIN,20261009T135556Z
DEU,2014,maximum_extension,1350164.0,1328332.0,21832.0,21832.0,38178.0,60010.0,True,EUROSTAT_GOV10A_MAIN,20261009T135556Z
DEU,2015,strict,1401532.0,1373293.0,28239.0,28239.0,34709.0,62948.0,True,EUROSTAT_GOV10A_MAIN,20261009T135556Z
DEU,2015,maximum_extension,1401532.0,1373293.0,28239.0,28239.0,34709.0,62948.0,True,EUROSTAT_GOV10A_MAIN,20261009T135556Z
DEU,2016,strict,1465493.0,1429256.0,36237.0,36237.0,30823.0,67060.0,True,EUROSTAT_GOV10A_MAIN,20261009T135556Z
DEU,2016,maximum_extension,1465493.0,1429256.0,36237.0,36237.0,30823.0,67060.0,True,EUROSTAT_GOV10A_MAIN,20261009T135556Z
DEU,2017,strict,1529123.0,1484552.0,44571.0,44571.0,28577.0,73148.0,True,EUROSTAT_GOV10A_MAIN,20261009T135556Z
DEU,2017,maximum_extension,1529123.0,1484552.0,44571.0,44571.0,28577.0,73148.0,True,EUROSTAT_GOV10A_MAIN,20261009T135556Z
DEU,2018,strict,1597995.0,1533328.0,64667.0,64667.0,25550.0,90217.0,True,EUROSTAT_GOV10A_MAIN,20261009T135556Z
DEU,2018,maximum_extension,1597995.0,1533328.0,64667.0,64667.0,25550.0,90217.0,True,EUROSTAT_GOV10A_MAIN,20261009T135556Z
DEU,2019,strict,1657564.0,1610615.0,46949.0,46949.0,21747.0,68696.0,True,EUROSTAT_GOV10A_MAIN,20261009T135556Z
DEU,2019,maximum_extension,1657564.0,1610615.0,46949.0,46949.0,21747.0,68696.0,True,EUROSTAT_GOV10A_MAIN,20261009T135556Z
DEU,2020,strict,1612653.0,1763784.0,-151131.0,-151131.0,18120.0,-133011.0,True,EUROSTAT_GOV10A_MAIN,20261009T135556Z
DEU,2020,maximum_extension,1612653.0,1763784.0,-151131.0,-151131.0,18120.0,-133011.0,True,EUROSTAT_GOV10A_MAIN,20261009T135556Z
DEU,2021,strict,1749189.0,1865819.0,-116630.0,-116630.0,17377.0,-99253.0,True,EUROSTAT_GOV10A_MAIN,20261009T135556Z
DEU,2021,maximum_extension,1749189.0,1865819.0,-116630.0,-116630.0,17377.0,-99253.0,True,EUROSTAT_GOV10A_MAIN,20261009T135556Z
DEU,2022,strict,1863070.0,1939208.0,-76138.0,-76138.0,22139.0,-53999.0,True,EUROSTAT_GOV10A_MAIN,20261009T135556Z
DEU,2022,maximum_extension,1863070.0,1939208.0,-76138.0,-76138.0,22139.0,-53999.0,True,EUROSTAT_GOV10A_MAIN,20261009T135556Z
DEU,2023,strict,1926184.0,2031433.0,-105249.0,-105249.0,20661.0,-84588.0,True,EUROSTAT_GOV10A_MAIN,20261009T135556Z
DEU,2023,maximum_extension,1926184.0,2031433.0,-105249.0,-105249.0,20661.0,-84588.0,True,EUROSTAT_GOV10A_MAIN,20261009T135556Z
DEU,2024,strict,2024422.0,2139717.0,-115295.0,-115295.0,27732.0,-87563.0,True,EUROSTAT_GOV10A_MAIN,20261009T135556Z
DEU,2024,maximum_extension,2024422.0,2139717.0,-115295.0,-115295.0,27732.0,-87563.0,True,EUROSTAT_GOV10A_MAIN,20261009T135556Z
DEU,2025,strict,2140194.0,2259341.0,-119147.0,-119147.0,,,False,EUROSTAT_GOV10A_MAIN,20261009T135556Z
DEU,2025,maximum_extension,2140194.0,2259341.0,-119147.0,-119147.0,,,False,EUROSTAT_GOV10A_MAIN,20261009T135556Z
ITA,1995,strict,438289.0,509592.0,-71303.0,-71303.0,101814.0,30511.0,True,EUROSTAT_GOV10A_MAIN,20261009T135556Z
ITA,1995,maximum_extension,438289.0,509592.0,-71303.0,-71303.0,101814.0,30511.0,True,EUROSTAT_GOV10A_MAIN,20261009T135556Z
ITA,1996,strict,468772.0,538010.0,-69238.0,-69238.0,108352.0,39114.0,True,EUROSTAT_GOV10A_MAIN,20261009T135556Z
ITA,1996,maximum_extension,468772.0,538010.0,-69238.0,-69238.0,108352.0,39114.0,True,EUROSTAT_GOV10A_MAIN,20261009T135556Z
ITA,1997,strict,507513.0,540150.0,-32637.0,-32637.0,94486.0,61849.0,True,EUROSTAT_GOV10A_MAIN,20261009T135556Z
ITA,1997,maximum_extension,507513.0,540150.0,-32637.0,-32637.0,94486.0,61849.0,True,EUROSTAT_GOV10A_MAIN,20261009T135556Z
ITA,1998,strict,513774.0,547851.0,-34077.0,-34077.0,85254.0,51177.0,True,EUROSTAT_GOV10A_MAIN,20261009T135556Z
ITA,1998,maximum_extension,513774.0,547851.0,-34077.0,-34077.0,85254.0,51177.0,True,EUROSTAT_GOV10A_MAIN,20261009T135556Z
ITA,1999,strict,533453.0,554351.0,-20898.0,-20898.0,71852.0,50954.0,True,EUROSTAT_GOV10A_MAIN,20261009T135556Z
ITA,1999,maximum_extension,533453.0,554351.0,-20898.0,-20898.0,71852.0,50954.0,True,EUROSTAT_GOV10A_MAIN,20261009T135556Z
ITA,2000,strict,547045.0,577169.0,-30124.0,-30124.0,72565.0,42441.0,True,EUROSTAT_GOV10A_MAIN,20261009T135556Z
ITA,2000,maximum_extension,547045.0,577169.0,-30124.0,-30124.0,72565.0,42441.0,True,EUROSTAT_GOV10A_MAIN,20261009T135556Z
ITA,2001,strict,575153.0,616778.0,-41625.0,-41625.0,76259.0,34634.0,True,EUROSTAT_GOV10A_MAIN,20261009T135556Z
ITA,2001,maximum_extension,575153.0,616778.0,-41625.0,-41625.0,76259.0,34634.0,True,EUROSTAT_GOV10A_MAIN,20261009T135556Z
ITA,2002,strict,591190.0,630226.0,-39036.0,-39036.0,71390.0,32354.0,True,EUROSTAT_GOV10A_MAIN,20261009T135556Z
ITA,2002,maximum_extension,591190.0,630226.0,-39036.0,-39036.0,71390.0,32354.0,True,EUROSTAT_GOV10A_MAIN,20261009T135556Z
ITA,2003,strict,612124.0,657271.0,-45147.0,-45147.0,67051.0,21904.0,True,EUROSTAT_GOV10A_MAIN,20261009T135556Z
ITA,2003,maximum_extension,612124.0,657271.0,-45147.0,-45147.0,67051.0,21904.0,True,EUROSTAT_GOV10A_MAIN,20261009T135556Z
ITA,2004,strict,629663.0,680101.0,-50438.0,-50438.0,67970.0,17532.0,True,EUROSTAT_GOV10A_MAIN,20261009T135556Z
ITA,2004,maximum_extension,629663.0,680101.0,-50438.0,-50438.0,67970.0,17532.0,True,EUROSTAT_GOV10A_MAIN,20261009T135556Z
ITA,2005,strict,643925.0,705365.0,-61440.0,-61440.0,67956.0,6516.0,True,EUROSTAT_GOV10A_MAIN,20261009T135556Z
ITA,2005,maximum_extension,643925.0,705365.0,-61440.0,-61440.0,67956.0,6516.0,True,EUROSTAT_GOV10A_MAIN,20261009T135556Z
ITA,2006,strict,685630.0,741870.0,-56240.0,-56240.0,68296.0,12056.0,True,EUROSTAT_GOV10A_MAIN,20261009T135556Z
ITA,2006,maximum_extension,685630.0,741870.0,-56240.0,-56240.0,68296.0,12056.0,True,EUROSTAT_GOV10A_MAIN,20261009T135556Z
ITA,2007,strict,734222.0,755725.0,-21503.0,-21503.0,74713.0,53210.0,True,EUROSTAT_GOV10A_MAIN,20261009T135556Z
ITA,2007,maximum_extension,734222.0,755725.0,-21503.0,-21503.0,74713.0,53210.0,True,EUROSTAT_GOV10A_MAIN,20261009T135556Z
ITA,2008,strict,742417.0,784890.0,-42473.0,-42473.0,78124.0,35651.0,True,EUROSTAT_GOV10A_MAIN,20261009T135556Z
ITA,2008,maximum_extension,742417.0,784890.0,-42473.0,-42473.0,78124.0,35651.0,True,EUROSTAT_GOV10A_MAIN,20261009T135556Z
ITA,2009,strict,728627.0,808728.0,-80101.0,-80101.0,69314.0,-10787.0,True,EUROSTAT_GOV10A_MAIN,20261009T135556Z
ITA,2009,maximum_extension,728627.0,808728.0,-80101.0,-80101.0,69314.0,-10787.0,True,EUROSTAT_GOV10A_MAIN,20261009T135556Z
ITA,2010,strict,738388.0,805717.0,-67329.0,-67329.0,69427.0,2098.0,True,EUROSTAT_GOV10A_MAIN,20261009T135556Z
ITA,2010,maximum_extension,738388.0,805717.0,-67329.0,-67329.0,69427.0,2098.0,True,EUROSTAT_GOV10A_MAIN,20261009T135556Z
ITA,2011,strict,754137.0,812549.0,-58412.0,-58412.0,75593.0,17181.0,True,EUROSTAT_GOV10A_MAIN,20261009T135556Z
ITA,2011,maximum_extension,754137.0,812549.0,-58412.0,-58412.0,75593.0,17181.0,True,EUROSTAT_GOV10A_MAIN,20261009T135556Z
ITA,2012,strict,775551.0,824301.0,-48750.0,-48750.0,83635.0,34885.0,True,EUROSTAT_GOV10A_MAIN,20261009T135556Z
ITA,2012,maximum_extension,775551.0,824301.0,-48750.0,-48750.0,83635.0,34885.0,True,EUROSTAT_GOV10A_MAIN,20261009T135556Z
ITA,2013,strict,778629.0,825233.0,-46604.0,-46604.0,77945.0,31341.0,True,EUROSTAT_GOV10A_MAIN,20261009T135556Z
ITA,2013,maximum_extension,778629.0,825233.0,-46604.0,-46604.0,77945.0,31341.0,True,EUROSTAT_GOV10A_MAIN,20261009T135556Z
ITA,2014,strict,783525.0,829632.0,-46107.0,-46107.0,74683.0,28576.0,True,EUROSTAT_GOV10A_MAIN,20261009T135556Z
ITA,2014,maximum_extension,783525.0,829632.0,-46107.0,-46107.0,74683.0,28576.0,True,EUROSTAT_GOV10A_MAIN,20261009T135556Z
ITA,2015,strict,794792.0,835694.0,-40902.0,-40902.0,68702.0,27800.0,True,EUROSTAT_GOV10A_MAIN,20261009T135556Z
ITA,2015,maximum_extension,794792.0,835694.0,-40902.0,-40902.0,68702.0,27800.0,True,EUROSTAT_GOV10A_MAIN,20261009T135556Z
ITA,2016,strict,794041.0,835037.0,-40996.0,-40996.0,67287.0,26291.0,True,EUROSTAT_GOV10A_MAIN,20261009T135556Z
ITA,2016,maximum_extension,794041.0,835037.0,-40996.0,-40996.0,67287.0,26291.0,True,EUROSTAT_GOV10A_MAIN,20261009T135556Z
ITA,2017,strict,807248.0,851015.0,-43767.0,-43767.0,66340.0,22573.0,True,EUROSTAT_GOV10A_MAIN,20261009T135556Z
ITA,2017,maximum_extension,807248.0,851015.0,-43767.0,-43767.0,66340.0,22573.0,True,EUROSTAT_GOV10A_MAIN,20261009T135556Z
ITA,2018,strict,820050.0,859018.0,-38968.0,-38968.0,65304.0,26336.0,True,EUROSTAT_GOV10A_MAIN,20261009T135556Z
ITA,2018,maximum_extension,820050.0,859018.0,-38968.0,-38968.0,65304.0,26336.0,True,EUROSTAT_GOV10A_MAIN,20261009T135556Z
ITA,2019,strict,847437.0,873598.0,-26161.0,-26161.0,61012.0,34851.0,True,EUROSTAT_GOV10A_MAIN,20261009T135556Z
ITA,2019,maximum_extension,847437.0,873598.0,-26161.0,-26161.0,61012.0,34851.0,True,EUROSTAT_GOV10A_MAIN,20261009T135556Z
ITA,2020,strict,791669.0,948296.0,-156627.0,-156627.0,58150.0,-98477.0,True,EUROSTAT_GOV10A_MAIN,20261009T135556Z
ITA,2020,maximum_extension,791669.0,948296.0,-156627.0,-156627.0,58150.0,-98477.0,True,EUROSTAT_GOV10A_MAIN,20261009T135556Z
ITA,2021,strict,868994.0,1032529.0,-163535.0,-163535.0,64175.0,-99360.0,True,EUROSTAT_GOV10A_MAIN,20261009T135556Z
ITA,2021,maximum_extension,868994.0,1032529.0,-163535.0,-163535.0,64175.0,-99360.0,True,EUROSTAT_GOV10A_MAIN,20261009T135556Z
ITA,2022,strict,935758.0,1097627.0,-161869.0,-161869.0,82302.0,-79567.0,True,EUROSTAT_GOV10A_MAIN,20261009T135556Z
ITA,2022,maximum_extension,935758.0,1097627.0,-161869.0,-161869.0,82302.0,-79567.0,True,EUROSTAT_GOV10A_MAIN,20261009T135556Z
ITA,2023,strict,996217.0,1149084.0,-152867.0,-152867.0,75167.0,-77700.0,True,EUROSTAT_GOV10A_MAIN,20261009T135556Z
ITA,2023,maximum_extension,996217.0,1149084.0,-152867.0,-152867.0,75167.0,-77700.0,True,EUROSTAT_GOV10A_MAIN,20261009T135556Z
ITA,2024,strict,1036025.0,1109804.0,-73779.0,-73779.0,81845.0,8066.0,True,EUROSTAT_GOV10A_MAIN,20261009T135556Z
ITA,2024,maximum_extension,1036025.0,1109804.0,-73779.0,-73779.0,81845.0,8066.0,True,EUROSTAT_GOV10A_MAIN,20261009T135556Z
ITA,2025,strict,1085928.0,1155309.0,-69381.0,-69381.0,,,False,EUROSTAT_GOV10A_MAIN,20261009T135556Z
ITA,2025,maximum_extension,1085928.0,1155309.0,-69381.0,-69381.0,,,False,EUROSTAT_GOV10A_MAIN,20261009T135556Z
ESP,1995,strict,171795.0,203062.0,-31267.0,-31267.0,21049.0,-10218.0,True,EUROSTAT_GOV10A_MAIN,20261009T135556Z
ESP,1995,maximum_extension,171795.0,203062.0,-31267.0,-31267.0,21049.0,-10218.0,True,EUROSTAT_GOV10A_MAIN,20261009T135556Z
ESP,1996,strict,180897.0,209578.0,-28681.0,-28681.0,22858.0,-5823.0,True,EUROSTAT_GOV10A_MAIN,20261009T135556Z
ESP,1996,maximum_extension,180897.0,209578.0,-28681.0,-28681.0,22858.0,-5823.0,True,EUROSTAT_GOV10A_MAIN,20261009T135556Z
ESP,1997,strict,195271.0,215299.0,-20028.0,-20028.0,21721.0,1693.0,True,EUROSTAT_GOV10A_MAIN,20261009T135556Z
ESP,1997,maximum_extension,195271.0,215299.0,-20028.0,-20028.0,21721.0,1693.0,True,EUROSTAT_GOV10A_MAIN,20261009T135556Z
ESP,1998,strict,213003.0,227597.0,-14594.0,-14594.0,20670.0,6076.0,True,EUROSTAT_GOV10A_MAIN,20261009T135556Z
ESP,1998,maximum_extension,213003.0,227597.0,-14594.0,-14594.0,20670.0,6076.0,True,EUROSTAT_GOV10A_MAIN,20261009T135556Z
ESP,1999,strict,230397.0,237779.0,-7382.0,-7382.0,18840.0,11458.0,True,EUROSTAT_GOV10A_MAIN,20261009T135556Z
ESP,1999,maximum_extension,230397.0,237779.0,-7382.0,-7382.0,18840.0,11458.0,True,EUROSTAT_GOV10A_MAIN,20261009T135556Z
ESP,2000,strict,245747.0,253267.0,-7520.0,-7520.0,18540.0,11020.0,True,EUROSTAT_GOV10A_MAIN,20261009T135556Z
ESP,2000,maximum_extension,245747.0,253267.0,-7520.0,-7520.0,18540.0,11020.0,True,EUROSTAT_GOV10A_MAIN,20261009T135556Z
ESP,2001,strict,266006.0,269195.0,-3189.0,-3189.0,18142.0,14953.0,True,EUROSTAT_GOV10A_MAIN,20261009T135556Z
ESP,2001,maximum_extension,266006.0,269195.0,-3189.0,-3189.0,18142.0,14953.0,True,EUROSTAT_GOV10A_MAIN,20261009T135556Z
ESP,2002,strict,287171.0,289527.0,-2356.0,-2356.0,17783.0,15427.0,True,EUROSTAT_GOV10A_MAIN,20261009T135556Z
ESP,2002,maximum_extension,287171.0,289527.0,-2356.0,-2356.0,17783.0,15427.0,True,EUROSTAT_GOV10A_MAIN,20261009T135556Z
ESP,2003,strict,304787.0,307796.0,-3009.0,-3009.0,16947.0,13938.0,True,EUROSTAT_GOV10A_MAIN,20261009T135556Z
ESP,2003,maximum_extension,304787.0,307796.0,-3009.0,-3009.0,16947.0,13938.0,True,EUROSTAT_GOV10A_MAIN,20261009T135556Z
ESP,2004,strict,332725.0,333666.0,-941.0,-941.0,15808.0,14867.0,True,EUROSTAT_GOV10A_MAIN,20261009T135556Z
ESP,2004,maximum_extension,332725.0,333666.0,-941.0,-941.0,15808.0,14867.0,True,EUROSTAT_GOV10A_MAIN,20261009T135556Z
ESP,2005,strict,368206.0,356785.0,11421.0,11421.0,14528.0,25949.0,True,EUROSTAT_GOV10A_MAIN,20261009T135556Z
ESP,2005,maximum_extension,368206.0,356785.0,11421.0,11421.0,14528.0,25949.0,True,EUROSTAT_GOV10A_MAIN,20261009T135556Z
ESP,2006,strict,407079.0,385757.0,21322.0,21322.0,13403.0,34725.0,True,EUROSTAT_GOV10A_MAIN,20261009T135556Z
ESP,2006,maximum_extension,407079.0,385757.0,21322.0,21322.0,13403.0,34725.0,True,EUROSTAT_GOV10A_MAIN,20261009T135556Z
ESP,2007,strict,442451.0,422164.0,20287.0,20287.0,12750.0,33037.0,True,EUROSTAT_GOV10A_MAIN,20261009T135556Z
ESP,2007,maximum_extension,442451.0,422164.0,20287.0,20287.0,12750.0,33037.0,True,EUROSTAT_GOV10A_MAIN,20261009T135556Z
ESP,2008,strict,409082.0,459813.0,-50731.0,-50731.0,12863.0,-37868.0,True,EUROSTAT_GOV10A_MAIN,20261009T135556Z
ESP,2008,maximum_extension,409082.0,459813.0,-50731.0,-50731.0,12863.0,-37868.0,True,EUROSTAT_GOV10A_MAIN,20261009T135556Z
ESP,2009,strict,373777.0,494353.0,-120576.0,-120576.0,15658.0,-104918.0,True,EUROSTAT_GOV10A_MAIN,20261009T135556Z
ESP,2009,maximum_extension,373777.0,494353.0,-120576.0,-120576.0,15658.0,-104918.0,True,EUROSTAT_GOV10A_MAIN,20261009T135556Z
ESP,2010,strict,391624.0,493817.0,-102193.0,-102193.0,17685.0,-84508.0,True,EUROSTAT_GOV10A_MAIN,20261009T135556Z
ESP,2010,maximum_extension,391624.0,493817.0,-102193.0,-102193.0,17685.0,-84508.0,True,EUROSTAT_GOV10A_MAIN,20261009T135556Z
ESP,2011,strict,387333.0,490908.0,-103575.0,-103575.0,22623.0,-80952.0,True,EUROSTAT_GOV10A_MAIN,20261009T135556Z
ESP,2011,maximum_extension,387333.0,490908.0,-103575.0,-103575.0,22623.0,-80952.0,True,EUROSTAT_GOV10A_MAIN,20261009T135556Z
ESP,2012,strict,390842.0,509936.0,-119094.0,-119094.0,29177.0,-89917.0,True,EUROSTAT_GOV10A_MAIN,20261009T135556Z
ESP,2012,maximum_extension,390842.0,509936.0,-119094.0,-119094.0,29177.0,-89917.0,True,EUROSTAT_GOV10A_MAIN,20261009T135556Z
ESP,2013,strict,396593.0,473398.0,-76805.0,-76805.0,32954.0,-43851.0,True,EUROSTAT_GOV10A_MAIN,20261009T135556Z
ESP,2013,maximum_extension,396593.0,473398.0,-76805.0,-76805.0,32954.0,-43851.0,True,EUROSTAT_GOV10A_MAIN,20261009T135556Z
ESP,2014,strict,405125.0,467841.0,-62716.0,-62716.0,33646.0,-29070.0,True,EUROSTAT_GOV10A_MAIN,20261009T135556Z
ESP,2014,maximum_extension,405125.0,467841.0,-62716.0,-62716.0,33646.0,-29070.0,True,EUROSTAT_GOV10A_MAIN,20261009T135556Z
ESP,2015,strict,417645.0,474893.0,-57248.0,-57248.0,30936.0,-26312.0,True,EUROSTAT_GOV10A_MAIN,20261009T135556Z
ESP,2015,maximum_extension,417645.0,474893.0,-57248.0,-57248.0,30936.0,-26312.0,True,EUROSTAT_GOV10A_MAIN,20261009T135556Z
ESP,2016,strict,425316.0,472717.0,-47401.0,-47401.0,28873.0,-18528.0,True,EUROSTAT_GOV10A_MAIN,20261009T135556Z
ESP,2016,maximum_extension,425316.0,472717.0,-47401.0,-47401.0,28873.0,-18528.0,True,EUROSTAT_GOV10A_MAIN,20261009T135556Z
ESP,2017,strict,444005.0,479908.0,-35903.0,-35903.0,27833.0,-8070.0,True,EUROSTAT_GOV10A_MAIN,20261009T135556Z
ESP,2017,maximum_extension,444005.0,479908.0,-35903.0,-35903.0,27833.0,-8070.0,True,EUROSTAT_GOV10A_MAIN,20261009T135556Z
ESP,2018,strict,472250.0,503193.0,-30943.0,-30943.0,27967.0,-2976.0,True,EUROSTAT_GOV10A_MAIN,20261009T135556Z
ESP,2018,maximum_extension,472250.0,503193.0,-30943.0,-30943.0,27967.0,-2976.0,True,EUROSTAT_GOV10A_MAIN,20261009T135556Z
ESP,2019,strict,488347.0,526769.0,-38422.0,-38422.0,26458.0,-11964.0,True,EUROSTAT_GOV10A_MAIN,20261009T135556Z
ESP,2019,maximum_extension,488347.0,526769.0,-38422.0,-38422.0,26458.0,-11964.0,True,EUROSTAT_GOV10A_MAIN,20261009T135556Z
ESP,2020,strict,468267.0,580164.0,-111897.0,-111897.0,23838.0,-88059.0,True,EUROSTAT_GOV10A_MAIN,20261009T135556Z
ESP,2020,maximum_extension,468267.0,580164.0,-111897.0,-111897.0,23838.0,-88059.0,True,EUROSTAT_GOV10A_MAIN,20261009T135556Z
ESP,2021,strict,528950.0,611124.0,-82174.0,-82174.0,24726.0,-57448.0,True,EUROSTAT_GOV10A_MAIN,20261009T135556Z
ESP,2021,maximum_extension,528950.0,611124.0,-82174.0,-82174.0,24726.0,-57448.0,True,EUROSTAT_GOV10A_MAIN,20261009T135556Z
ESP,2022,strict,574012.0,637117.0,-63105.0,-63105.0,29691.0,-33414.0,True,EUROSTAT_GOV10A_MAIN,20261009T135556Z
ESP,2022,maximum_extension,574012.0,637117.0,-63105.0,-63105.0,29691.0,-33414.0,True,EUROSTAT_GOV10A_MAIN,20261009T135556Z
ESP,2023,strict,630198.0,680225.0,-50027.0,-50027.0,28122.0,-21905.0,True,EUROSTAT_GOV10A_MAIN,20261009T135556Z
ESP,2023,maximum_extension,630198.0,680225.0,-50027.0,-50027.0,28122.0,-21905.0,True,EUROSTAT_GOV10A_MAIN,20261009T135556Z
ESP,2024,strict,673734.0,725001.0,-51267.0,-51267.0,29726.0,-21541.0,True,EUROSTAT_GOV10A_MAIN,20261009T135556Z
ESP,2024,maximum_extension,673734.0,725001.0,-51267.0,-51267.0,29726.0,-21541.0,True,EUROSTAT_GOV10A_MAIN,20261009T135556Z
ESP,2025,strict,724554.0,764884.0,-40330.0,-40330.0,,,False,EUROSTAT_GOV10A_MAIN,20261009T135556Z
ESP,2025,maximum_extension,724554.0,764884.0,-40330.0,-40330.0,,,False,EUROSTAT_GOV10A_MAIN,20261009T135556Z
BEL,1995,strict,101322.1,110811.6,-9489.5,-9489.6,17580.6,8091.0999999999985,True,EUROSTAT_GOV10A_MAIN,20261009T135556Z
BEL,1995,maximum_extension,101322.1,110811.6,-9489.5,-9489.6,17580.6,8091.0999999999985,True,EUROSTAT_GOV10A_MAIN,20261009T135556Z
BEL,1996,strict,105107.0,113683.9,-8576.899999999994,-8576.9,17109.5,8532.600000000006,True,EUROSTAT_GOV10A_MAIN,20261009T135556Z
BEL,1996,maximum_extension,105107.0,113683.9,-8576.899999999994,-8576.9,17109.5,8532.600000000006,True,EUROSTAT_GOV10A_MAIN,20261009T135556Z
BEL,1997,strict,110819.1,115640.2,-4821.099999999991,-4821.0,16379.3,11558.200000000008,True,EUROSTAT_GOV10A_MAIN,20261009T135556Z
BEL,1997,maximum_extension,110819.1,115640.2,-4821.099999999991,-4821.0,16379.3,11558.200000000008,True,EUROSTAT_GOV10A_MAIN,20261009T135556Z
BEL,1998,strict,116159.4,118543.5,-2384.100000000006,-2384.1,16270.3,13886.199999999993,True,EUROSTAT_GOV10A_MAIN,20261009T135556Z
BEL,1998,maximum_extension,116159.4,118543.5,-2384.100000000006,-2384.1,16270.3,13886.199999999993,True,EUROSTAT_GOV10A_MAIN,20261009T135556Z
BEL,1999,strict,120786.4,122357.4,-1571.0,-1571.0,15701.499999999998,14130.499999999998,True,EUROSTAT_GOV10A_MAIN,20261009T135556Z
BEL,1999,maximum_extension,120786.4,122357.4,-1571.0,-1571.0,15701.499999999998,14130.499999999998,True,EUROSTAT_GOV10A_MAIN,20261009T135556Z
BEL,2000,strict,126442.3,126645.6,-203.3000000000029,-203.3,16043.699999999999,15840.399999999996,True,EUROSTAT_GOV10A_MAIN,20261009T135556Z
BEL,2000,maximum_extension,126442.3,126645.6,-203.3000000000029,-203.3,16043.699999999999,15840.399999999996,True,EUROSTAT_GOV10A_MAIN,20261009T135556Z
BEL,2001,strict,131142.4,130526.9,615.5,615.5,16085.5,16701.0,True,EUROSTAT_GOV10A_MAIN,20261009T135556Z
BEL,2001,maximum_extension,131142.4,130526.9,615.5,615.5,16085.5,16701.0,True,EUROSTAT_GOV10A_MAIN,20261009T135556Z
BEL,2002,strict,136245.0,136364.4,-119.39999999999418,-119.4,15059.199999999999,14939.800000000005,True,EUROSTAT_GOV10A_MAIN,20261009T135556Z
BEL,2002,maximum_extension,136245.0,136364.4,-119.39999999999418,-119.4,15059.199999999999,14939.800000000005,True,EUROSTAT_GOV10A_MAIN,20261009T135556Z
BEL,2003,strict,138303.3,143545.3,-5242.0,-5242.0,14134.699999999999,8892.699999999999,True,EUROSTAT_GOV10A_MAIN,20261009T135556Z
BEL,2003,maximum_extension,138303.3,143545.3,-5242.0,-5242.0,14134.699999999999,8892.699999999999,True,EUROSTAT_GOV10A_MAIN,20261009T135556Z
BEL,2004,strict,145679.7,146388.2,-708.5,-708.5,13466.400000000001,12757.900000000001,True,EUROSTAT_GOV10A_MAIN,20261009T135556Z
BEL,2004,maximum_extension,145679.7,146388.2,-708.5,-708.5,13466.400000000001,12757.900000000001,True,EUROSTAT_GOV10A_MAIN,20261009T135556Z
BEL,2005,strict,152374.1,160791.6,-8417.5,-8417.5,12917.6,4500.1,True,EUROSTAT_GOV10A_MAIN,20261009T135556Z
BEL,2005,maximum_extension,152374.1,160791.6,-8417.5,-8417.5,12917.6,4500.1,True,EUROSTAT_GOV10A_MAIN,20261009T135556Z
BEL,2006,strict,159418.4,158639.4,779.0,779.0,12758.5,13537.5,True,EUROSTAT_GOV10A_MAIN,20261009T135556Z
BEL,2006,maximum_extension,159418.4,158639.4,779.0,779.0,12758.5,13537.5,True,EUROSTAT_GOV10A_MAIN,20261009T135556Z
BEL,2007,strict,167099.7,166871.4,228.30000000001746,228.3,12748.900000000001,12977.200000000019,True,EUROSTAT_GOV10A_MAIN,20261009T135556Z
BEL,2007,maximum_extension,167099.7,166871.4,228.30000000001746,228.3,12748.900000000001,12977.200000000019,True,EUROSTAT_GOV10A_MAIN,20261009T135556Z
BEL,2008,strict,174745.9,178598.7,-3852.8000000000175,-3852.8,12620.6,8767.799999999983,True,EUROSTAT_GOV10A_MAIN,20261009T135556Z
BEL,2008,maximum_extension,174745.9,178598.7,-3852.8000000000175,-3852.8,12620.6,8767.799999999983,True,EUROSTAT_GOV10A_MAIN,20261009T135556Z
BEL,2009,strict,170677.7,189621.2,-18943.5,-18943.5,12643.9,-6299.6,True,EUROSTAT_GOV10A_MAIN,20261009T135556Z
BEL,2009,maximum_extension,170677.7,189621.2,-18943.5,-18943.5,12643.9,-6299.6,True,EUROSTAT_GOV10A_MAIN,20261009T135556Z
BEL,2010,strict,180783.3,195796.5,-15013.200000000012,-15013.3,12458.400000000001,-2554.80000000001,True,EUROSTAT_GOV10A_MAIN,20261009T135556Z
BEL,2010,maximum_extension,180783.3,195796.5,-15013.200000000012,-15013.3,12458.400000000001,-2554.80000000001,True,EUROSTAT_GOV10A_MAIN,20261009T135556Z
BEL,2011,strict,191591.2,208413.2,-16822.0,-16822.0,12798.6,-4023.3999999999996,True,EUROSTAT_GOV10A_MAIN,20261009T135556Z
BEL,2011,maximum_extension,191591.2,208413.2,-16822.0,-16822.0,12798.6,-4023.3999999999996,True,EUROSTAT_GOV10A_MAIN,20261009T135556Z
BEL,2012,strict,201324.9,218194.4,-16869.5,-16869.4,13368.300000000001,-3501.199999999999,True,EUROSTAT_GOV10A_MAIN,20261009T135556Z
BEL,2012,maximum_extension,201324.9,218194.4,-16869.5,-16869.4,13368.300000000001,-3501.199999999999,True,EUROSTAT_GOV10A_MAIN,20261009T135556Z
BEL,2013,strict,208114.7,220598.6,-12483.899999999994,-12483.8,12693.3,209.4000000000051,True,EUROSTAT_GOV10A_MAIN,20261009T135556Z
BEL,2013,maximum_extension,208114.7,220598.6,-12483.899999999994,-12483.8,12693.3,209.4000000000051,True,EUROSTAT_GOV10A_MAIN,20261009T135556Z
BEL,2014,strict,211555.8,224414.0,-12858.200000000012,-12858.1,12712.0,-146.20000000001164,True,EUROSTAT_GOV10A_MAIN,20261009T135556Z
BEL,2014,maximum_extension,211555.8,224414.0,-12858.200000000012,-12858.1,12712.0,-146.20000000001164,True,EUROSTAT_GOV10A_MAIN,20261009T135556Z
BEL,2015,strict,213609.7,223895.8,-10286.099999999977,-10286.1,11867.199999999999,1581.1000000000222,True,EUROSTAT_GOV10A_MAIN,20261009T135556Z
BEL,2015,maximum_extension,213609.7,223895.8,-10286.099999999977,-10286.1,11867.199999999999,1581.1000000000222,True,EUROSTAT_GOV10A_MAIN,20261009T135556Z
BEL,2016,strict,218293.2,228708.7,-10415.5,-10415.3,11388.8,973.2999999999993,True,EUROSTAT_GOV10A_MAIN,20261009T135556Z
BEL,2016,maximum_extension,218293.2,228708.7,-10415.5,-10415.3,11388.8,973.2999999999993,True,EUROSTAT_GOV10A_MAIN,20261009T135556Z
BEL,2017,strict,228314.7,231699.4,-3384.6999999999825,-3384.7,10290.0,6905.3000000000175,True,EUROSTAT_GOV10A_MAIN,20261009T135556Z
BEL,2017,maximum_extension,228314.7,231699.4,-3384.6999999999825,-3384.7,10290.0,6905.3000000000175,True,EUROSTAT_GOV10A_MAIN,20261009T135556Z
BEL,2018,strict,236191.2,241008.2,-4817.0,-4817.0,9577.6,4760.6,True,EUROSTAT_GOV10A_MAIN,20261009T135556Z
BEL,2018,maximum_extension,236191.2,241008.2,-4817.0,-4817.0,9577.6,4760.6,True,EUROSTAT_GOV10A_MAIN,20261009T135556Z
BEL,2019,strict,238300.2,248119.3,-9819.099999999977,-9819.1,9264.3,-554.7999999999774,True,EUROSTAT_GOV10A_MAIN,20261009T135556Z
BEL,2019,maximum_extension,238300.2,248119.3,-9819.099999999977,-9819.1,9264.3,-554.7999999999774,True,EUROSTAT_GOV10A_MAIN,20261009T135556Z
BEL,2020,strict,229177.7,271076.2,-41898.5,-41898.5,8843.4,-33055.1,True,EUROSTAT_GOV10A_MAIN,20261009T135556Z
BEL,2020,maximum_extension,229177.7,271076.2,-41898.5,-41898.5,8843.4,-33055.1,True,EUROSTAT_GOV10A_MAIN,20261009T135556Z
BEL,2021,strict,250681.2,278017.6,-27336.399999999965,-27336.5,8210.1,-19126.299999999967,True,EUROSTAT_GOV10A_MAIN,20261009T135556Z
BEL,2021,maximum_extension,250681.2,278017.6,-27336.399999999965,-27336.5,8210.1,-19126.299999999967,True,EUROSTAT_GOV10A_MAIN,20261009T135556Z
BEL,2022,strict,274862.7,294745.9,-19883.20000000001,-19883.0,7977.799999999999,-11905.400000000012,True,EUROSTAT_GOV10A_MAIN,20261009T135556Z
BEL,2022,maximum_extension,274862.7,294745.9,-19883.20000000001,-19883.0,7977.799999999999,-11905.400000000012,True,EUROSTAT_GOV10A_MAIN,20261009T135556Z
BEL,2023,strict,293330.9,318050.9,-24720.0,-24720.1,9419.3,-15300.7,True,EUROSTAT_GOV10A_MAIN,20261009T135556Z
BEL,2023,maximum_extension,293330.9,318050.9,-24720.0,-24720.1,9419.3,-15300.7,True,EUROSTAT_GOV10A_MAIN,20261009T135556Z
BEL,2024,strict,308044.6,335100.1,-27055.5,-27056.3,11057.1,-15998.4,True,EUROSTAT_GOV10A_MAIN,20261009T135556Z
BEL,2024,maximum_extension,308044.6,335100.1,-27055.5,-27056.3,11057.1,-15998.4,True,EUROSTAT_GOV10A_MAIN,20261009T135556Z
BEL,2025,strict,314736.4,347956.3,-33219.899999999965,-33220.7,,,False,EUROSTAT_GOV10A_MAIN,20261009T135556Z
BEL,2025,maximum_extension,314736.4,347956.3,-33219.899999999965,-33220.7,,,False,EUROSTAT_GOV10A_MAIN,20261009T135556Z
USA,1970,strict,319920.549,367503.355,-47582.80599999998,-47582.806,37238.332,-10344.47399999998,True,OECD_T12_BAL,20261009T135556Z
USA,1970,maximum_extension,319920.549,367503.355,-47582.80599999998,-47582.806,37238.332,-10344.47399999998,True,OECD_T12_BAL,20261009T135556Z
USA,1971,strict,340992.256,402471.767,-61479.511,-61479.511,40931.007,-20548.504,True,OECD_T12_BAL,20261009T135556Z
USA,1971,maximum_extension,340992.256,402471.767,-61479.511,-61479.511,40931.007,-20548.504,True,OECD_T12_BAL,20261009T135556Z
USA,1972,strict,388927.385,440097.771,-51170.386,-51170.386,45276.608,-5893.777999999998,True,OECD_T12_BAL,20261009T135556Z
USA,1972,maximum_extension,388927.385,440097.771,-51170.386,-51170.386,45276.608,-5893.777999999998,True,OECD_T12_BAL,20261009T135556Z
USA,1973,strict,436706.484,475784.734,-39078.25,-39078.25,52013.821,12935.571000000004,True,OECD_T12_BAL,20261009T135556Z
USA,1973,maximum_extension,436706.484,475784.734,-39078.25,-39078.25,52013.821,12935.571000000004,True,OECD_T12_BAL,20261009T135556Z
USA,1974,strict,482632.241,534060.3,-51428.05900000007,-51428.059,56985.152,5557.092999999935,True,OECD_T12_BAL,20261009T135556Z
USA,1974,maximum_extension,482632.241,534060.3,-51428.05900000007,-51428.059,56985.152,5557.092999999935,True,OECD_T12_BAL,20261009T135556Z
USA,1975,strict,498946.122,621290.987,-122344.86499999999,-122344.866,63305.189,-59039.67599999999,True,OECD_T12_BAL,20261009T135556Z
USA,1975,maximum_extension,498946.122,621290.987,-122344.86499999999,-122344.866,63305.189,-59039.67599999999,True,OECD_T12_BAL,20261009T135556Z
USA,1976,strict,566966.159,665239.828,-98273.669,-98273.669,72529.044,-25744.625,True,OECD_T12_BAL,20261009T135556Z
USA,1976,maximum_extension,566966.159,665239.828,-98273.669,-98273.669,72529.044,-25744.625,True,OECD_T12_BAL,20261009T135556Z
USA,1977,strict,636650.871,719289.853,-82638.98199999996,-82638.983,79604.414,-3034.5679999999556,True,OECD_T12_BAL,20261009T135556Z
USA,1977,maximum_extension,636650.871,719289.853,-82638.98199999996,-82638.983,79604.414,-3034.5679999999556,True,OECD_T12_BAL,20261009T135556Z
USA,1978,strict,719989.884,793433.202,-73443.31800000009,-73443.318,90635.064,17191.745999999912,True,OECD_T12_BAL,20261009T135556Z
USA,1978,maximum_extension,719989.884,793433.202,-73443.31800000009,-73443.318,90635.064,17191.745999999912,True,OECD_T12_BAL,20261009T135556Z
USA,1979,strict,813067.033,881942.15,-68875.11699999997,-68875.117,99811.54699999999,30936.430000000022,True,OECD_T12_BAL,20261009T135556Z
USA,1979,maximum_extension,813067.033,881942.15,-68875.11699999997,-68875.117,99811.54699999999,30936.430000000022,True,OECD_T12_BAL,20261009T135556Z
USA,1980,strict,895906.64,1011584.392,-115677.75199999998,-115677.752,112422.60399999999,-3255.1479999999865,True,OECD_T12_BAL,20261009T135556Z
USA,1980,maximum_extension,895906.64,1011584.392,-115677.75199999998,-115677.752,112422.60399999999,-3255.1479999999865,True,OECD_T12_BAL,20261009T135556Z
USA,1981,strict,1025681.29,1141638.875,-115957.58499999996,-115957.585,133450.869,17493.284000000043,True,OECD_T12_BAL,20261009T135556Z
USA,1981,maximum_extension,1025681.29,1141638.875,-115957.58499999996,-115957.585,133450.869,17493.284000000043,True,OECD_T12_BAL,20261009T135556Z
USA,1982,strict,1057822.538,1265571.752,-207749.21400000015,-207749.215,150697.201,-57052.01300000015,True,OECD_T12_BAL,20261009T135556Z
USA,1982,maximum_extension,1057822.538,1265571.752,-207749.21400000015,-207749.215,150697.201,-57052.01300000015,True,OECD_T12_BAL,20261009T135556Z
USA,1983,strict,1125770.38,1378107.36,-252336.9800000002,-252336.98,166209.836,-86127.1440000002,True,OECD_T12_BAL,20261009T135556Z
USA,1983,maximum_extension,1125770.38,1378107.36,-252336.9800000002,-252336.98,166209.836,-86127.1440000002,True,OECD_T12_BAL,20261009T135556Z
USA,1984,strict,1247489.016,1482956.458,-235467.44200000004,-235467.442,190029.986,-45437.456000000035,True,OECD_T12_BAL,20261009T135556Z
USA,1984,maximum_extension,1247489.016,1482956.458,-235467.44200000004,-235467.442,190029.986,-45437.456000000035,True,OECD_T12_BAL,20261009T135556Z
USA,1985,strict,1359700.37,1619504.884,-259804.51399999997,-259804.514,204815.70500000002,-54988.80899999995,True,OECD_T12_BAL,20261009T135556Z
USA,1985,maximum_extension,1359700.37,1619504.884,-259804.51399999997,-259804.514,204815.70500000002,-54988.80899999995,True,OECD_T12_BAL,20261009T135556Z
USA,1986,strict,1446506.766,1729603.143,-283096.37699999986,-283096.377,214065.91999999998,-69030.45699999988,True,OECD_T12_BAL,20261009T135556Z
USA,1986,maximum_extension,1446506.766,1729603.143,-283096.37699999986,-283096.377,214065.91999999998,-69030.45699999988,True,OECD_T12_BAL,20261009T135556Z
USA,1987,strict,1572019.308,1823219.018,-251199.70999999996,-251199.71,226860.87999999998,-24338.829999999987,True,OECD_T12_BAL,20261009T135556Z
USA,1987,maximum_extension,1572019.308,1823219.018,-251199.70999999996,-251199.71,226860.87999999998,-24338.829999999987,True,OECD_T12_BAL,20261009T135556Z
USA,1988,strict,1684790.36,1921327.694,-236537.3339999998,-236537.334,239611.265,3073.931000000215,True,OECD_T12_BAL,20261009T135556Z
USA,1988,maximum_extension,1684790.36,1921327.694,-236537.3339999998,-236537.334,239611.265,3073.931000000215,True,OECD_T12_BAL,20261009T135556Z
USA,1989,strict,1827905.537,2070591.536,-242685.99900000007,-242685.999,262678.056,19992.056999999913,True,OECD_T12_BAL,20261009T135556Z
USA,1989,maximum_extension,1827905.537,2070591.536,-242685.99900000007,-242685.999,262678.056,19992.056999999913,True,OECD_T12_BAL,20261009T135556Z
USA,1990,strict,1933398.128,2245937.647,-312539.51899999985,-312539.519,281437.151,-31102.367999999842,True,OECD_T12_BAL,20261009T135556Z
USA,1990,maximum_extension,1933398.128,2245937.647,-312539.51899999985,-312539.519,281437.151,-31102.367999999842,True,OECD_T12_BAL,20261009T135556Z
USA,1991,strict,1998480.705,2375813.949,-377333.24399999995,-377333.244,308755.55600000004,-68577.68799999991,True,OECD_T12_BAL,20261009T135556Z
USA,1991,maximum_extension,1998480.705,2375813.949,-377333.24399999995,-377333.244,308755.55600000004,-68577.68799999991,True,OECD_T12_BAL,20261009T135556Z
USA,1992,strict,2100837.473,2566906.471,-466068.9979999997,-466068.998,324731.428,-141337.56999999966,True,OECD_T12_BAL,20261009T135556Z
USA,1992,maximum_extension,2100837.473,2566906.471,-466068.9979999997,-466068.998,324731.428,-141337.56999999966,True,OECD_T12_BAL,20261009T135556Z
USA,1993,strict,2227532.288,2661705.411,-434173.1229999997,-434173.123,332239.37,-101933.75299999968,True,OECD_T12_BAL,20261009T135556Z
USA,1993,maximum_extension,2227532.288,2661705.411,-434173.1229999997,-434173.123,332239.37,-101933.75299999968,True,OECD_T12_BAL,20261009T135556Z
USA,1994,strict,2393555.927,2757826.66,-364270.733,-364270.733,343966.185,-20304.54800000001,True,OECD_T12_BAL,20261009T135556Z
USA,1994,maximum_extension,2393555.927,2757826.66,-364270.733,-364270.733,343966.185,-20304.54800000001,True,OECD_T12_BAL,20261009T135556Z
USA,1995,strict,2533364.615,2888481.116,-355116.5009999997,-355116.501,376550.899,21434.398000000278,True,OECD_T12_BAL,20261009T135556Z
USA,1995,maximum_extension,2533364.615,2888481.116,-355116.5009999997,-355116.501,376550.899,21434.398000000278,True,OECD_T12_BAL,20261009T135556Z
USA,1996,strict,2714078.906,2997027.645,-282948.73900000006,-282948.739,377488.86399999994,94540.12499999988,True,OECD_T12_BAL,20261009T135556Z
USA,1996,maximum_extension,2714078.906,2997027.645,-282948.73900000006,-282948.739,377488.86399999994,94540.12499999988,True,OECD_T12_BAL,20261009T135556Z
USA,1997,strict,2906869.438,3085212.788,-178343.3500000001,-178343.35,380723.069,202379.71899999992,True,OECD_T12_BAL,20261009T135556Z
USA,1997,maximum_extension,2906869.438,3085212.788,-178343.3500000001,-178343.35,380723.069,202379.71899999992,True,OECD_T12_BAL,20261009T135556Z
USA,1998,strict,3099684.939,3182809.689,-83124.75,-83124.75,375007.891,291883.141,True,OECD_T12_BAL,20261009T135556Z
USA,1998,maximum_extension,3099684.939,3182809.689,-83124.75,-83124.75,375007.891,291883.141,True,OECD_T12_BAL,20261009T135556Z
USA,1999,strict,3290029.757,3337215.127,-47185.369999999646,-47185.37,358375.613,311190.24300000037,True,OECD_T12_BAL,20261009T135556Z
USA,1999,maximum_extension,3290029.757,3337215.127,-47185.369999999646,-47185.37,358375.613,311190.24300000037,True,OECD_T12_BAL,20261009T135556Z
USA,2000,strict,3549584.265,3516022.544,33561.7209999999,33561.72,348091.316,381653.0369999999,True,OECD_T12_BAL,20261009T135556Z
USA,2000,maximum_extension,3549584.265,3516022.544,33561.7209999999,33561.72,348091.316,381653.0369999999,True,OECD_T12_BAL,20261009T135556Z
USA,2001,strict,3572558.054,3768842.739,-196284.68500000006,-196284.685,348310.265,152025.57999999996,True,OECD_T12_BAL,20261009T135556Z
USA,2001,maximum_extension,3572558.054,3768842.739,-196284.68500000006,-196284.685,348310.265,152025.57999999996,True,OECD_T12_BAL,20261009T135556Z
USA,2002,strict,3435253.773,4015593.389,-580339.6159999999,-580339.616,353259.88899999997,-227079.72699999996,True,OECD_T12_BAL,20261009T135556Z
USA,2002,maximum_extension,3435253.773,4015593.389,-580339.6159999999,-580339.616,353259.88899999997,-227079.72699999996,True,OECD_T12_BAL,20261009T135556Z
USA,2003,strict,3532824.016,4268405.593,-735581.5770000005,-735581.577,384438.407,-351143.1700000005,True,OECD_T12_BAL,20261009T135556Z
USA,2003,maximum_extension,3532824.016,4268405.593,-735581.5770000005,-735581.577,384438.407,-351143.1700000005,True,OECD_T12_BAL,20261009T135556Z
USA,2004,strict,3796621.239,4503250.177,-706628.9380000001,-706628.938,388394.741,-318234.1970000001,True,OECD_T12_BAL,20261009T135556Z
USA,2004,maximum_extension,3796621.239,4503250.177,-706628.9380000001,-706628.938,388394.741,-318234.1970000001,True,OECD_T12_BAL,20261009T135556Z
USA,2005,strict,4235671.686,4817585.229,-581913.5430000005,-581913.543,418489.586,-163423.95700000052,True,OECD_T12_BAL,20261009T135556Z
USA,2005,maximum_extension,4235671.686,4817585.229,-581913.5430000005,-581913.543,418489.586,-163423.95700000052,True,OECD_T12_BAL,20261009T135556Z
USA,2006,strict,4602790.633,5065366.17,-462575.53699999955,-462575.536,437910.171,-24665.365999999573,True,OECD_T12_BAL,20261009T135556Z
USA,2006,maximum_extension,4602790.633,5065366.17,-462575.53699999955,-462575.536,437910.171,-24665.365999999573,True,OECD_T12_BAL,20261009T135556Z
USA,2007,strict,4830215.236,5408532.177,-578316.9410000006,-578316.94,463101.641,-115215.30000000057,True,OECD_T12_BAL,20261009T135556Z
USA,2007,maximum_extension,4830215.236,5408532.177,-578316.9410000006,-578316.94,463101.641,-115215.30000000057,True,OECD_T12_BAL,20261009T135556Z
USA,2008,strict,4773133.99,5860288.656,-1087154.6660000002,-1087154.666,470151.502,-617003.1640000002,True,OECD_T12_BAL,20261009T135556Z
USA,2008,maximum_extension,4773133.99,5860288.656,-1087154.6660000002,-1087154.666,470151.502,-617003.1640000002,True,OECD_T12_BAL,20261009T135556Z
USA,2009,strict,4354776.492,6253856.833,-1899080.341,-1899080.341,511783.598,-1387296.743,True,OECD_T12_BAL,20261009T135556Z
USA,2009,maximum_extension,4354776.492,6253856.833,-1899080.341,-1899080.341,511783.598,-1387296.743,True,OECD_T12_BAL,20261009T135556Z
USA,2010,strict,4606574.082,6472653.579,-1866079.4969999995,-1866079.497,540620.918,-1325458.5789999994,True,OECD_T12_BAL,20261009T135556Z
USA,2010,maximum_extension,4606574.082,6472653.579,-1866079.4969999995,-1866079.497,540620.918,-1325458.5789999994,True,OECD_T12_BAL,20261009T135556Z
USA,2011,strict,4822437.856,6535058.593,-1712620.7370000007,-1712620.737,588388.604,-1124232.1330000006,True,OECD_T12_BAL,20261009T135556Z
USA,2011,maximum_extension,4822437.856,6535058.593,-1712620.7370000007,-1712620.737,588388.604,-1124232.1330000006,True,OECD_T12_BAL,20261009T135556Z
USA,2012,strict,5018346.565,6515363.741,-1497017.176,-1497017.176,607859.679,-889157.497,True,OECD_T12_BAL,20261009T135556Z
USA,2012,maximum_extension,5018346.565,6515363.741,-1497017.176,-1497017.176,607859.679,-889157.497,True,OECD_T12_BAL,20261009T135556Z
USA,2013,strict,5565372.32,6548911.724,-983539.4040000001,-983539.404,588068.581,-395470.8230000001,True,OECD_T12_BAL,20261009T135556Z
USA,2013,maximum_extension,5565372.32,6548911.724,-983539.4040000001,-983539.404,588068.581,-395470.8230000001,True,OECD_T12_BAL,20261009T135556Z
USA,2014,strict,5809932.5,6721068.225,-911135.7249999996,-911135.725,599176.5499999999,-311959.1749999997,True,OECD_T12_BAL,20261009T135556Z
USA,2014,maximum_extension,5809932.5,6721068.225,-911135.7249999996,-911135.725,599176.5499999999,-311959.1749999997,True,OECD_T12_BAL,20261009T135556Z
USA,2015,strict,6068701.015,6910981.379,-842280.3640000001,-842280.364,592049.618,-250230.74600000004,True,OECD_T12_BAL,20261009T135556Z
USA,2015,maximum_extension,6068701.015,6910981.379,-842280.3640000001,-842280.364,592049.618,-250230.74600000004,True,OECD_T12_BAL,20261009T135556Z
USA,2016,strict,6142532.039,7156461.234,-1013929.1950000003,-1013929.196,626999.517,-386929.6780000003,True,OECD_T12_BAL,20261009T135556Z
USA,2016,maximum_extension,6142532.039,7156461.234,-1013929.1950000003,-1013929.196,626999.517,-386929.6780000003,True,OECD_T12_BAL,20261009T135556Z
USA,2017,strict,6538636.446,7407363.809,-868727.3629999999,-868727.362,654310.435,-214416.92799999984,True,OECD_T12_BAL,20261009T135556Z
USA,2017,maximum_extension,6538636.446,7407363.809,-868727.3629999999,-868727.362,654310.435,-214416.92799999984,True,OECD_T12_BAL,20261009T135556Z
USA,2018,strict,6529088.811,7792497.79,-1263408.9790000003,-1263408.979,703168.234,-560240.7450000002,True,OECD_T12_BAL,20261009T135556Z
USA,2018,maximum_extension,6529088.811,7792497.79,-1263408.9790000003,-1263408.979,703168.234,-560240.7450000002,True,OECD_T12_BAL,20261009T135556Z
USA,2019,strict,6795389.475,8237124.663,-1441735.188,-1441735.188,753260.623,-688474.5650000001,True,OECD_T12_BAL,20261009T135556Z
USA,2019,maximum_extension,6795389.475,8237124.663,-1441735.188,-1441735.188,753260.623,-688474.5650000001,True,OECD_T12_BAL,20261009T135556Z
USA,2020,strict,6897513.366,10100928.491,-3203415.125,-3203415.125,695185.99,-2508229.135,True,OECD_T12_BAL,20261009T135556Z
USA,2020,maximum_extension,6897513.366,10100928.491,-3203415.125,-3203415.125,695185.99,-2508229.135,True,OECD_T12_BAL,20261009T135556Z
USA,2021,strict,7920120.488,10755588.525,-2835468.0370000005,-2835468.037,741270.9569999999,-2094197.0800000005,True,OECD_T12_BAL,20261009T135556Z
USA,2021,maximum_extension,7920120.488,10755588.525,-2835468.0370000005,-2835468.037,741270.9569999999,-2094197.0800000005,True,OECD_T12_BAL,20261009T135556Z
USA,2022,strict,9040456.783,10009774.585,-969317.8020000011,-969317.802,850159.029,-119158.77300000109,True,OECD_T12_BAL,20261009T135556Z
USA,2022,maximum_extension,9040456.783,10009774.585,-969317.8020000011,-969317.802,850159.029,-119158.77300000109,True,OECD_T12_BAL,20261009T135556Z
USA,2023,strict,8694077.898,10905857.712,-2211779.8139999993,-2211779.815,1078589.905,-1133189.9089999993,True,OECD_T12_BAL,20261009T135556Z
USA,2023,maximum_extension,8694077.898,10905857.712,-2211779.8139999993,-2211779.815,1078589.905,-1133189.9089999993,True,OECD_T12_BAL,20261009T135556Z
USA,2024,strict,9236733.593,11592173.245,-2355439.651999999,-2355439.653,1230563.333,-1124876.3189999987,True,OECD_T12_BAL,20261009T135556Z
USA,2024,maximum_extension,9236733.593,11592173.245,-2355439.651999999,-2355439.653,1230563.333,-1124876.3189999987,True,OECD_T12_BAL,20261009T135556Z
