iso3,as_of,instrument_class,bucket,nominal_lcu_mn,nominal_uplifted_lcu_mn,market_hands_lcu_mn,n_securities,weighted_residual_years,run_id,source_id,snapshot_sha256,quality_grade,notes
DEU,1995-12-31,fixed_bullet,0-1,38346.8910897164,,,13,0.38103582021446475,20260910T000226Z,ggfiscal.debt.maturity,,A,
DEU,1995-12-31,fixed_bullet,1-2,54196.93940679914,,,19,1.5314400836852504,20260910T000226Z,ggfiscal.debt.maturity,,A,
DEU,1995-12-31,fixed_bullet,2-3,43971.10178287475,,,18,2.4367190360218394,20260910T000226Z,ggfiscal.debt.maturity,,A,
DEU,1995-12-31,fixed_bullet,3-5,68324.48574476596,,,24,4.052997293220473,20260910T000226Z,ggfiscal.debt.maturity,,A,
DEU,1995-12-31,fixed_bullet,5-7,40392.058621,,,6,6.144950138142305,20260910T000226Z,ggfiscal.debt.maturity,,A,
DEU,1995-12-31,fixed_bullet,7-10,58798.56634411,,,8,8.664345445346504,20260910T000226Z,ggfiscal.debt.maturity,,A,
DEU,1995-12-31,fixed_bullet,20-30,14316.17267651,,,3,25.86564975008296,20260910T000226Z,ggfiscal.debt.maturity,,A,
DEU,1995-12-31,floating,3-5,2556.45940681,,,1,4.265571526351814,20260910T000226Z,ggfiscal.debt.maturity,,A,
DEU,1995-12-31,floating,7-10,5112.918812100001,,,1,8.722792607802875,20260910T000226Z,ggfiscal.debt.maturity,,A,
DEU,1995-12-31,other,0-1,6246.092451797958,,,36,0.4935525341662943,20260910T000226Z,ggfiscal.debt.maturity,,A,
DEU,1995-12-31,other,1-2,6267.8527019219455,,,22,1.4221314663044429,20260910T000226Z,ggfiscal.debt.maturity,,A,
DEU,1995-12-31,other,2-3,6330.0177418282765,,,12,2.448037390287469,20260910T000226Z,ggfiscal.debt.maturity,,A,
DEU,1995-12-31,other,3-5,13967.596289043528,,,32,4.055401804675533,20260910T000226Z,ggfiscal.debt.maturity,,A,
DEU,1995-12-31,other,5-7,11756.435324137705,,,24,5.524251321765695,20260910T000226Z,ggfiscal.debt.maturity,,A,
DEU,1996-12-31,bill,0-1,9985.53043976215,,,2,0.15584553222494532,20260910T000226Z,ggfiscal.debt.maturity,,A,
DEU,1996-12-31,fixed_bullet,0-1,54196.93940679914,,,19,0.5293866955949015,20260910T000226Z,ggfiscal.debt.maturity,,A,
DEU,1996-12-31,fixed_bullet,1-2,54196.93940679913,,,20,1.5108545452197382,20260910T000226Z,ggfiscal.debt.maturity,,A,
DEU,1996-12-31,fixed_bullet,2-3,28632.34536178596,,,13,2.406864183127876,20260910T000226Z,ggfiscal.debt.maturity,,A,
DEU,1996-12-31,fixed_bullet,3-5,82228.31403570001,,,18,3.921523060980732,20260910T000226Z,ggfiscal.debt.maturity,,A,
DEU,1996-12-31,fixed_bullet,5-7,40392.05861878,,,6,6.138504059122143,20260910T000226Z,ggfiscal.debt.maturity,,A,
DEU,1996-12-31,fixed_bullet,7-10,65445.3607999,,,8,8.581130219007875,20260910T000226Z,ggfiscal.debt.maturity,,A,
DEU,1996-12-31,fixed_bullet,15-20,4090.33505155,,,2,19.500342231382028,20260910T000226Z,ggfiscal.debt.maturity,,A,
DEU,1996-12-31,fixed_bullet,20-30,10225.837624959999,,,1,27.00889801505818,20260910T000226Z,ggfiscal.debt.maturity,,A,
DEU,1996-12-31,floating,3-5,2556.45940681,,,1,3.263518138261465,20260910T000226Z,ggfiscal.debt.maturity,,A,
DEU,1996-12-31,floating,7-10,5112.918812100001,,,1,7.720739219712526,20260910T000226Z,ggfiscal.debt.maturity,,A,
DEU,1996-12-31,other,0-1,8205.536703087695,,,34,0.40435136037405767,20260910T000226Z,ggfiscal.debt.maturity,,A,
DEU,1996-12-31,other,1-2,7065.080400648321,,,24,1.4473501934325632,20260910T000226Z,ggfiscal.debt.maturity,,A,
DEU,1996-12-31,other,2-3,5896.811481570486,,,17,2.4255787112162723,20260910T000226Z,ggfiscal.debt.maturity,,A,
DEU,1996-12-31,other,3-5,19805.784193922784,,,30,4.113838184130401,20260910T000226Z,ggfiscal.debt.maturity,,A,
DEU,1996-12-31,other,5-7,12414.11768917,,,23,5.443081812917029,20260910T000226Z,ggfiscal.debt.maturity,,A,
DEU,1997-12-31,bill,0-1,10214.589202538049,,,2,0.16442453570933493,20260910T000226Z,ggfiscal.debt.maturity,,A,
DEU,1997-12-31,fixed_bullet,0-1,54196.93940679913,,,20,0.5115390079165213,20260910T000226Z,ggfiscal.debt.maturity,,A,
DEU,1997-12-31,fixed_bullet,1-2,50106.60437221596,,,17,1.4766514408909222,20260910T000226Z,ggfiscal.debt.maturity,,A,
DEU,1997-12-31,fixed_bullet,2-3,48572.72872678,,,11,2.5690550811651596,20260910T000226Z,ggfiscal.debt.maturity,,A,
DEU,1997-12-31,fixed_bullet,3-5,85124.30371293,,,14,4.045706617291545,20260910T000226Z,ggfiscal.debt.maturity,,A,
DEU,1997-12-31,fixed_bullet,5-7,29654.92911358,,,5,5.933111473059891,20260910T000226Z,ggfiscal.debt.maturity,,A,
DEU,1997-12-31,fixed_bullet,7-10,85897.03604706,,,8,8.285339460892503,20260910T000226Z,ggfiscal.debt.maturity,,A,
DEU,1997-12-31,fixed_bullet,15-20,4090.33505155,,,2,18.501026694078814,20260910T000226Z,ggfiscal.debt.maturity,,A,
DEU,1997-12-31,fixed_bullet,20-30,21474.25901157,,,2,27.84094390658673,20260910T000226Z,ggfiscal.debt.maturity,,A,
DEU,1997-12-31,floating,2-3,2556.45940681,,,1,2.2642026009582477,20260910T000226Z,ggfiscal.debt.maturity,,A,
DEU,1997-12-31,floating,5-7,5112.918812100001,,,1,6.721423682409308,20260910T000226Z,ggfiscal.debt.maturity,,A,
DEU,1997-12-31,other,0-1,8275.857283097203,,,36,0.45790381573276207,20260910T000226Z,ggfiscal.debt.maturity,,A,
DEU,1997-12-31,other,1-2,6505.044584652041,,,30,1.4343208055767454,20260910T000226Z,ggfiscal.debt.maturity,,A,
DEU,1997-12-31,other,2-3,7652.940235092002,,,15,2.5289379184316463,20260910T000226Z,ggfiscal.debt.maturity,,A,
DEU,1997-12-31,other,3-5,23225.678867800605,,,31,3.9304967426592867,20260910T000226Z,ggfiscal.debt.maturity,,A,
DEU,1997-12-31,other,5-7,8157.41051116,,,17,5.421113489412712,20260910T000226Z,ggfiscal.debt.maturity,,A,
DEU,1998-12-31,bill,0-1,10242.19896412264,,,2,0.16593846833430648,20260910T000226Z,ggfiscal.debt.maturity,,A,
DEU,1998-12-31,fixed_bullet,0-1,50106.60437221596,,,17,0.4773359035877052,20260910T000226Z,ggfiscal.debt.maturity,,A,
DEU,1998-12-31,fixed_bullet,1-2,70046.98773707,,,15,1.5686086421677266,20260910T000226Z,ggfiscal.debt.maturity,,A,
DEU,1998-12-31,fixed_bullet,2-3,43459.80991002,,,7,2.5235575954814453,20260910T000226Z,ggfiscal.debt.maturity,,A,
DEU,1998-12-31,fixed_bullet,3-5,90040.45956268,,,14,3.9985962341496104,20260910T000226Z,ggfiscal.debt.maturity,,A,
DEU,1998-12-31,fixed_bullet,5-7,39369.47485688,,,5,6.223277065146879,20260910T000226Z,ggfiscal.debt.maturity,,A,
DEU,1998-12-31,fixed_bullet,7-10,94588.99802505,,,8,8.365273692553957,20260910T000226Z,ggfiscal.debt.maturity,,A,
DEU,1998-12-31,fixed_bullet,15-20,4090.33505155,,,2,17.501711156775592,20260910T000226Z,ggfiscal.debt.maturity,,A,
DEU,1998-12-31,fixed_bullet,20-30,40903.350497139996,,,4,27.934017795963157,20260910T000226Z,ggfiscal.debt.maturity,,A,
DEU,1998-12-31,floating,1-2,2556.45940681,,,1,1.264887063655031,20260910T000226Z,ggfiscal.debt.maturity,,A,
DEU,1998-12-31,floating,5-7,5112.918812100001,,,1,5.722108145106092,20260910T000226Z,ggfiscal.debt.maturity,,A,
DEU,1998-12-31,other,0-1,7805.213080891493,,,42,0.4438396765561007,20260910T000226Z,ggfiscal.debt.maturity,,A,
DEU,1998-12-31,other,1-2,8021.786300445332,,,27,1.525945578560559,20260910T000226Z,ggfiscal.debt.maturity,,A,
DEU,1998-12-31,other,2-3,11505.146817463696,,,15,2.4931587952967877,20260910T000226Z,ggfiscal.debt.maturity,,A,
DEU,1998-12-31,other,3-5,17937.44896033,,,28,3.7162366548414774,20260910T000226Z,ggfiscal.debt.maturity,,A,
DEU,1998-12-31,other,5-7,4798.63658908,,,21,5.378289412074019,20260910T000226Z,ggfiscal.debt.maturity,,A,
DEU,1999-12-31,bill,0-1,9895.0,,,2,0.16326721472103217,20260910T000226Z,ggfiscal.debt.maturity,,A,
DEU,1999-12-31,fixed_bullet,0-1,71046.98773707,,,15,0.5747677165689653,20260910T000226Z,ggfiscal.debt.maturity,,A,
DEU,1999-12-31,fixed_bullet,1-2,65459.80991002,,,11,1.5395480077424035,20260910T000226Z,ggfiscal.debt.maturity,,A,
DEU,1999-12-31,fixed_bullet,2-3,50106.604366319996,,,7,2.6338683317215144,20260910T000226Z,ggfiscal.debt.maturity,,A,
DEU,1999-12-31,fixed_bullet,3-5,77095.31248291,,,13,3.9323622940722154,20260910T000226Z,ggfiscal.debt.maturity,,A,
DEU,1999-12-31,fixed_bullet,5-7,55314.21467653,,,7,5.745273407221775,20260910T000226Z,ggfiscal.debt.maturity,,A,
DEU,1999-12-31,fixed_bullet,7-10,113513.11208203,,,8,8.439175322096837,20260910T000226Z,ggfiscal.debt.maturity,,A,
DEU,1999-12-31,fixed_bullet,10-15,11000.0,,,1,10.012320328542094,20260910T000226Z,ggfiscal.debt.maturity,,A,
DEU,1999-12-31,fixed_bullet,15-20,4090.33505155,,,2,16.50239561947238,20260910T000226Z,ggfiscal.debt.maturity,,A,
DEU,1999-12-31,fixed_bullet,20-30,46890.431685179996,,,4,27.135742991865044,20260910T000226Z,ggfiscal.debt.maturity,,A,
DEU,1999-12-31,floating,0-1,2556.45940681,,,1,0.2655715263518138,20260910T000226Z,ggfiscal.debt.maturity,,A,
DEU,1999-12-31,floating,3-5,5112.918812100001,,,1,4.722792607802875,20260910T000226Z,ggfiscal.debt.maturity,,A,
DEU,1999-12-31,other,0-1,8642.76360103895,,,39,0.529863527362034,20260910T000226Z,ggfiscal.debt.maturity,,A,
DEU,1999-12-31,other,1-2,11787.557963395522,,,28,1.4988886743545065,20260910T000226Z,ggfiscal.debt.maturity,,A,
DEU,1999-12-31,other,2-3,10921.48228631,,,16,2.3769521775539353,20260910T000226Z,ggfiscal.debt.maturity,,A,
DEU,1999-12-31,other,3-5,10700.05184503,,,25,3.66255220253136,20260910T000226Z,ggfiscal.debt.maturity,,A,
DEU,1999-12-31,other,5-7,1456.24583025,,,18,5.533110320660344,20260910T000226Z,ggfiscal.debt.maturity,,A,
DEU,2000-12-31,bill,0-1,9734.0,,,2,0.16684351315140153,20260910T000226Z,ggfiscal.debt.maturity,,A,
DEU,2000-12-31,fixed_bullet,0-1,65459.80991002,,,11,0.5374946196520548,20260910T000226Z,ggfiscal.debt.maturity,,A,
DEU,2000-12-31,fixed_bullet,1-2,74106.60436632,,,11,1.6237059455799006,20260910T000226Z,ggfiscal.debt.maturity,,A,
DEU,2000-12-31,fixed_bullet,2-3,46369.47485656,,,7,2.5074340530969574,20260910T000226Z,ggfiscal.debt.maturity,,A,
DEU,2000-12-31,fixed_bullet,3-5,87869.47485688,,,12,4.12824611646999,20260910T000226Z,ggfiscal.debt.maturity,,A,
DEU,2000-12-31,fixed_bullet,5-7,57394.64287292,,,6,5.729622638611896,20260910T000226Z,ggfiscal.debt.maturity,,A,
DEU,2000-12-31,fixed_bullet,7-10,122835.59920852,,,8,8.324723288019813,20260910T000226Z,ggfiscal.debt.maturity,,A,
DEU,2000-12-31,fixed_bullet,10-15,15000.0,,,1,10.009582477754961,20260910T000226Z,ggfiscal.debt.maturity,,A,
DEU,2000-12-31,fixed_bullet,15-20,4090.33505155,,,2,15.50034223138203,20260910T000226Z,ggfiscal.debt.maturity,,A,
DEU,2000-12-31,fixed_bullet,20-30,55890.431685179996,,,5,26.596902988418456,20260910T000226Z,ggfiscal.debt.maturity,,A,
DEU,2000-12-31,fixed_bullet,30+,5000.0,,,1,30.00958247775496,20260910T000226Z,ggfiscal.debt.maturity,,A,
DEU,2000-12-31,floating,3-5,5112.918812100001,,,1,3.7207392197125255,20260910T000226Z,ggfiscal.debt.maturity,,A,
DEU,2000-12-31,other,0-1,12650.369779586092,,,40,0.4991693489835265,20260910T000226Z,ggfiscal.debt.maturity,,A,
DEU,2000-12-31,other,1-2,11105.17639635,,,28,1.3775744141573805,20260910T000226Z,ggfiscal.debt.maturity,,A,
DEU,2000-12-31,other,2-3,6334.574733,,,12,2.2740415670549377,20260910T000226Z,ggfiscal.debt.maturity,,A,
DEU,2000-12-31,other,3-5,4824.09023566,,,26,3.505424114800276,20260910T000226Z,ggfiscal.debt.maturity,,A,
DEU,2000-12-31,other,5-7,3210.3849174399998,,,17,5.488769844381164,20260910T000226Z,ggfiscal.debt.maturity,,A,
DEU,2001-12-31,bill,0-1,19644.0,,,2,0.17893939919757168,20260910T000226Z,ggfiscal.debt.maturity,,A,
DEU,2001-12-31,fixed_bullet,0-1,74106.60436632,,,11,0.6243904082766836,20260910T000226Z,ggfiscal.debt.maturity,,A,
DEU,2001-12-31,fixed_bullet,1-2,86369.47485656,,,11,1.5381183561406826,20260910T000226Z,ggfiscal.debt.maturity,,A,
DEU,2001-12-31,fixed_bullet,2-3,30725.83762635,,,6,2.5691691312655878,20260910T000226Z,ggfiscal.debt.maturity,,A,
DEU,2001-12-31,fixed_bullet,3-5,111219.52317355,,,11,3.832013410253581,20260910T000226Z,ggfiscal.debt.maturity,,A,
DEU,2001-12-31,fixed_bullet,5-7,68679.48469752,,,6,5.834972466202087,20260910T000226Z,ggfiscal.debt.maturity,,A,
DEU,2001-12-31,fixed_bullet,7-10,132000.0,,,7,8.307655611557049,20260910T000226Z,ggfiscal.debt.maturity,,A,
DEU,2001-12-31,fixed_bullet,10-15,4090.33505155,,,2,14.501026694078812,20260910T000226Z,ggfiscal.debt.maturity,,A,
DEU,2001-12-31,fixed_bullet,20-30,66890.43168518,,,6,26.158795884623064,20260910T000226Z,ggfiscal.debt.maturity,,A,
DEU,2001-12-31,floating,2-3,5112.918812100001,,,1,2.7214236824093088,20260910T000226Z,ggfiscal.debt.maturity,,A,
DEU,2001-12-31,other,0-1,11972.25089236,,,40,0.3869809539998505,20260910T000226Z,ggfiscal.debt.maturity,,A,
DEU,2001-12-31,other,1-2,6731.59787529,,,25,1.2940925931119642,20260910T000226Z,ggfiscal.debt.maturity,,A,
DEU,2001-12-31,other,2-3,3673.57741671,,,13,2.247736215769914,20260910T000226Z,ggfiscal.debt.maturity,,A,
DEU,2001-12-31,other,3-5,3775.25367991,,,24,4.150659298913627,20260910T000226Z,ggfiscal.debt.maturity,,A,
DEU,2001-12-31,other,5-7,2226.4530654600003,,,18,5.55246603427038,20260910T000226Z,ggfiscal.debt.maturity,,A,
DEU,2002-12-31,bill,0-1,28839.0,,,6,0.24116241745132808,20260910T000226Z,ggfiscal.debt.maturity,,A,
DEU,2002-12-31,fixed_bullet,0-1,86369.47485656,,,11,0.5388028188374661,20260910T000226Z,ggfiscal.debt.maturity,,A,
DEU,2002-12-31,fixed_bullet,1-2,75725.83762635,,,10,1.567376769959781,20260910T000226Z,ggfiscal.debt.maturity,,A,
DEU,2002-12-31,fixed_bullet,2-3,57143.63723053,,,6,2.4305958717732317,20260910T000226Z,ggfiscal.debt.maturity,,A,
DEU,2002-12-31,fixed_bullet,3-5,122753.39881653,,,9,3.8586381329691593,20260910T000226Z,ggfiscal.debt.maturity,,A,
DEU,2002-12-31,fixed_bullet,5-7,82980.85100274,,,7,5.8740940836015865,20260910T000226Z,ggfiscal.debt.maturity,,A,
DEU,2002-12-31,fixed_bullet,7-10,139000.0,,,6,8.35087822965447,20260910T000226Z,ggfiscal.debt.maturity,,A,
DEU,2002-12-31,fixed_bullet,10-15,4090.33505155,,,2,13.501711156775595,20260910T000226Z,ggfiscal.debt.maturity,,A,
DEU,2002-12-31,fixed_bullet,20-30,72890.43168518,,,6,25.39420013069095,20260910T000226Z,ggfiscal.debt.maturity,,A,
DEU,2002-12-31,floating,1-2,5112.918812100001,,,1,1.7221081451060918,20260910T000226Z,ggfiscal.debt.maturity,,A,
DEU,2002-12-31,other,0-1,7589.92586889,,,37,0.3088274815052379,20260910T000226Z,ggfiscal.debt.maturity,,A,
DEU,2002-12-31,other,1-2,4050.95164971,,,25,1.263823764629833,20260910T000226Z,ggfiscal.debt.maturity,,A,
DEU,2002-12-31,other,2-3,925.03353286,,,13,2.447700339230548,20260910T000226Z,ggfiscal.debt.maturity,,A,
DEU,2002-12-31,other,3-5,4693.8561345,,,23,3.8171622305735577,20260910T000226Z,ggfiscal.debt.maturity,,A,
DEU,2002-12-31,other,5-7,2537.25769661,,,20,5.539522968816449,20260910T000226Z,ggfiscal.debt.maturity,,A,
DEU,2003-12-31,bill,0-1,36000.0,,,6,0.25233858088067534,20260910T000226Z,ggfiscal.debt.maturity,,A,
DEU,2003-12-31,fixed_bullet,0-1,80725.83762635,,,10,0.5913807360506738,20260910T000226Z,ggfiscal.debt.maturity,,A,
DEU,2003-12-31,fixed_bullet,1-2,100143.63723053,,,10,1.4793063242156395,20260910T000226Z,ggfiscal.debt.maturity,,A,
DEU,2003-12-31,fixed_bullet,2-3,54075.885943019995,,,5,2.2582957787509312,20260910T000226Z,ggfiscal.debt.maturity,,A,
DEU,2003-12-31,fixed_bullet,3-5,148513.11208202998,,,10,3.881121410426545,20260910T000226Z,ggfiscal.debt.maturity,,A,
DEU,2003-12-31,fixed_bullet,5-7,85000.0,,,5,5.7806015219229385,20260910T000226Z,ggfiscal.debt.maturity,,A,
DEU,2003-12-31,fixed_bullet,7-10,145000.0,,,6,8.254922230876348,20260910T000226Z,ggfiscal.debt.maturity,,A,
DEU,2003-12-31,fixed_bullet,10-15,12090.33505155,,,3,10.854748780695282,20260910T000226Z,ggfiscal.debt.maturity,,A,
DEU,2003-12-31,fixed_bullet,20-30,72890.43168518,,,6,24.394884593387733,20260910T000226Z,ggfiscal.debt.maturity,,A,
DEU,2003-12-31,fixed_bullet,30+,10000.0,,,1,30.507871321013006,20260910T000226Z,ggfiscal.debt.maturity,,A,
DEU,2003-12-31,floating,0-1,5112.918812100001,,,1,0.7227926078028748,20260910T000226Z,ggfiscal.debt.maturity,,A,
DEU,2003-12-31,other,0-1,4634.4515437,,,37,0.30199822478819555,20260910T000226Z,ggfiscal.debt.maturity,,A,
DEU,2003-12-31,other,1-2,1312.73045339,,,26,1.4887186393481302,20260910T000226Z,ggfiscal.debt.maturity,,A,
DEU,2003-12-31,other,2-3,2725.88723483,,,11,2.389810934134011,20260910T000226Z,ggfiscal.debt.maturity,,A,
DEU,2003-12-31,other,3-5,4125.209271,,,25,3.9602162258383635,20260910T000226Z,ggfiscal.debt.maturity,,A,
DEU,2003-12-31,other,5-7,1501.46022251,,,17,5.482727359087799,20260910T000226Z,ggfiscal.debt.maturity,,A,
DEU,2004-12-31,bill,0-1,36000.0,,,6,0.24686287930641113,20260910T000226Z,ggfiscal.debt.maturity,,A,
DEU,2004-12-31,fixed_bullet,0-1,105143.63723053,,,10,0.5001261623156853,20260910T000226Z,ggfiscal.debt.maturity,,A,
DEU,2004-12-31,fixed_bullet,1-2,108075.88594302,,,9,1.3962181417246857,20260910T000226Z,ggfiscal.debt.maturity,,A,
DEU,2004-12-31,fixed_bullet,2-3,68677.51287351,,,4,2.330510829764982,20260910T000226Z,ggfiscal.debt.maturity,,A,
DEU,2004-12-31,fixed_bullet,3-5,160835.59920852,,,11,3.8955989381892726,20260910T000226Z,ggfiscal.debt.maturity,,A,
DEU,2004-12-31,fixed_bullet,5-7,87000.0,,,4,5.8007505487502655,20260910T000226Z,ggfiscal.debt.maturity,,A,
DEU,2004-12-31,fixed_bullet,7-10,147000.0,,,6,8.239552631456416,20260910T000226Z,ggfiscal.debt.maturity,,A,
DEU,2004-12-31,fixed_bullet,10-15,12090.33505155,,,3,10.51392804367202,20260910T000226Z,ggfiscal.debt.maturity,,A,
DEU,2004-12-31,fixed_bullet,15-20,10225.837624959999,,,1,19.00889801505818,20260910T000226Z,ggfiscal.debt.maturity,,A,
DEU,2004-12-31,fixed_bullet,20-30,82664.59406022,,,6,25.41412128013695,20260910T000226Z,ggfiscal.debt.maturity,,A,
DEU,2004-12-31,other,0-1,1975.938790600821,,,38,0.49885725365207984,20260910T000226Z,ggfiscal.debt.maturity,,A,
DEU,2004-12-31,other,1-2,2917.9586006251557,,,23,1.3938084854746589,20260910T000226Z,ggfiscal.debt.maturity,,A,
DEU,2004-12-31,other,2-3,1851.9752533410713,,,12,2.4267892194649994,20260910T000226Z,ggfiscal.debt.maturity,,A,
DEU,2004-12-31,other,3-5,3490.487580319853,,,25,3.7595849139055812,20260910T000226Z,ggfiscal.debt.maturity,,A,
DEU,2004-12-31,other,5-7,1902.44908547,,,19,5.68623094185738,20260910T000226Z,ggfiscal.debt.maturity,,A,
DEU,2005-12-31,bill,0-1,36000.0,,,6,0.24731918777093315,20260910T000226Z,ggfiscal.debt.maturity,,A,
DEU,2005-12-31,fixed_bullet,0-1,116000.0,,,9,0.4294944416908589,20260910T000226Z,ggfiscal.debt.maturity,,A,
DEU,2005-12-31,fixed_bullet,1-2,119000.0,,,8,1.4142379744505607,20260910T000226Z,ggfiscal.debt.maturity,,A,
DEU,2005-12-31,fixed_bullet,2-3,80250.0,,,6,2.351447073548822,20260910T000226Z,ggfiscal.debt.maturity,,A,
DEU,2005-12-31,fixed_bullet,3-5,160218.25396825396,,,10,3.896413966429542,20260910T000226Z,ggfiscal.debt.maturity,,A,
DEU,2005-12-31,fixed_bullet,5-7,99250.0,,,4,5.789223419313571,20260910T000226Z,ggfiscal.debt.maturity,,A,
DEU,2005-12-31,fixed_bullet,7-10,139000.0,,,6,8.239000585978854,20260910T000226Z,ggfiscal.debt.maturity,,A,
DEU,2005-12-31,fixed_bullet,10-15,12500.0,,,3,10.190280629705683,20260910T000226Z,ggfiscal.debt.maturity,,A,
DEU,2005-12-31,fixed_bullet,15-20,10250.0,,,1,18.00958247775496,20260910T000226Z,ggfiscal.debt.maturity,,A,
DEU,2005-12-31,fixed_bullet,20-30,83250.0,,,6,24.404790827788776,20260910T000226Z,ggfiscal.debt.maturity,,A,
DEU,2005-12-31,fixed_bullet,30+,11000.0,,,1,31.01163586584531,20260910T000226Z,ggfiscal.debt.maturity,,A,
DEU,2005-12-31,other,0-1,3669.972755963971,,,35,0.4251662952591793,20260910T000226Z,ggfiscal.debt.maturity,,A,
DEU,2005-12-31,other,1-2,2212.506525649245,,,25,1.4502283157352704,20260910T000226Z,ggfiscal.debt.maturity,,A,
DEU,2005-12-31,other,2-3,2153.0927549194644,,,13,2.405167512531327,20260910T000226Z,ggfiscal.debt.maturity,,A,
DEU,2005-12-31,other,3-5,2834.35659077,,,24,4.010567691697523,20260910T000226Z,ggfiscal.debt.maturity,,A,
DEU,2005-12-31,other,5-7,1592.4115000699999,,,25,5.540373102864419,20260910T000226Z,ggfiscal.debt.maturity,,A,
DEU,2006-12-31,bill,0-1,36000.0,,,6,0.24777549623545514,20260910T000226Z,ggfiscal.debt.maturity,,A,
DEU,2006-12-31,fixed_bullet,0-1,127000.0,,,8,0.44880272922763503,20260910T000226Z,ggfiscal.debt.maturity,,A,
DEU,2006-12-31,fixed_bullet,1-2,132250.0,,,10,1.4155206121606636,20260910T000226Z,ggfiscal.debt.maturity,,A,
DEU,2006-12-31,fixed_bullet,2-3,81750.0,,,5,2.432944633875252,20260910T000226Z,ggfiscal.debt.maturity,,A,
DEU,2006-12-31,fixed_bullet,3-5,161718.25396825396,,,9,3.890354628532658,20260910T000226Z,ggfiscal.debt.maturity,,A,
DEU,2006-12-31,fixed_bullet,5-7,98000.0,,,4,5.7291483328444315,20260910T000226Z,ggfiscal.debt.maturity,,A,
DEU,2006-12-31,fixed_bullet,7-10,143500.0,,,8,8.275855161015675,20260910T000226Z,ggfiscal.debt.maturity,,A,
DEU,2006-12-31,fixed_bullet,10-15,7000.0,,,1,10.012320328542094,20260910T000226Z,ggfiscal.debt.maturity,,A,
DEU,2006-12-31,fixed_bullet,15-20,10250.0,,,1,17.010266940451746,20260910T000226Z,ggfiscal.debt.maturity,,A,
DEU,2006-12-31,fixed_bullet,20-30,83250.0,,,6,23.40547529048556,20260910T000226Z,ggfiscal.debt.maturity,,A,
DEU,2006-12-31,fixed_bullet,30+,23000.0,,,1,30.012320328542096,20260910T000226Z,ggfiscal.debt.maturity,,A,
DEU,2006-12-31,inflation_linked,7-10,9000.0,9145.08,,1,9.289527720739219,20260910T000226Z,ggfiscal.debt.maturity,,A,
DEU,2006-12-31,other,0-1,4810.042902316039,,,37,0.48775047896597185,20260910T000226Z,ggfiscal.debt.maturity,,A,
DEU,2006-12-31,other,1-2,2429.3496551389367,,,25,1.4189880383694524,20260910T000226Z,ggfiscal.debt.maturity,,A,
DEU,2006-12-31,other,2-3,1225.75515955,,,12,2.3585027171417656,20260910T000226Z,ggfiscal.debt.maturity,,A,
DEU,2006-12-31,other,3-5,2750.49744146,,,28,3.926084857410726,20260910T000226Z,ggfiscal.debt.maturity,,A,
DEU,2006-12-31,other,5-7,2352.8692161,,,35,5.530731499289486,20260910T000226Z,ggfiscal.debt.maturity,,A,
DEU,2007-12-31,bill,0-1,36000.0,,,6,0.2546201232032854,20260910T000226Z,ggfiscal.debt.maturity,,A,
DEU,2007-12-31,fixed_bullet,0-1,139250.0,,,10,0.4430402923651074,20260910T000226Z,ggfiscal.debt.maturity,,A,
DEU,2007-12-31,fixed_bullet,1-2,130750.0,,,9,1.4620018505358572,20260910T000226Z,ggfiscal.debt.maturity,,A,
DEU,2007-12-31,fixed_bullet,2-3,78468.25396825396,,,5,2.381348803422549,20260910T000226Z,ggfiscal.debt.maturity,,A,
DEU,2007-12-31,fixed_bullet,3-5,167250.0,,,8,3.8731298770524925,20260910T000226Z,ggfiscal.debt.maturity,,A,
DEU,2007-12-31,fixed_bullet,5-7,95000.0,,,4,5.773608559386146,20260910T000226Z,ggfiscal.debt.maturity,,A,
DEU,2007-12-31,fixed_bullet,7-10,133500.0,,,8,8.225570193315852,20260910T000226Z,ggfiscal.debt.maturity,,A,
DEU,2007-12-31,fixed_bullet,10-15,7000.0,,,1,10.012320328542094,20260910T000226Z,ggfiscal.debt.maturity,,A,
DEU,2007-12-31,fixed_bullet,15-20,21500.0,,,2,17.840376932015346,20260910T000226Z,ggfiscal.debt.maturity,,A,
DEU,2007-12-31,fixed_bullet,20-30,95000.0,,,6,24.349011131524907,20260910T000226Z,ggfiscal.debt.maturity,,A,
DEU,2007-12-31,fixed_bullet,30+,10000.0,,,1,31.50718685831622,20260910T000226Z,ggfiscal.debt.maturity,,A,
DEU,2007-12-31,inflation_linked,5-7,4000.0,4100.4,,1,5.28952772073922,20260910T000226Z,ggfiscal.debt.maturity,,A,
DEU,2007-12-31,inflation_linked,7-10,11000.0,11460.130000000001,,1,8.290212183436003,20260910T000226Z,ggfiscal.debt.maturity,,A,
DEU,2007-12-31,other,0-1,4268.996058760402,,,37,0.42853867802762313,20260910T000226Z,ggfiscal.debt.maturity,,A,
DEU,2007-12-31,other,1-2,1817.40664822,,,25,1.4210672770682355,20260910T000226Z,ggfiscal.debt.maturity,,A,
DEU,2007-12-31,other,2-3,1427.2431465,,,12,2.531370650827997,20260910T000226Z,ggfiscal.debt.maturity,,A,
DEU,2007-12-31,other,3-5,2718.90888639,,,38,4.056000981990589,20260910T000226Z,ggfiscal.debt.maturity,,A,
DEU,2007-12-31,other,5-7,2885.07867725,,,39,5.621340823119431,20260910T000226Z,ggfiscal.debt.maturity,,A,
DEU,2008-12-31,bill,0-1,39000.0,,,6,0.24275610312571297,20260910T000226Z,ggfiscal.debt.maturity,,A,
DEU,2008-12-31,fixed_bullet,0-1,137750.0,,,9,0.4845747449413735,20260910T000226Z,ggfiscal.debt.maturity,,A,
DEU,2008-12-31,fixed_bullet,1-2,130468.25396825396,,,9,1.431359600062938,20260910T000226Z,ggfiscal.debt.maturity,,A,
DEU,2008-12-31,fixed_bullet,2-3,83250.0,,,4,2.369400201022378,20260910T000226Z,ggfiscal.debt.maturity,,A,
DEU,2008-12-31,fixed_bullet,3-5,163000.0,,,8,3.8498717157338236,20260910T000226Z,ggfiscal.debt.maturity,,A,
DEU,2008-12-31,fixed_bullet,5-7,93000.0,,,4,5.728172631795869,20260910T000226Z,ggfiscal.debt.maturity,,A,
DEU,2008-12-31,fixed_bullet,7-10,130500.0,,,8,8.194167119041436,20260910T000226Z,ggfiscal.debt.maturity,,A,
DEU,2008-12-31,fixed_bullet,10-15,7000.0,,,1,10.009582477754963,20260910T000226Z,ggfiscal.debt.maturity,,A,
DEU,2008-12-31,fixed_bullet,15-20,47250.0,,,4,18.139869408863248,20260910T000226Z,ggfiscal.debt.maturity,,A,
DEU,2008-12-31,fixed_bullet,20-30,69250.0,,,4,24.87907743324018,20260910T000226Z,ggfiscal.debt.maturity,,A,
DEU,2008-12-31,fixed_bullet,30+,18000.0,,,2,30.727812000912614,20260910T000226Z,ggfiscal.debt.maturity,,A,
DEU,2008-12-31,inflation_linked,3-5,9000.0,9519.66,,1,4.287474332648871,20260910T000226Z,ggfiscal.debt.maturity,,A,
DEU,2008-12-31,inflation_linked,7-10,13000.0,13975.0,,1,7.288158795345653,20260910T000226Z,ggfiscal.debt.maturity,,A,
DEU,2008-12-31,other,0-1,3609.92649419,,,37,0.48103861502202017,20260910T000226Z,ggfiscal.debt.maturity,,A,
DEU,2008-12-31,other,1-2,1561.92680438,,,24,1.53071667168811,20260910T000226Z,ggfiscal.debt.maturity,,A,
DEU,2008-12-31,other,2-3,920.5883576599999,,,16,2.397192353714851,20260910T000226Z,ggfiscal.debt.maturity,,A,
DEU,2008-12-31,other,3-5,3912.22485166,,,48,4.066055000324282,20260910T000226Z,ggfiscal.debt.maturity,,A,
DEU,2008-12-31,other,5-7,2295.83742824,,,43,5.641393961081105,20260910T000226Z,ggfiscal.debt.maturity,,A,
DEU,2008-12-31,other,30+,3173.76123869,,,1,,20260910T000226Z,ggfiscal.debt.maturity,,A,
DEU,2009-12-31,bill,0-1,104000.0,,,17,0.3759542989522456,20260910T000226Z,ggfiscal.debt.maturity,,A,
DEU,2009-12-31,fixed_bullet,0-1,137468.25396825396,,,9,0.4580023196887724,20260910T000226Z,ggfiscal.debt.maturity,,A,
DEU,2009-12-31,fixed_bullet,1-2,140250.0,,,8,1.4430913800402871,20260910T000226Z,ggfiscal.debt.maturity,,A,
DEU,2009-12-31,fixed_bullet,2-3,86735.9781121751,,,5,2.3801624393074263,20260910T000226Z,ggfiscal.debt.maturity,,A,
DEU,2009-12-31,fixed_bullet,3-5,164000.0,,,8,3.8841421679103854,20260910T000226Z,ggfiscal.debt.maturity,,A,
DEU,2009-12-31,fixed_bullet,5-7,94500.0,,,6,5.799593668176831,20260910T000226Z,ggfiscal.debt.maturity,,A,
DEU,2009-12-31,fixed_bullet,7-10,128000.0,,,6,8.328991273100614,20260910T000226Z,ggfiscal.debt.maturity,,A,
DEU,2009-12-31,fixed_bullet,10-15,16250.0,,,2,12.532659400831884,20260910T000226Z,ggfiscal.debt.maturity,,A,
DEU,2009-12-31,fixed_bullet,15-20,37000.0,,,3,18.007917568492516,20260910T000226Z,ggfiscal.debt.maturity,,A,
DEU,2009-12-31,fixed_bullet,20-30,83250.0,,,5,24.82588543368831,20260910T000226Z,ggfiscal.debt.maturity,,A,
DEU,2009-12-31,fixed_bullet,30+,10000.0,,,1,30.507871321013006,20260910T000226Z,ggfiscal.debt.maturity,,A,
DEU,2009-12-31,inflation_linked,3-5,9000.0,9494.369999999999,,1,3.2881587953456535,20260910T000226Z,ggfiscal.debt.maturity,,A,
DEU,2009-12-31,inflation_linked,5-7,13000.0,13937.949999999999,,1,6.288843258042436,20260910T000226Z,ggfiscal.debt.maturity,,A,
DEU,2009-12-31,inflation_linked,10-15,5000.0,5053.1,,1,10.288843258042437,20260910T000226Z,ggfiscal.debt.maturity,,A,
DEU,2009-12-31,other,0-1,2064.71463993,,,36,0.5145884556090308,20260910T000226Z,ggfiscal.debt.maturity,,A,
DEU,2009-12-31,other,1-2,1301.82115,,,29,1.452516401385582,20260910T000226Z,ggfiscal.debt.maturity,,A,
DEU,2009-12-31,other,2-3,1511.63179033,,,22,2.4391938305848884,20260910T000226Z,ggfiscal.debt.maturity,,A,
DEU,2009-12-31,other,3-5,4525.34624851,,,54,3.9942340793929585,20260910T000226Z,ggfiscal.debt.maturity,,A,
DEU,2009-12-31,other,5-7,1177.9164887900001,,,27,5.661820201210076,20260910T000226Z,ggfiscal.debt.maturity,,A,
DEU,2009-12-31,other,30+,2494.45151901,,,1,,20260910T000226Z,ggfiscal.debt.maturity,,A,
DEU,2010-12-31,bill,0-1,86000.0,,,18,0.3698008691084475,20260910T000226Z,ggfiscal.debt.maturity,,A,
DEU,2010-12-31,fixed_bullet,0-1,147250.0,,,8,0.46823291254565513,20260910T000226Z,ggfiscal.debt.maturity,,A,
DEU,2010-12-31,fixed_bullet,1-2,153735.9781121751,,,9,1.4478659823976494,20260910T000226Z,ggfiscal.debt.maturity,,A,
DEU,2010-12-31,fixed_bullet,2-3,79000.0,,,4,2.363319730720245,20260910T000226Z,ggfiscal.debt.maturity,,A,
DEU,2010-12-31,fixed_bullet,3-5,181000.0,,,9,3.8759798972171486,20260910T000226Z,ggfiscal.debt.maturity,,A,
DEU,2010-12-31,fixed_bullet,5-7,89500.0,,,6,5.7054057257790065,20260910T000226Z,ggfiscal.debt.maturity,,A,
DEU,2010-12-31,fixed_bullet,7-10,149000.0,,,7,8.433352167541768,20260910T000226Z,ggfiscal.debt.maturity,,A,
DEU,2010-12-31,fixed_bullet,10-15,16250.0,,,2,11.903332806823565,20260910T000226Z,ggfiscal.debt.maturity,,A,
DEU,2010-12-31,fixed_bullet,15-20,46250.0,,,4,17.409208798120503,20260910T000226Z,ggfiscal.debt.maturity,,A,
DEU,2010-12-31,fixed_bullet,20-30,90000.0,,,5,25.331568940603848,20260910T000226Z,ggfiscal.debt.maturity,,A,
DEU,2010-12-31,fixed_bullet,30+,4000.0,,,1,31.50718685831622,20260910T000226Z,ggfiscal.debt.maturity,,A,
DEU,2010-12-31,inflation_linked,2-3,11000.0,11816.310000000001,,1,2.2888432580424367,20260910T000226Z,ggfiscal.debt.maturity,,A,
DEU,2010-12-31,inflation_linked,5-7,15000.0,16375.95,,1,5.28952772073922,20260910T000226Z,ggfiscal.debt.maturity,,A,
DEU,2010-12-31,inflation_linked,7-10,12000.0,12348.96,,1,9.289527720739219,20260910T000226Z,ggfiscal.debt.maturity,,A,
DEU,2010-12-31,other,0-1,1632.46512658,,,49,0.46751161901397303,20260910T000226Z,ggfiscal.debt.maturity,,A,
DEU,2010-12-31,other,1-2,1580.38629378,,,42,1.4394906981791595,20260910T000226Z,ggfiscal.debt.maturity,,A,
DEU,2010-12-31,other,2-3,2309.3954103,,,26,2.476492814627372,20260910T000226Z,ggfiscal.debt.maturity,,A,
DEU,2010-12-31,other,3-5,3285.40761255,,,49,3.8923553043807586,20260910T000226Z,ggfiscal.debt.maturity,,A,
DEU,2010-12-31,other,5-7,725.76652953,,,26,5.70541575042912,20260910T000226Z,ggfiscal.debt.maturity,,A,
DEU,2010-12-31,other,30+,1974.67993993,,,1,,20260910T000226Z,ggfiscal.debt.maturity,,A,
DEU,2011-12-31,bill,0-1,58000.0,,,16,0.32552101772522357,20260910T000226Z,ggfiscal.debt.maturity,,A,
DEU,2011-12-31,fixed_bullet,0-1,159735.9781121751,,,9,0.4675928481500043,20260910T000226Z,ggfiscal.debt.maturity,,A,
DEU,2011-12-31,fixed_bullet,1-2,142000.0,,,8,1.4406879332118654,20260910T000226Z,ggfiscal.debt.maturity,,A,
DEU,2011-12-31,fixed_bullet,2-3,85000.0,,,4,2.3702057414341504,20260910T000226Z,ggfiscal.debt.maturity,,A,
DEU,2011-12-31,fixed_bullet,3-5,196500.0,,,12,3.8446461258192217,20260910T000226Z,ggfiscal.debt.maturity,,A,
DEU,2011-12-31,fixed_bullet,5-7,80000.0,,,4,5.772929500342232,20260910T000226Z,ggfiscal.debt.maturity,,A,
DEU,2011-12-31,fixed_bullet,7-10,162000.0,,,8,8.379766944676824,20260910T000226Z,ggfiscal.debt.maturity,,A,
DEU,2011-12-31,fixed_bullet,10-15,16250.0,,,2,11.272995314063074,20260910T000226Z,ggfiscal.debt.maturity,,A,
DEU,2011-12-31,fixed_bullet,15-20,63250.0,,,5,17.109175858216123,20260910T000226Z,ggfiscal.debt.maturity,,A,
DEU,2011-12-31,fixed_bullet,20-30,73000.0,,,4,25.571301322982006,20260910T000226Z,ggfiscal.debt.maturity,,A,
DEU,2011-12-31,fixed_bullet,30+,12000.0,,,1,30.50787132101301,20260910T000226Z,ggfiscal.debt.maturity,,A,
DEU,2011-12-31,inflation_linked,1-2,11000.0,12169.300000000001,,1,1.2895277207392197,20260910T000226Z,ggfiscal.debt.maturity,,A,
DEU,2011-12-31,inflation_linked,3-5,15000.0,16865.25,,1,4.290212183436003,20260910T000226Z,ggfiscal.debt.maturity,,A,
DEU,2011-12-31,inflation_linked,5-7,5000.0,5140.65,,1,6.288843258042436,20260910T000226Z,ggfiscal.debt.maturity,,A,
DEU,2011-12-31,inflation_linked,7-10,15000.0,15897.45,,1,8.290212183436003,20260910T000226Z,ggfiscal.debt.maturity,,A,
DEU,2011-12-31,other,0-1,1863.4127733,,,62,0.45004392815841354,20260910T000226Z,ggfiscal.debt.maturity,,A,
DEU,2011-12-31,other,1-2,2598.96391379,,,47,1.487355529913132,20260910T000226Z,ggfiscal.debt.maturity,,A,
DEU,2011-12-31,other,2-3,2132.38143015,,,28,2.546215636819987,20260910T000226Z,ggfiscal.debt.maturity,,A,
DEU,2011-12-31,other,3-5,1694.7436785,,,37,3.9088489843127765,20260910T000226Z,ggfiscal.debt.maturity,,A,
DEU,2011-12-31,other,5-7,621.75369248,,,38,5.64962544387794,20260910T000226Z,ggfiscal.debt.maturity,,A,
DEU,2011-12-31,other,30+,2153.7386983200004,,,1,,20260910T000226Z,ggfiscal.debt.maturity,,A,
DEU,2012-12-31,bill,0-1,56000.0,,,17,0.379876796714579,20260910T000226Z,ggfiscal.debt.maturity,,A,
DEU,2012-12-31,fixed_bullet,0-1,146000.0,,,8,0.4526454952040731,20260910T000226Z,ggfiscal.debt.maturity,,A,
DEU,2012-12-31,fixed_bullet,1-2,139000.0,,,8,1.4315611166097924,20260910T000226Z,ggfiscal.debt.maturity,,A,
DEU,2012-12-31,fixed_bullet,2-3,96000.0,,,5,2.3230378736025554,20260910T000226Z,ggfiscal.debt.maturity,,A,
DEU,2012-12-31,fixed_bullet,3-5,189500.0,,,12,3.8053742060503613,20260910T000226Z,ggfiscal.debt.maturity,,A,
DEU,2012-12-31,fixed_bullet,5-7,89000.0,,,4,5.799783125302817,20260910T000226Z,ggfiscal.debt.maturity,,A,
DEU,2012-12-31,fixed_bullet,7-10,176000.0,,,9,8.393986061850539,20260910T000226Z,ggfiscal.debt.maturity,,A,
DEU,2012-12-31,fixed_bullet,10-15,21500.0,,,2,12.838323543924995,20260910T000226Z,ggfiscal.debt.maturity,,A,
DEU,2012-12-31,fixed_bullet,15-20,52000.0,,,4,16.453706628757963,20260910T000226Z,ggfiscal.debt.maturity,,A,
DEU,2012-12-31,fixed_bullet,20-30,88000.0,,,5,25.41070873001058,20260910T000226Z,ggfiscal.debt.maturity,,A,
DEU,2012-12-31,fixed_bullet,30+,8000.0,,,1,31.50718685831622,20260910T000226Z,ggfiscal.debt.maturity,,A,
DEU,2012-12-31,inflation_linked,0-1,11000.0,12466.96,,1,0.2874743326488706,20260910T000226Z,ggfiscal.debt.maturity,,A,
DEU,2012-12-31,inflation_linked,3-5,15000.0,17277.75,,1,3.2881587953456535,20260910T000226Z,ggfiscal.debt.maturity,,A,
DEU,2012-12-31,inflation_linked,5-7,7000.0,7372.96,,1,5.286789869952089,20260910T000226Z,ggfiscal.debt.maturity,,A,
DEU,2012-12-31,inflation_linked,7-10,15000.0,16286.25,,1,7.2881587953456535,20260910T000226Z,ggfiscal.debt.maturity,,A,
DEU,2012-12-31,inflation_linked,10-15,7000.0,7183.4,,1,10.286105407255304,20260910T000226Z,ggfiscal.debt.maturity,,A,
DEU,2012-12-31,other,0-1,2689.89777252,,,59,0.481906626747166,20260910T000226Z,ggfiscal.debt.maturity,,A,
DEU,2012-12-31,other,1-2,2135.87030074,,,40,1.5423987720605041,20260910T000226Z,ggfiscal.debt.maturity,,A,
DEU,2012-12-31,other,2-3,1076.6436349800001,,,21,2.5570319757096525,20260910T000226Z,ggfiscal.debt.maturity,,A,
DEU,2012-12-31,other,3-5,1050.20884139,,,40,3.9403908985014846,20260910T000226Z,ggfiscal.debt.maturity,,A,
DEU,2012-12-31,other,5-7,327.14245213,,,26,5.532570633720968,20260910T000226Z,ggfiscal.debt.maturity,,A,
DEU,2012-12-31,other,30+,1724.68454484,,,1,,20260910T000226Z,ggfiscal.debt.maturity,,A,
DEU,2013-12-31,bill,0-1,50000.0,,,16,0.3852703627652293,20260910T000226Z,ggfiscal.debt.maturity,,A,
DEU,2013-12-31,fixed_bullet,0-1,144000.0,,,8,0.45012928739828123,20260910T000226Z,ggfiscal.debt.maturity,,A,
DEU,2013-12-31,fixed_bullet,1-2,151000.0,,,9,1.4011087389114778,20260910T000226Z,ggfiscal.debt.maturity,,A,
DEU,2013-12-31,fixed_bullet,2-3,100500.0,,,7,2.3395684139194515,20260910T000226Z,ggfiscal.debt.maturity,,A,
DEU,2013-12-31,fixed_bullet,3-5,181000.0,,,10,3.8455761398572843,20260910T000226Z,ggfiscal.debt.maturity,,A,
DEU,2013-12-31,fixed_bullet,5-7,111000.0,,,6,5.893926780990436,20260910T000226Z,ggfiscal.debt.maturity,,A,
DEU,2013-12-31,fixed_bullet,7-10,170000.0,,,9,8.384152675443893,20260910T000226Z,ggfiscal.debt.maturity,,A,
DEU,2013-12-31,fixed_bullet,10-15,47250.0,,,4,13.140553871560032,20260910T000226Z,ggfiscal.debt.maturity,,A,
DEU,2013-12-31,fixed_bullet,15-20,26250.0,,,2,16.658127179687757,20260910T000226Z,ggfiscal.debt.maturity,,A,
DEU,2013-12-31,fixed_bullet,20-30,88000.0,,,5,24.411393192707365,20260910T000226Z,ggfiscal.debt.maturity,,A,
DEU,2013-12-31,fixed_bullet,30+,16000.0,,,1,30.507871321013006,20260910T000226Z,ggfiscal.debt.maturity,,A,
DEU,2013-12-31,inflation_linked,2-3,15000.0,17391.15,,1,2.2888432580424367,20260910T000226Z,ggfiscal.debt.maturity,,A,
DEU,2013-12-31,inflation_linked,3-5,11000.0,11662.09,,1,4.287474332648871,20260910T000226Z,ggfiscal.debt.maturity,,A,
DEU,2013-12-31,inflation_linked,5-7,15000.0,16393.05,,1,6.288843258042436,20260910T000226Z,ggfiscal.debt.maturity,,A,
DEU,2013-12-31,inflation_linked,7-10,13000.0,13428.089999999998,,1,9.286789869952088,20260910T000226Z,ggfiscal.debt.maturity,,A,
DEU,2013-12-31,other,0-1,2111.81589094,,,40,0.5438227723811221,20260910T000226Z,ggfiscal.debt.maturity,,A,
DEU,2013-12-31,other,1-2,1065.69045358,,,21,1.5575739947796743,20260910T000226Z,ggfiscal.debt.maturity,,A,
DEU,2013-12-31,other,2-3,570.66315796,,,16,2.5437209277579376,20260910T000226Z,ggfiscal.debt.maturity,,A,
DEU,2013-12-31,other,3-5,715.86341402,,,44,3.764928106962121,20260910T000226Z,ggfiscal.debt.maturity,,A,
DEU,2013-12-31,other,5-7,53.01579278,,,6,5.31448716265878,20260910T000226Z,ggfiscal.debt.maturity,,A,
DEU,2013-12-31,other,30+,1396.93003939,,,1,,20260910T000226Z,ggfiscal.debt.maturity,,A,
DEU,2014-12-31,bill,0-1,28000.0,,,14,0.3627652292950034,20260910T000226Z,ggfiscal.debt.maturity,,A,
DEU,2014-12-31,fixed_bullet,0-1,155000.0,,,9,0.4158000485747721,20260910T000226Z,ggfiscal.debt.maturity,,A,
DEU,2014-12-31,fixed_bullet,1-2,148500.0,,,11,1.4064533078906798,20260910T000226Z,ggfiscal.debt.maturity,,A,
DEU,2014-12-31,fixed_bullet,2-3,89000.0,,,5,2.333510216951603,20260910T000226Z,ggfiscal.debt.maturity,,A,
DEU,2014-12-31,fixed_bullet,3-5,188000.0,,,10,3.846491036451279,20260910T000226Z,ggfiscal.debt.maturity,,A,
DEU,2014-12-31,fixed_bullet,5-7,117000.0,,,7,5.842807584080685,20260910T000226Z,ggfiscal.debt.maturity,,A,
DEU,2014-12-31,fixed_bullet,7-10,180250.0,,,10,8.372928693416721,20260910T000226Z,ggfiscal.debt.maturity,,A,
DEU,2014-12-31,fixed_bullet,10-15,37000.0,,,3,13.0086020311893,20260910T000226Z,ggfiscal.debt.maturity,,A,
DEU,2014-12-31,fixed_bullet,15-20,46250.0,,,3,17.322973897922562,20260910T000226Z,ggfiscal.debt.maturity,,A,
DEU,2014-12-31,fixed_bullet,20-30,84000.0,,,5,25.50304748867377,20260910T000226Z,ggfiscal.debt.maturity,,A,
DEU,2014-12-31,fixed_bullet,30+,7000.0,,,1,31.62217659137577,20260910T000226Z,ggfiscal.debt.maturity,,A,
DEU,2014-12-31,inflation_linked,1-2,15000.0,17448.75,,1,1.2895277207392197,20260910T000226Z,ggfiscal.debt.maturity,,A,
DEU,2014-12-31,inflation_linked,3-5,15000.0,15955.500000000002,,1,3.2881587953456535,20260910T000226Z,ggfiscal.debt.maturity,,A,
DEU,2014-12-31,inflation_linked,5-7,15000.0,16447.35,,1,5.28952772073922,20260910T000226Z,ggfiscal.debt.maturity,,A,
DEU,2014-12-31,inflation_linked,7-10,16000.0,16581.76,,1,8.28747433264887,20260910T000226Z,ggfiscal.debt.maturity,,A,
DEU,2014-12-31,inflation_linked,15-20,4000.0,4045.44,,1,15.288158795345653,20260910T000226Z,ggfiscal.debt.maturity,,A,
DEU,2014-12-31,other,0-1,1055.93623751,,,21,0.5585456975598188,20260910T000226Z,ggfiscal.debt.maturity,,A,
DEU,2014-12-31,other,1-2,564.9603228,,,16,1.5442424599792108,20260910T000226Z,ggfiscal.debt.maturity,,A,
DEU,2014-12-31,other,2-3,453.74808102000003,,,24,2.4292521844142185,20260910T000226Z,ggfiscal.debt.maturity,,A,
DEU,2014-12-31,other,3-5,300.46105271,,,26,3.5282162863291666,20260910T000226Z,ggfiscal.debt.maturity,,A,
DEU,2014-12-31,other,30+,1186.74625439,,,1,,20260910T000226Z,ggfiscal.debt.maturity,,A,
DEU,2015-12-31,bill,0-1,18500.0,,,11,0.2495144014651202,20260910T000226Z,ggfiscal.debt.maturity,,A,
DEU,2015-12-31,fixed_bullet,0-1,153500.0,,,11,0.42517841735280154,20260910T000226Z,ggfiscal.debt.maturity,,A,
DEU,2015-12-31,fixed_bullet,1-2,137000.0,,,9,1.4033383793721927,20260910T000226Z,ggfiscal.debt.maturity,,A,
DEU,2015-12-31,fixed_bullet,2-3,92000.0,,,5,2.3429753295836675,20260910T000226Z,ggfiscal.debt.maturity,,A,
DEU,2015-12-31,fixed_bullet,3-5,198000.0,,,11,3.902225540829237,20260910T000226Z,ggfiscal.debt.maturity,,A,
DEU,2015-12-31,fixed_bullet,5-7,116000.0,,,6,5.925818404965895,20260910T000226Z,ggfiscal.debt.maturity,,A,
DEU,2015-12-31,fixed_bullet,7-10,164250.0,,,9,8.30287213882612,20260910T000226Z,ggfiscal.debt.maturity,,A,
DEU,2015-12-31,fixed_bullet,10-15,46250.0,,,4,12.409893260817284,20260910T000226Z,ggfiscal.debt.maturity,,A,
DEU,2015-12-31,fixed_bullet,15-20,37000.0,,,2,16.90149286863866,20260910T000226Z,ggfiscal.debt.maturity,,A,
DEU,2015-12-31,fixed_bullet,20-30,84000.0,,,5,24.503731951370554,20260910T000226Z,ggfiscal.debt.maturity,,A,
DEU,2015-12-31,fixed_bullet,30+,13000.0,,,1,30.622861054072555,20260910T000226Z,ggfiscal.debt.maturity,,A,
DEU,2015-12-31,inflation_linked,0-1,15000.0,17455.05,,1,0.29021218343600275,20260910T000226Z,ggfiscal.debt.maturity,,A,
DEU,2015-12-31,inflation_linked,2-3,15000.0,15961.199999999999,,1,2.2888432580424367,20260910T000226Z,ggfiscal.debt.maturity,,A,
DEU,2015-12-31,inflation_linked,3-5,16000.0,17550.239999999998,,1,4.290212183436003,20260910T000226Z,ggfiscal.debt.maturity,,A,
DEU,2015-12-31,inflation_linked,7-10,16000.0,16587.68,,1,7.2881587953456535,20260910T000226Z,ggfiscal.debt.maturity,,A,
DEU,2015-12-31,inflation_linked,10-15,12000.0,12127.24,,2,12.62217659137577,20260910T000226Z,ggfiscal.debt.maturity,,A,
DEU,2015-12-31,inflation_linked,30+,3000.0,3049.86,,1,30.288843258042437,20260910T000226Z,ggfiscal.debt.maturity,,A,
DEU,2015-12-31,other,0-1,560.11580569,,,16,0.5446932855073324,20260910T000226Z,ggfiscal.debt.maturity,,A,
DEU,2015-12-31,other,1-2,449.65950823,,,24,1.4295433422855983,20260910T000226Z,ggfiscal.debt.maturity,,A,
DEU,2015-12-31,other,2-3,244.95634014,,,20,2.366695318795561,20260910T000226Z,ggfiscal.debt.maturity,,A,
DEU,2015-12-31,other,3-5,50.27864021,,,6,3.3141055567624367,20260910T000226Z,ggfiscal.debt.maturity,,A,
DEU,2015-12-31,other,30+,1069.95724698,,,1,,20260910T000226Z,ggfiscal.debt.maturity,,A,
DEU,2016-12-31,bill,0-1,23500.0,,,13,0.28986267056956033,20260910T000226Z,ggfiscal.debt.maturity,,A,
DEU,2016-12-31,fixed_bullet,0-1,142000.0,,,9,0.42079995372646556,20260910T000226Z,ggfiscal.debt.maturity,,A,
DEU,2016-12-31,fixed_bullet,1-2,140000.0,,,9,1.408096215899091,20260910T000226Z,ggfiscal.debt.maturity,,A,
DEU,2016-12-31,fixed_bullet,2-3,96000.0,,,5,2.3283139402235915,20260910T000226Z,ggfiscal.debt.maturity,,A,
DEU,2016-12-31,fixed_bullet,3-5,196000.0,,,11,3.9167190490159105,20260910T000226Z,ggfiscal.debt.maturity,,A,
DEU,2016-12-31,fixed_bullet,5-7,116000.0,,,6,5.849465411031651,20260910T000226Z,ggfiscal.debt.maturity,,A,
DEU,2016-12-31,fixed_bullet,7-10,161250.0,,,8,8.26606815975041,20260910T000226Z,ggfiscal.debt.maturity,,A,
DEU,2016-12-31,fixed_bullet,10-15,63250.0,,,5,12.107122470125773,20260910T000226Z,ggfiscal.debt.maturity,,A,
DEU,2016-12-31,fixed_bullet,15-20,20000.0,,,1,17.505817932922657,20260910T000226Z,ggfiscal.debt.maturity,,A,
DEU,2016-12-31,fixed_bullet,20-30,106000.0,,,6,24.711867033435357,20260910T000226Z,ggfiscal.debt.maturity,,A,
DEU,2016-12-31,inflation_linked,1-2,15000.0,16036.65,,1,1.2867898699520877,20260910T000226Z,ggfiscal.debt.maturity,,A,
DEU,2016-12-31,inflation_linked,3-5,16000.0,17633.120000000003,,1,3.2881587953456535,20260910T000226Z,ggfiscal.debt.maturity,,A,
DEU,2016-12-31,inflation_linked,5-7,16000.0,16665.92,,1,6.286105407255304,20260910T000226Z,ggfiscal.debt.maturity,,A,
DEU,2016-12-31,inflation_linked,7-10,8500.0,8617.385,,1,9.286789869952088,20260910T000226Z,ggfiscal.debt.maturity,,A,
DEU,2016-12-31,inflation_linked,10-15,8000.0,8132.0,,1,13.286789869952088,20260910T000226Z,ggfiscal.debt.maturity,,A,
DEU,2016-12-31,inflation_linked,20-30,5000.0,5107.1,,1,29.286789869952084,20260910T000226Z,ggfiscal.debt.maturity,,A,
DEU,2016-12-31,other,0-1,445.0204432,,,24,0.42719650601103343,20260910T000226Z,ggfiscal.debt.maturity,,A,
DEU,2016-12-31,other,1-2,242.27059908,,,20,1.3647590162702385,20260910T000226Z,ggfiscal.debt.maturity,,A,
DEU,2016-12-31,other,2-3,49.528991469999994,,,6,2.311972270815191,20260910T000226Z,ggfiscal.debt.maturity,,A,
DEU,2016-12-31,other,30+,1010.10234981,,,1,,20260910T000226Z,ggfiscal.debt.maturity,,A,
DEU,2017-12-31,bill,0-1,10000.0,,,5,0.19986310746064337,20260910T000226Z,ggfiscal.debt.maturity,,A,
DEU,2017-12-31,fixed_bullet,0-1,145000.0,,,9,0.4275390025726356,20260910T000226Z,ggfiscal.debt.maturity,,A,
DEU,2017-12-31,fixed_bullet,1-2,143000.0,,,9,1.3969931505865798,20260910T000226Z,ggfiscal.debt.maturity,,A,
DEU,2017-12-31,fixed_bullet,2-3,102000.0,,,6,2.439076109567715,20260910T000226Z,ggfiscal.debt.maturity,,A,
DEU,2017-12-31,fixed_bullet,3-5,191000.0,,,10,3.94468394666208,20260910T000226Z,ggfiscal.debt.maturity,,A,
DEU,2017-12-31,fixed_bullet,5-7,118250.0,,,7,5.884139132599091,20260910T000226Z,ggfiscal.debt.maturity,,A,
DEU,2017-12-31,fixed_bullet,7-10,159250.0,,,7,8.48195629539132,20260910T000226Z,ggfiscal.debt.maturity,,A,
DEU,2017-12-31,fixed_bullet,10-15,52000.0,,,4,11.454391091454747,20260910T000226Z,ggfiscal.debt.maturity,,A,
DEU,2017-12-31,fixed_bullet,15-20,43000.0,,,2,17.846457507600718,20260910T000226Z,ggfiscal.debt.maturity,,A,
DEU,2017-12-31,fixed_bullet,20-30,90000.0,,,5,25.225249068370218,20260910T000226Z,ggfiscal.debt.maturity,,A,
DEU,2017-12-31,fixed_bullet,30+,4000.0,,,1,30.622861054072555,20260910T000226Z,ggfiscal.debt.maturity,,A,
DEU,2017-12-31,inflation_linked,0-1,15000.0,16250.7,,1,0.2874743326488706,20260910T000226Z,ggfiscal.debt.maturity,,A,
DEU,2017-12-31,inflation_linked,2-3,16000.0,17868.480000000003,,1,2.2888432580424367,20260910T000226Z,ggfiscal.debt.maturity,,A,
DEU,2017-12-31,inflation_linked,5-7,16000.0,16888.48,,1,5.286789869952089,20260910T000226Z,ggfiscal.debt.maturity,,A,
DEU,2017-12-31,inflation_linked,7-10,12000.0,12328.08,,1,8.28747433264887,20260910T000226Z,ggfiscal.debt.maturity,,A,
DEU,2017-12-31,inflation_linked,10-15,9500.0,9785.57,,1,12.28747433264887,20260910T000226Z,ggfiscal.debt.maturity,,A,
DEU,2017-12-31,inflation_linked,20-30,6500.0,6727.825,,1,28.28747433264887,20260910T000226Z,ggfiscal.debt.maturity,,A,
DEU,2017-12-31,other,0-1,240.00612805,,,20,0.36575192369011816,20260910T000226Z,ggfiscal.debt.maturity,,A,
DEU,2017-12-31,other,1-2,48.91136119,,,6,1.3122549732911895,20260910T000226Z,ggfiscal.debt.maturity,,A,
DEU,2017-12-31,other,30+,965.6494382899999,,,1,,20260910T000226Z,ggfiscal.debt.maturity,,A,
DEU,2018-12-31,bill,0-1,14000.0,,,3,0.22450376454483228,20260910T000226Z,ggfiscal.debt.maturity,,A,
DEU,2018-12-31,fixed_bullet,0-1,148000.0,,,9,0.4163383095621288,20260910T000226Z,ggfiscal.debt.maturity,,A,
DEU,2018-12-31,fixed_bullet,1-2,146000.0,,,10,1.4645251422838552,20260910T000226Z,ggfiscal.debt.maturity,,A,
DEU,2018-12-31,fixed_bullet,2-3,94000.0,,,5,2.437124091630623,20260910T000226Z,ggfiscal.debt.maturity,,A,
DEU,2018-12-31,fixed_bullet,3-5,183000.0,,,10,3.9052823315118395,20260910T000226Z,ggfiscal.debt.maturity,,A,
DEU,2018-12-31,fixed_bullet,5-7,110250.0,,,6,5.757619497719234,20260910T000226Z,ggfiscal.debt.maturity,,A,
DEU,2018-12-31,fixed_bullet,7-10,181000.0,,,9,8.451389913061892,20260910T000226Z,ggfiscal.debt.maturity,,A,
DEU,2018-12-31,fixed_bullet,10-15,26250.0,,,2,11.658811642384538,20260910T000226Z,ggfiscal.debt.maturity,,A,
DEU,2018-12-31,fixed_bullet,15-20,43000.0,,,2,16.847141970297503,20260910T000226Z,ggfiscal.debt.maturity,,A,
DEU,2018-12-31,fixed_bullet,20-30,109000.0,,,6,24.951013821122896,20260910T000226Z,ggfiscal.debt.maturity,,A,
DEU,2018-12-31,inflation_linked,1-2,16000.0,18245.44,,1,1.2895277207392197,20260910T000226Z,ggfiscal.debt.maturity,,A,
DEU,2018-12-31,inflation_linked,3-5,16000.0,17244.800000000003,,1,4.287474332648871,20260910T000226Z,ggfiscal.debt.maturity,,A,
DEU,2018-12-31,inflation_linked,7-10,14500.0,15210.645,,1,7.2881587953456535,20260910T000226Z,ggfiscal.debt.maturity,,A,
DEU,2018-12-31,inflation_linked,10-15,12050.0,12674.19,,1,11.288158795345653,20260910T000226Z,ggfiscal.debt.maturity,,A,
DEU,2018-12-31,inflation_linked,20-30,7950.0,8402.355,,1,27.288158795345655,20260910T000226Z,ggfiscal.debt.maturity,,A,
DEU,2018-12-31,other,0-1,48.41372394,,,6,0.3132067405153611,20260910T000226Z,ggfiscal.debt.maturity,,A,
DEU,2018-12-31,other,30+,920.7322599400001,,,1,,20260910T000226Z,ggfiscal.debt.maturity,,A,
DEU,2019-12-31,bill,0-1,15000.0,,,3,0.23399498060689025,20260910T000226Z,ggfiscal.debt.maturity,,A,
DEU,2019-12-31,fixed_bullet,0-1,151000.0,,,10,0.4811727429729253,20260910T000226Z,ggfiscal.debt.maturity,,A,
DEU,2019-12-31,fixed_bullet,1-2,143000.0,,,9,1.4718341207047574,20260910T000226Z,ggfiscal.debt.maturity,,A,
DEU,2019-12-31,fixed_bullet,2-3,97000.0,,,5,2.4385782933593005,20260910T000226Z,ggfiscal.debt.maturity,,A,
DEU,2019-12-31,fixed_bullet,3-5,191250.0,,,11,3.963795949591336,20260910T000226Z,ggfiscal.debt.maturity,,A,
DEU,2019-12-31,fixed_bullet,5-7,97000.0,,,4,5.898628957711495,20260910T000226Z,ggfiscal.debt.maturity,,A,
DEU,2019-12-31,fixed_bullet,7-10,174000.0,,,9,8.25561928139284,20260910T000226Z,ggfiscal.debt.maturity,,A,
DEU,2019-12-31,fixed_bullet,10-15,46250.0,,,3,12.323658360619348,20260910T000226Z,ggfiscal.debt.maturity,,A,
DEU,2019-12-31,fixed_bullet,15-20,37000.0,,,2,17.956749357160035,20260910T000226Z,ggfiscal.debt.maturity,,A,
DEU,2019-12-31,fixed_bullet,20-30,104000.0,,,5,24.866674564313172,20260910T000226Z,ggfiscal.debt.maturity,,A,
DEU,2019-12-31,fixed_bullet,30+,5000.0,,,1,30.62286105407255,20260910T000226Z,ggfiscal.debt.maturity,,A,
DEU,2019-12-31,inflation_linked,0-1,16000.0,18396.48,,1,0.29021218343600275,20260910T000226Z,ggfiscal.debt.maturity,,A,
DEU,2019-12-31,inflation_linked,3-5,16500.0,17930.879999999997,,1,3.2881587953456535,20260910T000226Z,ggfiscal.debt.maturity,,A,
DEU,2019-12-31,inflation_linked,5-7,16300.0,17240.510000000002,,1,6.288843258042436,20260910T000226Z,ggfiscal.debt.maturity,,A,
DEU,2019-12-31,inflation_linked,10-15,15050.0,15960.675500000001,,1,10.288843258042437,20260910T000226Z,ggfiscal.debt.maturity,,A,
DEU,2019-12-31,inflation_linked,20-30,8850.0,9431.0025,,1,26.288843258042437,20260910T000226Z,ggfiscal.debt.maturity,,A,
DEU,2020-12-31,bill,0-1,113500.0,,,11,0.3548954159090841,20260910T000226Z,ggfiscal.debt.maturity,,A,
DEU,2020-12-31,fixed_bullet,0-1,152000.0,,,9,0.494893548038474,20260910T000226Z,ggfiscal.debt.maturity,,A,
DEU,2020-12-31,fixed_bullet,1-2,161500.0,,,9,1.467157445491976,20260910T000226Z,ggfiscal.debt.maturity,,A,
DEU,2020-12-31,fixed_bullet,2-3,102500.0,,,5,2.4340962588270645,20260910T000226Z,ggfiscal.debt.maturity,,A,
DEU,2020-12-31,fixed_bullet,3-5,231250.0,,,11,3.880564589229887,20260910T000226Z,ggfiscal.debt.maturity,,A,
DEU,2020-12-31,fixed_bullet,5-7,155750.0,,,6,6.066497253909293,20260910T000226Z,ggfiscal.debt.maturity,,A,
DEU,2020-12-31,fixed_bullet,7-10,208500.0,,,10,8.307811245869834,20260910T000226Z,ggfiscal.debt.maturity,,A,
DEU,2020-12-31,fixed_bullet,10-15,68500.0,,,3,12.691736986465624,20260910T000226Z,ggfiscal.debt.maturity,,A,
DEU,2020-12-31,fixed_bullet,15-20,66500.0,,,3,17.78260847189843,20260910T000226Z,ggfiscal.debt.maturity,,A,
DEU,2020-12-31,fixed_bullet,20-30,121500.0,,,5,25.46076169712948,20260910T000226Z,ggfiscal.debt.maturity,,A,
DEU,2020-12-31,inflation_linked,2-3,16500.0,17857.29,,1,2.2861054072553046,20260910T000226Z,ggfiscal.debt.maturity,,A,
DEU,2020-12-31,inflation_linked,5-7,16800.0,17696.448,,1,5.286789869952088,20260910T000226Z,ggfiscal.debt.maturity,,A,
DEU,2020-12-31,inflation_linked,7-10,19100.0,20172.465,,1,9.286789869952088,20260910T000226Z,ggfiscal.debt.maturity,,A,
DEU,2020-12-31,inflation_linked,20-30,9800.0,10400.446,,1,25.286789869952088,20260910T000226Z,ggfiscal.debt.maturity,,A,
DEU,2021-12-31,bill,0-1,154500.0,,,12,0.38290039406444576,20260910T000226Z,ggfiscal.debt.maturity,,A,
DEU,2021-12-31,fixed_bullet,0-1,167500.0,,,9,0.4853106132581446,20260910T000226Z,ggfiscal.debt.maturity,,A,
DEU,2021-12-31,fixed_bullet,1-2,160500.0,,,9,1.471778174382331,20260910T000226Z,ggfiscal.debt.maturity,,A,
DEU,2021-12-31,fixed_bullet,2-3,126250.0,,,6,2.3911900841008125,20260910T000226Z,ggfiscal.debt.maturity,,A,
DEU,2021-12-31,fixed_bullet,3-5,214000.0,,,9,3.962386535915101,20260910T000226Z,ggfiscal.debt.maturity,,A,
DEU,2021-12-31,fixed_bullet,5-7,201500.0,,,9,5.998699011350532,20260910T000226Z,ggfiscal.debt.maturity,,A,
DEU,2021-12-31,fixed_bullet,7-10,209250.0,,,10,8.484190710769942,20260910T000226Z,ggfiscal.debt.maturity,,A,
DEU,2021-12-31,fixed_bullet,10-15,69000.0,,,3,13.382198018034103,20260910T000226Z,ggfiscal.debt.maturity,,A,
DEU,2021-12-31,fixed_bullet,15-20,66500.0,,,3,16.783292934595217,20260910T000226Z,ggfiscal.debt.maturity,,A,
DEU,2021-12-31,fixed_bullet,20-30,143500.0,,,6,25.03654840009826,20260910T000226Z,ggfiscal.debt.maturity,,A,
DEU,2021-12-31,fixed_bullet,30+,7500.0,,,1,30.622861054072555,20260910T000226Z,ggfiscal.debt.maturity,,A,
DEU,2021-12-31,inflation_linked,1-2,16500.0,18579.66,,1,1.2867898699520877,20260910T000226Z,ggfiscal.debt.maturity,,A,
DEU,2021-12-31,inflation_linked,3-5,17300.0,18960.281000000003,,1,4.287474332648871,20260910T000226Z,ggfiscal.debt.maturity,,A,
DEU,2021-12-31,inflation_linked,7-10,21300.0,23406.144,,1,8.28747433264887,20260910T000226Z,ggfiscal.debt.maturity,,A,
DEU,2021-12-31,inflation_linked,10-15,3900.0,4067.4269999999997,,1,11.288158795345653,20260910T000226Z,ggfiscal.debt.maturity,,A,
DEU,2021-12-31,inflation_linked,20-30,10900.0,12035.78,,1,24.287474332648873,20260910T000226Z,ggfiscal.debt.maturity,,A,
DEU,2022-12-31,bill,0-1,139000.0,,,11,0.3444078412834414,20260910T000226Z,ggfiscal.debt.maturity,,A,
DEU,2022-12-31,fixed_bullet,0-1,168500.0,,,9,0.495396632930983,20260910T000226Z,ggfiscal.debt.maturity,,A,
DEU,2022-12-31,fixed_bullet,1-2,190750.0,,,10,1.4381252001582427,20260910T000226Z,ggfiscal.debt.maturity,,A,
DEU,2022-12-31,fixed_bullet,2-3,114000.0,,,5,2.4610276546945733,20260910T000226Z,ggfiscal.debt.maturity,,A,
DEU,2022-12-31,fixed_bullet,3-5,270750.0,,,11,4.053662381032736,20260910T000226Z,ggfiscal.debt.maturity,,A,
DEU,2022-12-31,fixed_bullet,5-7,181750.0,,,8,5.815805156913309,20260910T000226Z,ggfiscal.debt.maturity,,A,
DEU,2022-12-31,fixed_bullet,7-10,232250.0,,,10,8.24659223779516,20260910T000226Z,ggfiscal.debt.maturity,,A,
DEU,2022-12-31,fixed_bullet,10-15,99500.0,,,4,12.863042109933653,20260910T000226Z,ggfiscal.debt.maturity,,A,
DEU,2022-12-31,fixed_bullet,15-20,70000.0,,,4,17.449203089860173,20260910T000226Z,ggfiscal.debt.maturity,,A,
DEU,2022-12-31,fixed_bullet,20-30,159000.0,,,6,25.500927683717965,20260910T000226Z,ggfiscal.debt.maturity,,A,
DEU,2022-12-31,fixed_bullet,30+,5000.0,,,1,30.62286105407255,20260910T000226Z,ggfiscal.debt.maturity,,A,
DEU,2022-12-31,inflation_linked,0-1,16500.0,20587.05,,1,0.2874743326488706,20260910T000226Z,ggfiscal.debt.maturity,,A,
DEU,2022-12-31,inflation_linked,3-5,18700.0,22708.718999999997,,1,3.2881587953456535,20260910T000226Z,ggfiscal.debt.maturity,,A,
DEU,2022-12-31,inflation_linked,7-10,22150.0,26969.84,,1,7.2881587953456535,20260910T000226Z,ggfiscal.debt.maturity,,A,
DEU,2022-12-31,inflation_linked,10-15,7000.0,8089.27,,1,10.288843258042437,20260910T000226Z,ggfiscal.debt.maturity,,A,
DEU,2022-12-31,inflation_linked,20-30,12800.0,15660.800000000001,,1,23.28815879534566,20260910T000226Z,ggfiscal.debt.maturity,,A,
DEU,2023-12-31,bill,0-1,149000.0,,,11,0.34868091635314596,20260910T000226Z,ggfiscal.debt.maturity,,A,
DEU,2023-12-31,fixed_bullet,0-1,195750.0,,,10,0.4518677614573199,20260910T000226Z,ggfiscal.debt.maturity,,A,
DEU,2023-12-31,fixed_bullet,1-2,185500.0,,,9,1.5056555805848741,20260910T000226Z,ggfiscal.debt.maturity,,A,
DEU,2023-12-31,fixed_bullet,2-3,118000.0,,,4,2.430295015023376,20260910T000226Z,ggfiscal.debt.maturity,,A,
DEU,2023-12-31,fixed_bullet,3-5,328000.0,,,14,4.033325820937881,20260910T000226Z,ggfiscal.debt.maturity,,A,
DEU,2023-12-31,fixed_bullet,5-7,180750.0,,,8,6.009934649432974,20260910T000226Z,ggfiscal.debt.maturity,,A,
DEU,2023-12-31,fixed_bullet,7-10,224500.0,,,9,8.266821547312531,20260910T000226Z,ggfiscal.debt.maturity,,A,
DEU,2023-12-31,fixed_bullet,10-15,123750.0,,,5,12.304393697412177,20260910T000226Z,ggfiscal.debt.maturity,,A,
DEU,2023-12-31,fixed_bullet,15-20,60250.0,,,3,16.835941959835388,20260910T000226Z,ggfiscal.debt.maturity,,A,
DEU,2023-12-31,fixed_bullet,20-30,210000.0,,,8,25.509279358560672,20260910T000226Z,ggfiscal.debt.maturity,,A,
DEU,2023-12-31,inflation_linked,2-3,19200.0,23979.264,,1,2.2888432580424367,20260910T000226Z,ggfiscal.debt.maturity,,A,
DEU,2023-12-31,inflation_linked,5-7,22150.0,27736.8945,,1,6.288843258042436,20260910T000226Z,ggfiscal.debt.maturity,,A,
DEU,2023-12-31,inflation_linked,7-10,10650.0,12657.312,,1,9.289527720739219,20260910T000226Z,ggfiscal.debt.maturity,,A,
DEU,2023-12-31,inflation_linked,20-30,14250.0,17930.774999999998,,1,22.288843258042437,20260910T000226Z,ggfiscal.debt.maturity,,A,
DEU,2024-12-31,bill,0-1,108500.0,,,11,0.3517696672628116,20260910T000226Z,ggfiscal.debt.maturity,,A,
DEU,2024-12-31,fixed_bullet,0-1,191000.0,,,9,0.5154756657385209,20260910T000226Z,ggfiscal.debt.maturity,,A,
DEU,2024-12-31,fixed_bullet,1-2,189500.0,,,8,1.4776447981738032,20260910T000226Z,ggfiscal.debt.maturity,,A,
DEU,2024-12-31,fixed_bullet,2-3,159750.0,,,7,2.5454514293916204,20260910T000226Z,ggfiscal.debt.maturity,,A,
DEU,2024-12-31,fixed_bullet,3-5,307750.0,,,13,3.951470427152542,20260910T000226Z,ggfiscal.debt.maturity,,A,
DEU,2024-12-31,fixed_bullet,5-7,201750.0,,,9,5.865860578256478,20260910T000226Z,ggfiscal.debt.maturity,,A,
DEU,2024-12-31,fixed_bullet,7-10,232250.0,,,8,8.517969540304833,20260910T000226Z,ggfiscal.debt.maturity,,A,
DEU,2024-12-31,fixed_bullet,10-15,124750.0,,,5,12.236898163198402,20260910T000226Z,ggfiscal.debt.maturity,,A,
DEU,2024-12-31,fixed_bullet,15-20,81500.0,,,4,17.63360669849628,20260910T000226Z,ggfiscal.debt.maturity,,A,
DEU,2024-12-31,fixed_bullet,20-30,219000.0,,,8,25.897633759325412,20260910T000226Z,ggfiscal.debt.maturity,,A,
DEU,2024-12-31,inflation_linked,1-2,19200.0,24421.44,,1,1.2867898699520877,20260910T000226Z,ggfiscal.debt.maturity,,A,
DEU,2024-12-31,inflation_linked,5-7,22150.0,28248.559500000003,,1,5.286789869952088,20260910T000226Z,ggfiscal.debt.maturity,,A,
DEU,2024-12-31,inflation_linked,7-10,10650.0,12890.759999999998,,1,8.28747433264887,20260910T000226Z,ggfiscal.debt.maturity,,A,
DEU,2024-12-31,inflation_linked,20-30,14250.0,18261.517499999998,,1,21.286789869952088,20260910T000226Z,ggfiscal.debt.maturity,,A,
DEU,2025-12-31,bill,0-1,96000.0,,,11,0.3820014830025097,20260910T000226Z,ggfiscal.debt.maturity,,A,
DEU,2025-12-31,fixed_bullet,0-1,194000.0,,,8,0.48908035027554914,20260910T000226Z,ggfiscal.debt.maturity,,A,
DEU,2025-12-31,fixed_bullet,1-2,231000.0,,,11,1.550278377793778,20260910T000226Z,ggfiscal.debt.maturity,,A,
DEU,2025-12-31,fixed_bullet,2-3,169250.0,,,7,2.4890662897572233,20260910T000226Z,ggfiscal.debt.maturity,,A,
DEU,2025-12-31,fixed_bullet,3-5,315750.0,,,13,4.06669257111394,20260910T000226Z,ggfiscal.debt.maturity,,A,
DEU,2025-12-31,fixed_bullet,5-7,161000.0,,,7,5.810033968055573,20260910T000226Z,ggfiscal.debt.maturity,,A,
DEU,2025-12-31,fixed_bullet,7-10,273250.0,,,10,8.42386839779995,20260910T000226Z,ggfiscal.debt.maturity,,A,
DEU,2025-12-31,fixed_bullet,10-15,129000.0,,,5,12.20082347760109,20260910T000226Z,ggfiscal.debt.maturity,,A,
DEU,2025-12-31,fixed_bullet,15-20,74500.0,,,3,17.15879075194429,20260910T000226Z,ggfiscal.debt.maturity,,A,
DEU,2025-12-31,fixed_bullet,20-30,242000.0,,,8,24.97122145479435,20260910T000226Z,ggfiscal.debt.maturity,,A,
DEU,2025-12-31,fixed_bullet,30+,18000.0,,,1,30.62286105407256,20260910T000226Z,ggfiscal.debt.maturity,,A,
DEU,2025-12-31,inflation_linked,0-1,19200.0,24924.48,,1,0.2874743326488706,20260910T000226Z,ggfiscal.debt.maturity,,A,
DEU,2025-12-31,inflation_linked,3-5,22150.0,28830.440000000002,,1,4.287474332648871,20260910T000226Z,ggfiscal.debt.maturity,,A,
DEU,2025-12-31,inflation_linked,7-10,10650.0,13156.264500000001,,1,7.2881587953456535,20260910T000226Z,ggfiscal.debt.maturity,,A,
DEU,2025-12-31,inflation_linked,20-30,14250.0,18637.7175,,1,20.28747433264887,20260910T000226Z,ggfiscal.debt.maturity,,A,
