iso3,series_variant,weo_vintage,source_vintage_set_hash,base_year,horizon_year,side,residual_kind,contribution_pp
GBR,strict,2026-04,67fcb7efdbd6,2025,2026,revenue,resid_coverage,0.23007319167266116
GBR,strict,2026-04,67fcb7efdbd6,2025,2026,revenue,resid_disagreement,0.5224820717328771
GBR,strict,2026-04,67fcb7efdbd6,2025,2026,expenditure,resid_coverage,-0.4732266314912241
GBR,strict,2026-04,67fcb7efdbd6,2025,2026,expenditure,resid_disagreement,0.28444188530686865
GBR,strict,2026-04,67fcb7efdbd6,2025,2027,revenue,resid_coverage,0.33079055200911434
GBR,strict,2026-04,67fcb7efdbd6,2025,2027,revenue,resid_disagreement,0.6527968600694711
GBR,strict,2026-04,67fcb7efdbd6,2025,2027,expenditure,resid_coverage,-0.5513422574967036
GBR,strict,2026-04,67fcb7efdbd6,2025,2027,expenditure,resid_disagreement,0.2623807389252497
GBR,strict,2026-04,67fcb7efdbd6,2025,2028,revenue,resid_coverage,0.5583904984246033
GBR,strict,2026-04,67fcb7efdbd6,2025,2028,revenue,resid_disagreement,0.654268523455015
GBR,strict,2026-04,67fcb7efdbd6,2025,2028,expenditure,resid_coverage,-0.32160221542000333
GBR,strict,2026-04,67fcb7efdbd6,2025,2028,expenditure,resid_disagreement,0.2783014957699892
GBR,strict,2026-04,67fcb7efdbd6,2025,2029,revenue,resid_coverage,0.7029033647447349
GBR,strict,2026-04,67fcb7efdbd6,2025,2029,revenue,resid_disagreement,0.6601147122922644
GBR,strict,2026-04,67fcb7efdbd6,2025,2029,expenditure,resid_coverage,-0.19725800094053114
GBR,strict,2026-04,67fcb7efdbd6,2025,2029,expenditure,resid_disagreement,0.2806535166868407
GBR,strict,2026-04,67fcb7efdbd6,2025,2030,revenue,resid_coverage,0.7662597290461419
GBR,strict,2026-04,67fcb7efdbd6,2025,2030,revenue,resid_disagreement,0.7334665296017948
GBR,strict,2026-04,67fcb7efdbd6,2025,2030,expenditure,resid_coverage,-0.1216675281684676
GBR,strict,2026-04,67fcb7efdbd6,2025,2030,expenditure,resid_disagreement,0.15499370800352574
GBR,strict,2026-04,67fcb7efdbd6,2025,2031,revenue,resid_total,3.8447701408463875
GBR,strict,2026-04,67fcb7efdbd6,2025,2031,expenditure,resid_total,-0.07228107684563168
GBR,maximum_extension,2026-04,67fcb7efdbd6,2025,2026,revenue,resid_coverage,0.14504351628628886
GBR,maximum_extension,2026-04,67fcb7efdbd6,2025,2026,revenue,resid_disagreement,0.5224820717328771
GBR,maximum_extension,2026-04,67fcb7efdbd6,2025,2026,expenditure,resid_coverage,-0.4269505012710957
GBR,maximum_extension,2026-04,67fcb7efdbd6,2025,2026,expenditure,resid_disagreement,0.28444188530686865
GBR,maximum_extension,2026-04,67fcb7efdbd6,2025,2027,revenue,resid_coverage,0.14870036259862185
GBR,maximum_extension,2026-04,67fcb7efdbd6,2025,2027,revenue,resid_disagreement,0.6527968600694711
GBR,maximum_extension,2026-04,67fcb7efdbd6,2025,2027,expenditure,resid_coverage,-0.5776249914773185
GBR,maximum_extension,2026-04,67fcb7efdbd6,2025,2027,expenditure,resid_disagreement,0.2623807389252497
GBR,maximum_extension,2026-04,67fcb7efdbd6,2025,2028,revenue,resid_coverage,0.16649553156371155
GBR,maximum_extension,2026-04,67fcb7efdbd6,2025,2028,revenue,resid_disagreement,0.654268523455015
GBR,maximum_extension,2026-04,67fcb7efdbd6,2025,2028,expenditure,resid_coverage,-0.32160221542000333
GBR,maximum_extension,2026-04,67fcb7efdbd6,2025,2028,expenditure,resid_disagreement,0.2783014957699892
GBR,maximum_extension,2026-04,67fcb7efdbd6,2025,2029,revenue,resid_coverage,0.14901973580708372
GBR,maximum_extension,2026-04,67fcb7efdbd6,2025,2029,revenue,resid_disagreement,0.6601147122922644
GBR,maximum_extension,2026-04,67fcb7efdbd6,2025,2029,expenditure,resid_coverage,-0.19725800094053114
GBR,maximum_extension,2026-04,67fcb7efdbd6,2025,2029,expenditure,resid_disagreement,0.2806535166868407
GBR,maximum_extension,2026-04,67fcb7efdbd6,2025,2030,revenue,resid_coverage,0.13417324477091963
GBR,maximum_extension,2026-04,67fcb7efdbd6,2025,2030,revenue,resid_disagreement,0.7334665296017948
GBR,maximum_extension,2026-04,67fcb7efdbd6,2025,2030,expenditure,resid_coverage,-0.1216675281684676
GBR,maximum_extension,2026-04,67fcb7efdbd6,2025,2030,expenditure,resid_disagreement,0.15499370800352574
GBR,maximum_extension,2026-04,67fcb7efdbd6,2025,2031,revenue,resid_total,3.8447701408463875
GBR,maximum_extension,2026-04,67fcb7efdbd6,2025,2031,expenditure,resid_total,-0.07228107684563168
FRA,strict,2026-04,67fcb7efdbd6,2024,2025,revenue,resid_coverage,-0.059259870648720736
FRA,strict,2026-04,67fcb7efdbd6,2024,2025,revenue,resid_disagreement,-0.045001091961349715
FRA,strict,2026-04,67fcb7efdbd6,2024,2025,expenditure,resid_coverage,-0.2790629199832098
FRA,strict,2026-04,67fcb7efdbd6,2024,2025,expenditure,resid_disagreement,0.047931063647232985
FRA,strict,2026-04,67fcb7efdbd6,2024,2026,revenue,resid_coverage,0.7707399927527635
FRA,strict,2026-04,67fcb7efdbd6,2024,2026,revenue,resid_disagreement,-0.1594539815094942
FRA,strict,2026-04,67fcb7efdbd6,2024,2026,expenditure,resid_coverage,-0.5057574854210933
FRA,strict,2026-04,67fcb7efdbd6,2024,2026,expenditure,resid_disagreement,0.34759445279871626
FRA,strict,2026-04,67fcb7efdbd6,2024,2027,revenue,resid_coverage,0.6335806635558223
FRA,strict,2026-04,67fcb7efdbd6,2024,2027,revenue,resid_disagreement,0.2752026891477799
FRA,strict,2026-04,67fcb7efdbd6,2024,2027,expenditure,resid_coverage,-0.8804223481081869
FRA,strict,2026-04,67fcb7efdbd6,2024,2027,expenditure,resid_disagreement,0.6552215309956644
FRA,strict,2026-04,67fcb7efdbd6,2024,2028,revenue,resid_total,1.33258251176257
FRA,strict,2026-04,67fcb7efdbd6,2024,2028,expenditure,resid_total,0.09171312270077822
FRA,strict,2026-04,67fcb7efdbd6,2024,2029,revenue,resid_total,1.4974754019280057
FRA,strict,2026-04,67fcb7efdbd6,2024,2029,expenditure,resid_total,0.3579468243841873
FRA,strict,2026-04,67fcb7efdbd6,2024,2030,revenue,resid_total,1.6077914751356226
FRA,strict,2026-04,67fcb7efdbd6,2024,2030,expenditure,resid_total,0.6802774515523593
FRA,strict,2026-04,67fcb7efdbd6,2024,2031,revenue,resid_total,1.7187748705667194
FRA,strict,2026-04,67fcb7efdbd6,2024,2031,expenditure,resid_total,1.0059635056173417
FRA,maximum_extension,2026-04,67fcb7efdbd6,2024,2025,revenue,resid_coverage,-0.059259870648720736
FRA,maximum_extension,2026-04,67fcb7efdbd6,2024,2025,revenue,resid_disagreement,-0.045001091961349715
FRA,maximum_extension,2026-04,67fcb7efdbd6,2024,2025,expenditure,resid_coverage,0.5946595536135947
FRA,maximum_extension,2026-04,67fcb7efdbd6,2024,2025,expenditure,resid_disagreement,0.047931063647232985
FRA,maximum_extension,2026-04,67fcb7efdbd6,2024,2026,revenue,resid_coverage,0.78730041305352
FRA,maximum_extension,2026-04,67fcb7efdbd6,2024,2026,revenue,resid_disagreement,-0.1594539815094942
FRA,maximum_extension,2026-04,67fcb7efdbd6,2024,2026,expenditure,resid_coverage,1.4657450557073801
FRA,maximum_extension,2026-04,67fcb7efdbd6,2024,2026,expenditure,resid_disagreement,0.34759445279871626
FRA,maximum_extension,2026-04,67fcb7efdbd6,2024,2027,revenue,resid_coverage,0.6501412628774751
FRA,maximum_extension,2026-04,67fcb7efdbd6,2024,2027,revenue,resid_disagreement,0.2752026891477799
FRA,maximum_extension,2026-04,67fcb7efdbd6,2024,2027,expenditure,resid_coverage,1.7972525001379944
FRA,maximum_extension,2026-04,67fcb7efdbd6,2024,2027,expenditure,resid_disagreement,0.6552215309956644
FRA,maximum_extension,2026-04,67fcb7efdbd6,2024,2028,revenue,resid_total,1.33258251176257
FRA,maximum_extension,2026-04,67fcb7efdbd6,2024,2028,expenditure,resid_total,0.23690255137317415
FRA,maximum_extension,2026-04,67fcb7efdbd6,2024,2029,revenue,resid_total,1.4974754019280057
FRA,maximum_extension,2026-04,67fcb7efdbd6,2024,2029,expenditure,resid_total,0.4860929738064103
FRA,maximum_extension,2026-04,67fcb7efdbd6,2024,2030,revenue,resid_total,1.6077914751356226
FRA,maximum_extension,2026-04,67fcb7efdbd6,2024,2030,expenditure,resid_total,0.810899974882727
FRA,maximum_extension,2026-04,67fcb7efdbd6,2024,2031,revenue,resid_total,1.7187748705667194
FRA,maximum_extension,2026-04,67fcb7efdbd6,2024,2031,expenditure,resid_total,1.1462001864734512
DEU,strict,2026-04,67fcb7efdbd6,2025,2026,revenue,resid_coverage,-0.2979468406952335
DEU,strict,2026-04,67fcb7efdbd6,2025,2026,revenue,resid_disagreement,-0.42533914334348943
DEU,strict,2026-04,67fcb7efdbd6,2025,2026,expenditure,resid_coverage,-1.4506931632588835
DEU,strict,2026-04,67fcb7efdbd6,2025,2026,expenditure,resid_disagreement,0.33136857705916567
DEU,strict,2026-04,67fcb7efdbd6,2025,2027,revenue,resid_coverage,-0.4506209196826465
DEU,strict,2026-04,67fcb7efdbd6,2025,2027,revenue,resid_disagreement,-0.4932223693418447
DEU,strict,2026-04,67fcb7efdbd6,2025,2027,expenditure,resid_coverage,-1.838995340620124
DEU,strict,2026-04,67fcb7efdbd6,2025,2027,expenditure,resid_disagreement,0.32171421538783607
DEU,strict,2026-04,67fcb7efdbd6,2025,2028,revenue,resid_total,-0.14302427299307774
DEU,strict,2026-04,67fcb7efdbd6,2025,2028,expenditure,resid_total,-1.2779883652997253
DEU,strict,2026-04,67fcb7efdbd6,2025,2029,revenue,resid_total,-0.07630908826385396
DEU,strict,2026-04,67fcb7efdbd6,2025,2029,expenditure,resid_total,-1.315200610944451
DEU,strict,2026-04,67fcb7efdbd6,2025,2030,revenue,resid_total,-0.3226029395314437
DEU,strict,2026-04,67fcb7efdbd6,2025,2030,expenditure,resid_total,-1.1664032046915436
DEU,strict,2026-04,67fcb7efdbd6,2025,2031,revenue,resid_total,0.10246672099021303
DEU,strict,2026-04,67fcb7efdbd6,2025,2031,expenditure,resid_total,-0.9458862954066851
DEU,maximum_extension,2026-04,67fcb7efdbd6,2025,2026,revenue,resid_coverage,-0.2979468406952335
DEU,maximum_extension,2026-04,67fcb7efdbd6,2025,2026,revenue,resid_disagreement,-0.42533914334348943
DEU,maximum_extension,2026-04,67fcb7efdbd6,2025,2026,expenditure,resid_coverage,-0.7853593185614273
DEU,maximum_extension,2026-04,67fcb7efdbd6,2025,2026,expenditure,resid_disagreement,0.33136857705916567
DEU,maximum_extension,2026-04,67fcb7efdbd6,2025,2027,revenue,resid_coverage,-0.4506209196826465
DEU,maximum_extension,2026-04,67fcb7efdbd6,2025,2027,revenue,resid_disagreement,-0.4932223693418447
DEU,maximum_extension,2026-04,67fcb7efdbd6,2025,2027,expenditure,resid_coverage,-0.8126973597872442
DEU,maximum_extension,2026-04,67fcb7efdbd6,2025,2027,expenditure,resid_disagreement,0.32171421538783607
DEU,maximum_extension,2026-04,67fcb7efdbd6,2025,2028,revenue,resid_total,-0.14302427299307774
DEU,maximum_extension,2026-04,67fcb7efdbd6,2025,2028,expenditure,resid_total,-0.8430654786163249
DEU,maximum_extension,2026-04,67fcb7efdbd6,2025,2029,revenue,resid_total,-0.07630908826385396
DEU,maximum_extension,2026-04,67fcb7efdbd6,2025,2029,expenditure,resid_total,-0.8141940103866991
DEU,maximum_extension,2026-04,67fcb7efdbd6,2025,2030,revenue,resid_total,-0.3226029395314437
DEU,maximum_extension,2026-04,67fcb7efdbd6,2025,2030,expenditure,resid_total,-0.5154629518007825
DEU,maximum_extension,2026-04,67fcb7efdbd6,2025,2031,revenue,resid_total,0.10246672099021303
DEU,maximum_extension,2026-04,67fcb7efdbd6,2025,2031,expenditure,resid_total,-0.102672322248333
ITA,strict,2026-04,67fcb7efdbd6,2025,2026,revenue,resid_coverage,0.11797974951715773
ITA,strict,2026-04,67fcb7efdbd6,2025,2026,revenue,resid_disagreement,-0.42479143549736254
ITA,strict,2026-04,67fcb7efdbd6,2025,2026,expenditure,resid_coverage,-0.16615001903265564
ITA,strict,2026-04,67fcb7efdbd6,2025,2026,expenditure,resid_disagreement,0.5527073321216713
ITA,strict,2026-04,67fcb7efdbd6,2025,2027,revenue,resid_coverage,-0.036112798927280865
ITA,strict,2026-04,67fcb7efdbd6,2025,2027,revenue,resid_disagreement,-0.2657486967285738
ITA,strict,2026-04,67fcb7efdbd6,2025,2027,expenditure,resid_coverage,-0.11650827246126941
ITA,strict,2026-04,67fcb7efdbd6,2025,2027,expenditure,resid_disagreement,0.6640376664776793
ITA,strict,2026-04,67fcb7efdbd6,2025,2028,revenue,resid_total,-0.19866981058164757
ITA,strict,2026-04,67fcb7efdbd6,2025,2028,expenditure,resid_total,0.7412033114957015
ITA,strict,2026-04,67fcb7efdbd6,2025,2029,revenue,resid_total,-0.2395435708386573
ITA,strict,2026-04,67fcb7efdbd6,2025,2029,expenditure,resid_total,0.5909047816227961
ITA,strict,2026-04,67fcb7efdbd6,2025,2030,revenue,resid_total,-0.2943437690021755
ITA,strict,2026-04,67fcb7efdbd6,2025,2030,expenditure,resid_total,0.61767048803422
ITA,strict,2026-04,67fcb7efdbd6,2025,2031,revenue,resid_total,-0.38129038261254244
ITA,strict,2026-04,67fcb7efdbd6,2025,2031,expenditure,resid_total,0.433838844194382
ITA,maximum_extension,2026-04,67fcb7efdbd6,2025,2026,revenue,resid_coverage,0.11797974951715773
ITA,maximum_extension,2026-04,67fcb7efdbd6,2025,2026,revenue,resid_disagreement,-0.42479143549736254
ITA,maximum_extension,2026-04,67fcb7efdbd6,2025,2026,expenditure,resid_coverage,0.4026230295409563
ITA,maximum_extension,2026-04,67fcb7efdbd6,2025,2026,expenditure,resid_disagreement,0.5527073321216713
ITA,maximum_extension,2026-04,67fcb7efdbd6,2025,2027,revenue,resid_coverage,-0.036112798927280865
ITA,maximum_extension,2026-04,67fcb7efdbd6,2025,2027,revenue,resid_disagreement,-0.2657486967285738
ITA,maximum_extension,2026-04,67fcb7efdbd6,2025,2027,expenditure,resid_coverage,0.9213673663297458
ITA,maximum_extension,2026-04,67fcb7efdbd6,2025,2027,expenditure,resid_disagreement,0.6640376664776793
ITA,maximum_extension,2026-04,67fcb7efdbd6,2025,2028,revenue,resid_total,-0.19866981058164757
ITA,maximum_extension,2026-04,67fcb7efdbd6,2025,2028,expenditure,resid_total,0.6723456714222462
ITA,maximum_extension,2026-04,67fcb7efdbd6,2025,2029,revenue,resid_total,-0.2395435708386573
ITA,maximum_extension,2026-04,67fcb7efdbd6,2025,2029,expenditure,resid_total,0.6140669133816695
ITA,maximum_extension,2026-04,67fcb7efdbd6,2025,2030,revenue,resid_total,-0.2943437690021755
ITA,maximum_extension,2026-04,67fcb7efdbd6,2025,2030,expenditure,resid_total,0.9076013279938975
ITA,maximum_extension,2026-04,67fcb7efdbd6,2025,2031,revenue,resid_total,-0.38129038261254244
ITA,maximum_extension,2026-04,67fcb7efdbd6,2025,2031,expenditure,resid_total,0.9643979777853022
ESP,strict,2026-04,67fcb7efdbd6,2025,2026,revenue,resid_coverage,0.35238219235531365
ESP,strict,2026-04,67fcb7efdbd6,2025,2026,revenue,resid_disagreement,0.5693886842897122
ESP,strict,2026-04,67fcb7efdbd6,2025,2026,expenditure,resid_coverage,-0.4945910583088763
ESP,strict,2026-04,67fcb7efdbd6,2025,2026,expenditure,resid_disagreement,-0.11282825223742354
ESP,strict,2026-04,67fcb7efdbd6,2025,2027,revenue,resid_coverage,0.3870637524191412
ESP,strict,2026-04,67fcb7efdbd6,2025,2027,revenue,resid_disagreement,0.45687638691455645
ESP,strict,2026-04,67fcb7efdbd6,2025,2027,expenditure,resid_coverage,-0.14112861206474203
ESP,strict,2026-04,67fcb7efdbd6,2025,2027,expenditure,resid_disagreement,-0.5949497146692295
ESP,strict,2026-04,67fcb7efdbd6,2025,2028,revenue,resid_total,0.6200809091374493
ESP,strict,2026-04,67fcb7efdbd6,2025,2028,expenditure,resid_total,-0.3197921190497749
ESP,strict,2026-04,67fcb7efdbd6,2025,2029,revenue,resid_total,0.9069747631349712
ESP,strict,2026-04,67fcb7efdbd6,2025,2029,expenditure,resid_total,-0.5955590186594264
ESP,strict,2026-04,67fcb7efdbd6,2025,2030,revenue,resid_total,1.065803054267267
ESP,strict,2026-04,67fcb7efdbd6,2025,2030,expenditure,resid_total,-0.7524928830274884
ESP,strict,2026-04,67fcb7efdbd6,2025,2031,revenue,resid_total,1.1640732073808502
ESP,strict,2026-04,67fcb7efdbd6,2025,2031,expenditure,resid_total,-0.8406004472101061
ESP,maximum_extension,2026-04,67fcb7efdbd6,2025,2026,revenue,resid_coverage,0.3267203110812595
ESP,maximum_extension,2026-04,67fcb7efdbd6,2025,2026,revenue,resid_disagreement,0.5693886842897122
ESP,maximum_extension,2026-04,67fcb7efdbd6,2025,2026,expenditure,resid_coverage,-0.13519352194275513
ESP,maximum_extension,2026-04,67fcb7efdbd6,2025,2026,expenditure,resid_disagreement,-0.11282825223742354
ESP,maximum_extension,2026-04,67fcb7efdbd6,2025,2027,revenue,resid_coverage,0.38560180052469245
ESP,maximum_extension,2026-04,67fcb7efdbd6,2025,2027,revenue,resid_disagreement,0.45687638691455645
ESP,maximum_extension,2026-04,67fcb7efdbd6,2025,2027,expenditure,resid_coverage,0.4744875680847873
ESP,maximum_extension,2026-04,67fcb7efdbd6,2025,2027,expenditure,resid_disagreement,-0.5949497146692295
ESP,maximum_extension,2026-04,67fcb7efdbd6,2025,2028,revenue,resid_total,0.6200809091374493
ESP,maximum_extension,2026-04,67fcb7efdbd6,2025,2028,expenditure,resid_total,0.8503833335995301
ESP,maximum_extension,2026-04,67fcb7efdbd6,2025,2029,revenue,resid_total,0.9069747631349712
ESP,maximum_extension,2026-04,67fcb7efdbd6,2025,2029,expenditure,resid_total,0.7683390000120596
ESP,maximum_extension,2026-04,67fcb7efdbd6,2025,2030,revenue,resid_total,1.065803054267267
ESP,maximum_extension,2026-04,67fcb7efdbd6,2025,2030,expenditure,resid_total,0.8640107578200391
ESP,maximum_extension,2026-04,67fcb7efdbd6,2025,2031,revenue,resid_total,1.1640732073808502
ESP,maximum_extension,2026-04,67fcb7efdbd6,2025,2031,expenditure,resid_total,1.078250210281341
BEL,strict,2026-04,67fcb7efdbd6,2024,2025,revenue,resid_coverage,1.3100631690576847e-14
BEL,strict,2026-04,67fcb7efdbd6,2024,2025,revenue,resid_disagreement,0.7090758180007928
BEL,strict,2026-04,67fcb7efdbd6,2024,2025,expenditure,resid_coverage,-0.14163385743342083
BEL,strict,2026-04,67fcb7efdbd6,2024,2025,expenditure,resid_disagreement,-0.7935360979603567
BEL,strict,2026-04,67fcb7efdbd6,2024,2026,revenue,resid_coverage,-0.4564048898272527
BEL,strict,2026-04,67fcb7efdbd6,2024,2026,revenue,resid_disagreement,0.5838864671346533
BEL,strict,2026-04,67fcb7efdbd6,2024,2026,expenditure,resid_coverage,-0.327108549112054
BEL,strict,2026-04,67fcb7efdbd6,2024,2026,expenditure,resid_disagreement,-0.5522516643729491
BEL,strict,2026-04,67fcb7efdbd6,2024,2027,revenue,resid_coverage,-0.6267990974091385
BEL,strict,2026-04,67fcb7efdbd6,2024,2027,revenue,resid_disagreement,0.8634310156204639
BEL,strict,2026-04,67fcb7efdbd6,2024,2027,expenditure,resid_coverage,-0.3521047857647841
BEL,strict,2026-04,67fcb7efdbd6,2024,2027,expenditure,resid_disagreement,-0.668145661872932
BEL,strict,2026-04,67fcb7efdbd6,2024,2028,revenue,resid_total,0.47080172205678017
BEL,strict,2026-04,67fcb7efdbd6,2024,2028,expenditure,resid_total,-1.2192684079752825
BEL,strict,2026-04,67fcb7efdbd6,2024,2029,revenue,resid_total,1.0645918187039853
BEL,strict,2026-04,67fcb7efdbd6,2024,2029,expenditure,resid_total,-1.5617234540453717
BEL,strict,2026-04,67fcb7efdbd6,2024,2030,revenue,resid_total,1.2556741553977797
BEL,strict,2026-04,67fcb7efdbd6,2024,2030,expenditure,resid_total,-1.8534832418260816
BEL,strict,2026-04,67fcb7efdbd6,2024,2031,revenue,resid_total,1.4135686891917423
BEL,strict,2026-04,67fcb7efdbd6,2024,2031,expenditure,resid_total,-2.0932603302500463
BEL,maximum_extension,2026-04,67fcb7efdbd6,2024,2025,revenue,resid_coverage,1.3100631690576847e-14
BEL,maximum_extension,2026-04,67fcb7efdbd6,2024,2025,revenue,resid_disagreement,0.7090758180007928
BEL,maximum_extension,2026-04,67fcb7efdbd6,2024,2025,expenditure,resid_coverage,0.0010808386982918972
BEL,maximum_extension,2026-04,67fcb7efdbd6,2024,2025,expenditure,resid_disagreement,-0.7935360979603567
BEL,maximum_extension,2026-04,67fcb7efdbd6,2024,2026,revenue,resid_coverage,-0.34182499291681223
BEL,maximum_extension,2026-04,67fcb7efdbd6,2024,2026,revenue,resid_disagreement,0.5838864671346533
BEL,maximum_extension,2026-04,67fcb7efdbd6,2024,2026,expenditure,resid_coverage,0.30288945849415017
BEL,maximum_extension,2026-04,67fcb7efdbd6,2024,2026,expenditure,resid_disagreement,-0.5522516643729491
BEL,maximum_extension,2026-04,67fcb7efdbd6,2024,2027,revenue,resid_coverage,-0.4760600139218245
BEL,maximum_extension,2026-04,67fcb7efdbd6,2024,2027,revenue,resid_disagreement,0.8634310156204639
BEL,maximum_extension,2026-04,67fcb7efdbd6,2024,2027,expenditure,resid_coverage,1.0584730929111803
BEL,maximum_extension,2026-04,67fcb7efdbd6,2024,2027,expenditure,resid_disagreement,-0.668145661872932
BEL,maximum_extension,2026-04,67fcb7efdbd6,2024,2028,revenue,resid_total,0.47080172205678017
BEL,maximum_extension,2026-04,67fcb7efdbd6,2024,2028,expenditure,resid_total,-1.7402921772413453
BEL,maximum_extension,2026-04,67fcb7efdbd6,2024,2029,revenue,resid_total,1.0645918187039853
BEL,maximum_extension,2026-04,67fcb7efdbd6,2024,2029,expenditure,resid_total,-1.873142553402301
BEL,maximum_extension,2026-04,67fcb7efdbd6,2024,2030,revenue,resid_total,1.2556741553977797
BEL,maximum_extension,2026-04,67fcb7efdbd6,2024,2030,expenditure,resid_total,-2.253650574814159
BEL,maximum_extension,2026-04,67fcb7efdbd6,2024,2031,revenue,resid_total,1.4135686891917423
BEL,maximum_extension,2026-04,67fcb7efdbd6,2024,2031,expenditure,resid_total,-2.303365425202565
GBR,strict,2025-10,67fcb7efdbd6,2024,2025,revenue,resid_coverage,-0.05147794352048385
GBR,strict,2025-10,67fcb7efdbd6,2024,2025,revenue,resid_disagreement,0.2100125346864712
GBR,strict,2025-10,67fcb7efdbd6,2024,2025,expenditure,resid_coverage,-0.20941738065925442
GBR,strict,2025-10,67fcb7efdbd6,2024,2025,expenditure,resid_disagreement,0.5676596372671816
GBR,strict,2025-10,67fcb7efdbd6,2024,2026,revenue,resid_coverage,0.13335207937804539
GBR,strict,2025-10,67fcb7efdbd6,2024,2026,revenue,resid_disagreement,-0.094308589268288
GBR,strict,2025-10,67fcb7efdbd6,2024,2026,expenditure,resid_coverage,-0.6826440121504785
GBR,strict,2025-10,67fcb7efdbd6,2024,2026,expenditure,resid_disagreement,0.9343769399135837
GBR,strict,2025-10,67fcb7efdbd6,2024,2027,revenue,resid_coverage,0.2340694397144989
GBR,strict,2025-10,67fcb7efdbd6,2024,2027,revenue,resid_disagreement,-0.5329484019116482
GBR,strict,2025-10,67fcb7efdbd6,2024,2027,expenditure,resid_coverage,-0.760759638155958
GBR,strict,2025-10,67fcb7efdbd6,2024,2027,expenditure,resid_disagreement,1.3290932244472364
GBR,strict,2025-10,67fcb7efdbd6,2024,2028,revenue,resid_coverage,1.0435983022884612
GBR,strict,2025-10,67fcb7efdbd6,2024,2028,revenue,resid_disagreement,-0.7937885220750394
GBR,strict,2025-10,67fcb7efdbd6,2024,2028,expenditure,resid_coverage,-0.5310195960792577
GBR,strict,2025-10,67fcb7efdbd6,2024,2028,expenditure,resid_disagreement,1.3469415904712956
GBR,strict,2025-10,67fcb7efdbd6,2024,2029,revenue,resid_coverage,1.188111168608593
GBR,strict,2025-10,67fcb7efdbd6,2024,2029,revenue,resid_disagreement,-1.20263642277228
GBR,strict,2025-10,67fcb7efdbd6,2024,2029,expenditure,resid_coverage,-0.4160409860449632
GBR,strict,2025-10,67fcb7efdbd6,2024,2029,expenditure,resid_disagreement,1.3239457433483037
GBR,strict,2025-10,67fcb7efdbd6,2024,2030,revenue,resid_coverage,1.25146753291
GBR,strict,2025-10,67fcb7efdbd6,2024,2030,revenue,resid_disagreement,-1.5028358446034282
GBR,strict,2025-10,67fcb7efdbd6,2024,2030,expenditure,resid_coverage,-0.34045051327289966
GBR,strict,2025-10,67fcb7efdbd6,2024,2030,expenditure,resid_disagreement,1.594509223050744
GBR,maximum_extension,2025-10,67fcb7efdbd6,2024,2025,revenue,resid_coverage,-0.05147794352048385
GBR,maximum_extension,2025-10,67fcb7efdbd6,2024,2025,revenue,resid_disagreement,0.2100125346864712
GBR,maximum_extension,2025-10,67fcb7efdbd6,2024,2025,expenditure,resid_coverage,0.8738694948336903
GBR,maximum_extension,2025-10,67fcb7efdbd6,2024,2025,expenditure,resid_disagreement,0.5676596372671816
GBR,maximum_extension,2025-10,67fcb7efdbd6,2024,2026,revenue,resid_coverage,-0.009205752708641768
GBR,maximum_extension,2025-10,67fcb7efdbd6,2024,2026,revenue,resid_disagreement,-0.094308589268288
GBR,maximum_extension,2025-10,67fcb7efdbd6,2024,2026,expenditure,resid_coverage,0.44691899356259457
GBR,maximum_extension,2025-10,67fcb7efdbd6,2024,2026,expenditure,resid_disagreement,0.9343769399135837
GBR,maximum_extension,2025-10,67fcb7efdbd6,2024,2027,revenue,resid_coverage,-0.005548906396308784
GBR,maximum_extension,2025-10,67fcb7efdbd6,2024,2027,revenue,resid_disagreement,-0.5329484019116482
GBR,maximum_extension,2025-10,67fcb7efdbd6,2024,2027,expenditure,resid_coverage,0.29624450335637187
GBR,maximum_extension,2025-10,67fcb7efdbd6,2024,2027,expenditure,resid_disagreement,1.3290932244472364
GBR,maximum_extension,2025-10,67fcb7efdbd6,2024,2028,revenue,resid_coverage,0.012246262568780253
GBR,maximum_extension,2025-10,67fcb7efdbd6,2024,2028,revenue,resid_disagreement,-0.7937885220750394
GBR,maximum_extension,2025-10,67fcb7efdbd6,2024,2028,expenditure,resid_coverage,-0.5310195960792577
GBR,maximum_extension,2025-10,67fcb7efdbd6,2024,2028,expenditure,resid_disagreement,1.3469415904712956
GBR,maximum_extension,2025-10,67fcb7efdbd6,2024,2029,revenue,resid_coverage,-0.005229533187846691
GBR,maximum_extension,2025-10,67fcb7efdbd6,2024,2029,revenue,resid_disagreement,-1.20263642277228
GBR,maximum_extension,2025-10,67fcb7efdbd6,2024,2029,expenditure,resid_coverage,-0.4160409860449632
GBR,maximum_extension,2025-10,67fcb7efdbd6,2024,2029,expenditure,resid_disagreement,1.3239457433483037
GBR,maximum_extension,2025-10,67fcb7efdbd6,2024,2030,revenue,resid_coverage,-0.02007602422401078
GBR,maximum_extension,2025-10,67fcb7efdbd6,2024,2030,revenue,resid_disagreement,-1.5028358446034282
GBR,maximum_extension,2025-10,67fcb7efdbd6,2024,2030,expenditure,resid_coverage,-0.34045051327289966
GBR,maximum_extension,2025-10,67fcb7efdbd6,2024,2030,expenditure,resid_disagreement,1.594509223050744
FRA,strict,2025-10,67fcb7efdbd6,2024,2025,revenue,resid_coverage,-0.059259870648720736
FRA,strict,2025-10,67fcb7efdbd6,2024,2025,revenue,resid_disagreement,-0.44689024527369003
FRA,strict,2025-10,67fcb7efdbd6,2024,2025,expenditure,resid_coverage,-0.2790629199832098
FRA,strict,2025-10,67fcb7efdbd6,2024,2025,expenditure,resid_disagreement,0.10448533626560286
FRA,strict,2025-10,67fcb7efdbd6,2024,2026,revenue,resid_coverage,0.7707399927527635
FRA,strict,2025-10,67fcb7efdbd6,2024,2026,revenue,resid_disagreement,-0.8629177626094053
FRA,strict,2025-10,67fcb7efdbd6,2024,2026,expenditure,resid_coverage,-0.5057574854210933
FRA,strict,2025-10,67fcb7efdbd6,2024,2026,expenditure,resid_disagreement,0.13356485597015855
FRA,strict,2025-10,67fcb7efdbd6,2024,2027,revenue,resid_coverage,0.6335806635558223
FRA,strict,2025-10,67fcb7efdbd6,2024,2027,revenue,resid_disagreement,-0.8190768089724965
FRA,strict,2025-10,67fcb7efdbd6,2024,2027,expenditure,resid_coverage,-0.8804223481081869
FRA,strict,2025-10,67fcb7efdbd6,2024,2027,expenditure,resid_disagreement,0.29375556284289006
FRA,strict,2025-10,67fcb7efdbd6,2024,2028,revenue,resid_total,0.06135669871948357
FRA,strict,2025-10,67fcb7efdbd6,2024,2028,expenditure,resid_total,-0.6367647223761131
FRA,strict,2025-10,67fcb7efdbd6,2024,2029,revenue,resid_total,0.015417989529320497
FRA,strict,2025-10,67fcb7efdbd6,2024,2029,expenditure,resid_total,-0.6573180129687599
FRA,strict,2025-10,67fcb7efdbd6,2024,2030,revenue,resid_total,0.01861948160124527
FRA,strict,2025-10,67fcb7efdbd6,2024,2030,expenditure,resid_total,-0.7347210739872532
FRA,maximum_extension,2025-10,67fcb7efdbd6,2024,2025,revenue,resid_coverage,-0.059259870648720736
FRA,maximum_extension,2025-10,67fcb7efdbd6,2024,2025,revenue,resid_disagreement,-0.44689024527369003
FRA,maximum_extension,2025-10,67fcb7efdbd6,2024,2025,expenditure,resid_coverage,0.5946595536135947
FRA,maximum_extension,2025-10,67fcb7efdbd6,2024,2025,expenditure,resid_disagreement,0.10448533626560286
FRA,maximum_extension,2025-10,67fcb7efdbd6,2024,2026,revenue,resid_coverage,0.78730041305352
FRA,maximum_extension,2025-10,67fcb7efdbd6,2024,2026,revenue,resid_disagreement,-0.8629177626094053
FRA,maximum_extension,2025-10,67fcb7efdbd6,2024,2026,expenditure,resid_coverage,1.4657450557073801
FRA,maximum_extension,2025-10,67fcb7efdbd6,2024,2026,expenditure,resid_disagreement,0.13356485597015855
FRA,maximum_extension,2025-10,67fcb7efdbd6,2024,2027,revenue,resid_coverage,0.6501412628774751
FRA,maximum_extension,2025-10,67fcb7efdbd6,2024,2027,revenue,resid_disagreement,-0.8190768089724965
FRA,maximum_extension,2025-10,67fcb7efdbd6,2024,2027,expenditure,resid_coverage,1.7972525001379944
FRA,maximum_extension,2025-10,67fcb7efdbd6,2024,2027,expenditure,resid_disagreement,0.29375556284289006
FRA,maximum_extension,2025-10,67fcb7efdbd6,2024,2028,revenue,resid_total,0.06135669871948357
FRA,maximum_extension,2025-10,67fcb7efdbd6,2024,2028,expenditure,resid_total,-0.4915752937037172
FRA,maximum_extension,2025-10,67fcb7efdbd6,2024,2029,revenue,resid_total,0.015417989529320497
FRA,maximum_extension,2025-10,67fcb7efdbd6,2024,2029,expenditure,resid_total,-0.5291718635465368
FRA,maximum_extension,2025-10,67fcb7efdbd6,2024,2030,revenue,resid_total,0.01861948160124527
FRA,maximum_extension,2025-10,67fcb7efdbd6,2024,2030,expenditure,resid_total,-0.6040985506568854
DEU,strict,2025-10,67fcb7efdbd6,2024,2025,revenue,resid_coverage,0.014142319780972912
DEU,strict,2025-10,67fcb7efdbd6,2024,2025,revenue,resid_disagreement,0.042841683553285215
DEU,strict,2025-10,67fcb7efdbd6,2024,2025,expenditure,resid_coverage,-1.1242233017652175
DEU,strict,2025-10,67fcb7efdbd6,2024,2025,expenditure,resid_disagreement,0.10014515655172307
DEU,strict,2025-10,67fcb7efdbd6,2024,2026,revenue,resid_coverage,-0.3866607612476083
DEU,strict,2025-10,67fcb7efdbd6,2024,2026,revenue,resid_disagreement,-0.2745297505994615
DEU,strict,2025-10,67fcb7efdbd6,2024,2026,expenditure,resid_coverage,-2.574916465024101
DEU,strict,2025-10,67fcb7efdbd6,2024,2026,expenditure,resid_disagreement,0.5910026492976892
DEU,strict,2025-10,67fcb7efdbd6,2024,2027,revenue,resid_coverage,-0.5393348402350213
DEU,strict,2025-10,67fcb7efdbd6,2024,2027,revenue,resid_disagreement,-0.42140296139006606
DEU,strict,2025-10,67fcb7efdbd6,2024,2027,expenditure,resid_coverage,-2.9632186423853413
DEU,strict,2025-10,67fcb7efdbd6,2024,2027,expenditure,resid_disagreement,0.44572041875841073
DEU,strict,2025-10,67fcb7efdbd6,2024,2028,revenue,resid_total,1.0236575889409378
DEU,strict,2025-10,67fcb7efdbd6,2024,2028,expenditure,resid_total,-2.5361193765612824
DEU,strict,2025-10,67fcb7efdbd6,2024,2029,revenue,resid_total,0.9728251246423012
DEU,strict,2025-10,67fcb7efdbd6,2024,2029,expenditure,resid_total,-2.6230804988376692
DEU,strict,2025-10,67fcb7efdbd6,2024,2030,revenue,resid_total,0.8782582012618974
DEU,strict,2025-10,67fcb7efdbd6,2024,2030,expenditure,resid_total,-2.6905982974429365
DEU,maximum_extension,2025-10,67fcb7efdbd6,2024,2025,revenue,resid_coverage,0.014142319780972912
DEU,maximum_extension,2025-10,67fcb7efdbd6,2024,2025,revenue,resid_disagreement,0.042841683553285215
DEU,maximum_extension,2025-10,67fcb7efdbd6,2024,2025,expenditure,resid_coverage,0.0015572840417366063
DEU,maximum_extension,2025-10,67fcb7efdbd6,2024,2025,expenditure,resid_disagreement,0.10014515655172307
DEU,maximum_extension,2025-10,67fcb7efdbd6,2024,2026,revenue,resid_coverage,-0.3866607612476083
DEU,maximum_extension,2025-10,67fcb7efdbd6,2024,2026,revenue,resid_disagreement,-0.2745297505994615
DEU,maximum_extension,2025-10,67fcb7efdbd6,2024,2026,expenditure,resid_coverage,-0.7838020345196905
DEU,maximum_extension,2025-10,67fcb7efdbd6,2024,2026,expenditure,resid_disagreement,0.5910026492976892
DEU,maximum_extension,2025-10,67fcb7efdbd6,2024,2027,revenue,resid_coverage,-0.5393348402350213
DEU,maximum_extension,2025-10,67fcb7efdbd6,2024,2027,revenue,resid_disagreement,-0.42140296139006606
DEU,maximum_extension,2025-10,67fcb7efdbd6,2024,2027,expenditure,resid_coverage,-0.8111400757455072
DEU,maximum_extension,2025-10,67fcb7efdbd6,2024,2027,expenditure,resid_disagreement,0.44572041875841073
DEU,maximum_extension,2025-10,67fcb7efdbd6,2024,2028,revenue,resid_total,1.0236575889409378
DEU,maximum_extension,2025-10,67fcb7efdbd6,2024,2028,expenditure,resid_total,-1.3619384865036965
DEU,maximum_extension,2025-10,67fcb7efdbd6,2024,2029,revenue,resid_total,0.9728251246423012
DEU,maximum_extension,2025-10,67fcb7efdbd6,2024,2029,expenditure,resid_total,-1.382815894905732
DEU,maximum_extension,2025-10,67fcb7efdbd6,2024,2030,revenue,resid_total,0.8782582012618974
DEU,maximum_extension,2025-10,67fcb7efdbd6,2024,2030,expenditure,resid_total,-1.3004000411779901
ITA,strict,2025-10,67fcb7efdbd6,2024,2025,revenue,resid_coverage,-0.03461313647838238
ITA,strict,2025-10,67fcb7efdbd6,2024,2025,revenue,resid_disagreement,-0.7780296958553201
ITA,strict,2025-10,67fcb7efdbd6,2024,2025,expenditure,resid_coverage,-0.8189376121266481
ITA,strict,2025-10,67fcb7efdbd6,2024,2025,expenditure,resid_disagreement,0.6440855767788412
ITA,strict,2025-10,67fcb7efdbd6,2024,2026,revenue,resid_coverage,0.26153302760971187
ITA,strict,2025-10,67fcb7efdbd6,2024,2026,revenue,resid_disagreement,-1.3407868237510945
ITA,strict,2025-10,67fcb7efdbd6,2024,2026,expenditure,resid_coverage,-0.9850876311593038
ITA,strict,2025-10,67fcb7efdbd6,2024,2026,expenditure,resid_disagreement,1.4984891353855057
ITA,strict,2025-10,67fcb7efdbd6,2024,2027,revenue,resid_coverage,0.10744047916527344
ITA,strict,2025-10,67fcb7efdbd6,2024,2027,revenue,resid_disagreement,-1.3699120085319927
ITA,strict,2025-10,67fcb7efdbd6,2024,2027,expenditure,resid_coverage,-0.9354458845879176
ITA,strict,2025-10,67fcb7efdbd6,2024,2027,expenditure,resid_disagreement,1.722323136800502
ITA,strict,2025-10,67fcb7efdbd6,2024,2028,revenue,resid_total,-0.09749608958283251
ITA,strict,2025-10,67fcb7efdbd6,2024,2028,expenditure,resid_total,0.9771549630723492
ITA,strict,2025-10,67fcb7efdbd6,2024,2029,revenue,resid_total,-0.18618409851667295
ITA,strict,2025-10,67fcb7efdbd6,2024,2029,expenditure,resid_total,0.9315180898362335
ITA,strict,2025-10,67fcb7efdbd6,2024,2030,revenue,resid_total,-0.16800164687092445
ITA,strict,2025-10,67fcb7efdbd6,2024,2030,expenditure,resid_total,0.802086954190475
ITA,maximum_extension,2025-10,67fcb7efdbd6,2024,2025,revenue,resid_coverage,-0.03461313647838238
ITA,maximum_extension,2025-10,67fcb7efdbd6,2024,2025,revenue,resid_disagreement,-0.7780296958553201
ITA,maximum_extension,2025-10,67fcb7efdbd6,2024,2025,expenditure,resid_coverage,-0.6366362721442503
ITA,maximum_extension,2025-10,67fcb7efdbd6,2024,2025,expenditure,resid_disagreement,0.6440855767788412
ITA,maximum_extension,2025-10,67fcb7efdbd6,2024,2026,revenue,resid_coverage,0.26153302760971187
ITA,maximum_extension,2025-10,67fcb7efdbd6,2024,2026,revenue,resid_disagreement,-1.3407868237510945
ITA,maximum_extension,2025-10,67fcb7efdbd6,2024,2026,expenditure,resid_coverage,-0.23401324260329404
ITA,maximum_extension,2025-10,67fcb7efdbd6,2024,2026,expenditure,resid_disagreement,1.4984891353855057
ITA,maximum_extension,2025-10,67fcb7efdbd6,2024,2027,revenue,resid_coverage,0.10744047916527344
ITA,maximum_extension,2025-10,67fcb7efdbd6,2024,2027,revenue,resid_disagreement,-1.3699120085319927
ITA,maximum_extension,2025-10,67fcb7efdbd6,2024,2027,expenditure,resid_coverage,0.28473109418549525
ITA,maximum_extension,2025-10,67fcb7efdbd6,2024,2027,expenditure,resid_disagreement,1.722323136800502
ITA,maximum_extension,2025-10,67fcb7efdbd6,2024,2028,revenue,resid_total,-0.09749608958283251
ITA,maximum_extension,2025-10,67fcb7efdbd6,2024,2028,expenditure,resid_total,1.105786623934897
ITA,maximum_extension,2025-10,67fcb7efdbd6,2024,2029,revenue,resid_total,-0.18618409851667295
ITA,maximum_extension,2025-10,67fcb7efdbd6,2024,2029,expenditure,resid_total,1.1521695225311102
ITA,maximum_extension,2025-10,67fcb7efdbd6,2024,2030,revenue,resid_total,-0.16800164687092445
ITA,maximum_extension,2025-10,67fcb7efdbd6,2024,2030,expenditure,resid_total,1.2895070950861558
ESP,strict,2025-10,67fcb7efdbd6,2024,2025,revenue,resid_coverage,0.5818280113252897
ESP,strict,2025-10,67fcb7efdbd6,2024,2025,revenue,resid_disagreement,-0.6578312009245524
ESP,strict,2025-10,67fcb7efdbd6,2024,2025,expenditure,resid_coverage,0.13497522500975842
ESP,strict,2025-10,67fcb7efdbd6,2024,2025,expenditure,resid_disagreement,0.2571083165332999
ESP,strict,2025-10,67fcb7efdbd6,2024,2026,revenue,resid_coverage,0.928781226567019
ESP,strict,2025-10,67fcb7efdbd6,2024,2026,revenue,resid_disagreement,-0.7290322198246102
ESP,strict,2025-10,67fcb7efdbd6,2024,2026,expenditure,resid_coverage,-0.35961583329911784
ESP,strict,2025-10,67fcb7efdbd6,2024,2026,expenditure,resid_disagreement,0.6141857717560484
ESP,strict,2025-10,67fcb7efdbd6,2024,2027,revenue,resid_coverage,0.9634627866308465
ESP,strict,2025-10,67fcb7efdbd6,2024,2027,revenue,resid_disagreement,-1.692828803084484
ESP,strict,2025-10,67fcb7efdbd6,2024,2027,expenditure,resid_coverage,-0.006153387054983611
ESP,strict,2025-10,67fcb7efdbd6,2024,2027,expenditure,resid_disagreement,1.252529676029518
ESP,strict,2025-10,67fcb7efdbd6,2024,2028,revenue,resid_total,-0.29131383066743344
ESP,strict,2025-10,67fcb7efdbd6,2024,2028,expenditure,resid_total,1.1517497272512964
ESP,strict,2025-10,67fcb7efdbd6,2024,2029,revenue,resid_total,-0.1338518481478923
ESP,strict,2025-10,67fcb7efdbd6,2024,2029,expenditure,resid_total,1.1317362819839785
ESP,strict,2025-10,67fcb7efdbd6,2024,2030,revenue,resid_total,-0.0037079354958169386
ESP,strict,2025-10,67fcb7efdbd6,2024,2030,expenditure,resid_total,1.1041487348271761
ESP,maximum_extension,2025-10,67fcb7efdbd6,2024,2025,revenue,resid_coverage,0.5870707083410917
ESP,maximum_extension,2025-10,67fcb7efdbd6,2024,2025,revenue,resid_disagreement,-0.6578312009245524
ESP,maximum_extension,2025-10,67fcb7efdbd6,2024,2025,expenditure,resid_coverage,0.23281296504631746
ESP,maximum_extension,2025-10,67fcb7efdbd6,2024,2025,expenditure,resid_disagreement,0.2571083165332999
ESP,maximum_extension,2025-10,67fcb7efdbd6,2024,2026,revenue,resid_coverage,0.9083620423087668
ESP,maximum_extension,2025-10,67fcb7efdbd6,2024,2026,revenue,resid_disagreement,-0.7290322198246102
ESP,maximum_extension,2025-10,67fcb7efdbd6,2024,2026,expenditure,resid_coverage,0.09761944310356235
ESP,maximum_extension,2025-10,67fcb7efdbd6,2024,2026,expenditure,resid_disagreement,0.6141857717560484
ESP,maximum_extension,2025-10,67fcb7efdbd6,2024,2027,revenue,resid_coverage,0.9672435317521997
ESP,maximum_extension,2025-10,67fcb7efdbd6,2024,2027,revenue,resid_disagreement,-1.692828803084484
ESP,maximum_extension,2025-10,67fcb7efdbd6,2024,2027,expenditure,resid_coverage,0.7073005331311049
ESP,maximum_extension,2025-10,67fcb7efdbd6,2024,2027,expenditure,resid_disagreement,1.252529676029518
ESP,maximum_extension,2025-10,67fcb7efdbd6,2024,2028,revenue,resid_total,-0.29131383066743344
ESP,maximum_extension,2025-10,67fcb7efdbd6,2024,2028,expenditure,resid_total,2.508593382229348
ESP,maximum_extension,2025-10,67fcb7efdbd6,2024,2029,revenue,resid_total,-0.1338518481478923
ESP,maximum_extension,2025-10,67fcb7efdbd6,2024,2029,expenditure,resid_total,2.6823025029842107
ESP,maximum_extension,2025-10,67fcb7efdbd6,2024,2030,revenue,resid_total,-0.0037079354958169386
ESP,maximum_extension,2025-10,67fcb7efdbd6,2024,2030,expenditure,resid_total,2.90732057800345
BEL,strict,2025-10,67fcb7efdbd6,2024,2025,revenue,resid_coverage,1.3100631690576847e-14
BEL,strict,2025-10,67fcb7efdbd6,2024,2025,revenue,resid_disagreement,0.4204181194987888
BEL,strict,2025-10,67fcb7efdbd6,2024,2025,expenditure,resid_coverage,-0.14163385743342083
BEL,strict,2025-10,67fcb7efdbd6,2024,2025,expenditure,resid_disagreement,-0.6188532455592477
BEL,strict,2025-10,67fcb7efdbd6,2024,2026,revenue,resid_coverage,-0.4564048898272527
BEL,strict,2025-10,67fcb7efdbd6,2024,2026,revenue,resid_disagreement,0.11352174623052158
BEL,strict,2025-10,67fcb7efdbd6,2024,2026,expenditure,resid_coverage,-0.327108549112054
BEL,strict,2025-10,67fcb7efdbd6,2024,2026,expenditure,resid_disagreement,-0.28065114581959927
BEL,strict,2025-10,67fcb7efdbd6,2024,2027,revenue,resid_coverage,-0.6267990974091385
BEL,strict,2025-10,67fcb7efdbd6,2024,2027,revenue,resid_disagreement,0.1989787326005299
BEL,strict,2025-10,67fcb7efdbd6,2024,2027,expenditure,resid_coverage,-0.3521047857647841
BEL,strict,2025-10,67fcb7efdbd6,2024,2027,expenditure,resid_disagreement,-0.26250791268697116
BEL,strict,2025-10,67fcb7efdbd6,2024,2028,revenue,resid_total,-0.2291697957419174
BEL,strict,2025-10,67fcb7efdbd6,2024,2028,expenditure,resid_total,-0.9067395195452077
BEL,strict,2025-10,67fcb7efdbd6,2024,2029,revenue,resid_total,0.21120152098748557
BEL,strict,2025-10,67fcb7efdbd6,2024,2029,expenditure,resid_total,-1.2813637664778832
BEL,strict,2025-10,67fcb7efdbd6,2024,2030,revenue,resid_total,0.440091125808479
BEL,strict,2025-10,67fcb7efdbd6,2024,2030,expenditure,resid_total,-1.6214456247576226
BEL,maximum_extension,2025-10,67fcb7efdbd6,2024,2025,revenue,resid_coverage,1.3100631690576847e-14
BEL,maximum_extension,2025-10,67fcb7efdbd6,2024,2025,revenue,resid_disagreement,0.4204181194987888
BEL,maximum_extension,2025-10,67fcb7efdbd6,2024,2025,expenditure,resid_coverage,0.0010808386982918972
BEL,maximum_extension,2025-10,67fcb7efdbd6,2024,2025,expenditure,resid_disagreement,-0.6188532455592477
BEL,maximum_extension,2025-10,67fcb7efdbd6,2024,2026,revenue,resid_coverage,-0.34182499291681223
BEL,maximum_extension,2025-10,67fcb7efdbd6,2024,2026,revenue,resid_disagreement,0.11352174623052158
BEL,maximum_extension,2025-10,67fcb7efdbd6,2024,2026,expenditure,resid_coverage,0.30288945849415017
BEL,maximum_extension,2025-10,67fcb7efdbd6,2024,2026,expenditure,resid_disagreement,-0.28065114581959927
BEL,maximum_extension,2025-10,67fcb7efdbd6,2024,2027,revenue,resid_coverage,-0.4760600139218245
BEL,maximum_extension,2025-10,67fcb7efdbd6,2024,2027,revenue,resid_disagreement,0.1989787326005299
BEL,maximum_extension,2025-10,67fcb7efdbd6,2024,2027,expenditure,resid_coverage,1.0584730929111803
BEL,maximum_extension,2025-10,67fcb7efdbd6,2024,2027,expenditure,resid_disagreement,-0.26250791268697116
BEL,maximum_extension,2025-10,67fcb7efdbd6,2024,2028,revenue,resid_total,-0.2291697957419174
BEL,maximum_extension,2025-10,67fcb7efdbd6,2024,2028,expenditure,resid_total,-1.4277632888112706
BEL,maximum_extension,2025-10,67fcb7efdbd6,2024,2029,revenue,resid_total,0.21120152098748557
BEL,maximum_extension,2025-10,67fcb7efdbd6,2024,2029,expenditure,resid_total,-1.5927828658348124
BEL,maximum_extension,2025-10,67fcb7efdbd6,2024,2030,revenue,resid_total,0.440091125808479
BEL,maximum_extension,2025-10,67fcb7efdbd6,2024,2030,expenditure,resid_total,-2.0216129577457
GBR,strict,2025-04,67fcb7efdbd6,2024,2025,revenue,resid_coverage,-0.05147794352048385
GBR,strict,2025-04,67fcb7efdbd6,2024,2025,revenue,resid_disagreement,0.31145957532049406
GBR,strict,2025-04,67fcb7efdbd6,2024,2025,expenditure,resid_coverage,-0.20941738065925442
GBR,strict,2025-04,67fcb7efdbd6,2024,2025,expenditure,resid_disagreement,0.38098650059139594
GBR,strict,2025-04,67fcb7efdbd6,2024,2026,revenue,resid_coverage,0.13335207937804539
GBR,strict,2025-04,67fcb7efdbd6,2024,2026,revenue,resid_disagreement,-0.04846934805621794
GBR,strict,2025-04,67fcb7efdbd6,2024,2026,expenditure,resid_coverage,-0.6826440121504785
GBR,strict,2025-04,67fcb7efdbd6,2024,2026,expenditure,resid_disagreement,0.7611714621850674
GBR,strict,2025-04,67fcb7efdbd6,2024,2027,revenue,resid_coverage,0.2340694397144989
GBR,strict,2025-04,67fcb7efdbd6,2024,2027,revenue,resid_disagreement,-0.4847004311362535
GBR,strict,2025-04,67fcb7efdbd6,2024,2027,expenditure,resid_coverage,-0.760759638155958
GBR,strict,2025-04,67fcb7efdbd6,2024,2027,expenditure,resid_disagreement,1.1525767685760635
GBR,strict,2025-04,67fcb7efdbd6,2024,2028,revenue,resid_coverage,1.0435983022884612
GBR,strict,2025-04,67fcb7efdbd6,2024,2028,revenue,resid_disagreement,-0.7421548201683836
GBR,strict,2025-04,67fcb7efdbd6,2024,2028,expenditure,resid_coverage,-0.5310195960792577
GBR,strict,2025-04,67fcb7efdbd6,2024,2028,expenditure,resid_disagreement,1.2140378038925204
GBR,strict,2025-04,67fcb7efdbd6,2024,2029,revenue,resid_coverage,1.188111168608593
GBR,strict,2025-04,67fcb7efdbd6,2024,2029,revenue,resid_disagreement,-1.159213816293708
GBR,strict,2025-04,67fcb7efdbd6,2024,2029,expenditure,resid_coverage,-0.4160409860449632
GBR,strict,2025-04,67fcb7efdbd6,2024,2029,expenditure,resid_disagreement,1.2388480492380782
GBR,strict,2025-04,67fcb7efdbd6,2024,2030,revenue,resid_coverage,1.25146753291
GBR,strict,2025-04,67fcb7efdbd6,2024,2030,revenue,resid_disagreement,-1.4070822333815847
GBR,strict,2025-04,67fcb7efdbd6,2024,2030,expenditure,resid_coverage,-0.34045051327289966
GBR,strict,2025-04,67fcb7efdbd6,2024,2030,expenditure,resid_disagreement,1.4829740866582286
GBR,maximum_extension,2025-04,67fcb7efdbd6,2024,2025,revenue,resid_coverage,-0.05147794352048385
GBR,maximum_extension,2025-04,67fcb7efdbd6,2024,2025,revenue,resid_disagreement,0.31145957532049406
GBR,maximum_extension,2025-04,67fcb7efdbd6,2024,2025,expenditure,resid_coverage,0.8738694948336903
GBR,maximum_extension,2025-04,67fcb7efdbd6,2024,2025,expenditure,resid_disagreement,0.38098650059139594
GBR,maximum_extension,2025-04,67fcb7efdbd6,2024,2026,revenue,resid_coverage,-0.009205752708641768
GBR,maximum_extension,2025-04,67fcb7efdbd6,2024,2026,revenue,resid_disagreement,-0.04846934805621794
GBR,maximum_extension,2025-04,67fcb7efdbd6,2024,2026,expenditure,resid_coverage,0.44691899356259457
GBR,maximum_extension,2025-04,67fcb7efdbd6,2024,2026,expenditure,resid_disagreement,0.7611714621850674
GBR,maximum_extension,2025-04,67fcb7efdbd6,2024,2027,revenue,resid_coverage,-0.005548906396308784
GBR,maximum_extension,2025-04,67fcb7efdbd6,2024,2027,revenue,resid_disagreement,-0.4847004311362535
GBR,maximum_extension,2025-04,67fcb7efdbd6,2024,2027,expenditure,resid_coverage,0.29624450335637187
GBR,maximum_extension,2025-04,67fcb7efdbd6,2024,2027,expenditure,resid_disagreement,1.1525767685760635
GBR,maximum_extension,2025-04,67fcb7efdbd6,2024,2028,revenue,resid_coverage,0.012246262568780253
GBR,maximum_extension,2025-04,67fcb7efdbd6,2024,2028,revenue,resid_disagreement,-0.7421548201683836
GBR,maximum_extension,2025-04,67fcb7efdbd6,2024,2028,expenditure,resid_coverage,-0.5310195960792577
GBR,maximum_extension,2025-04,67fcb7efdbd6,2024,2028,expenditure,resid_disagreement,1.2140378038925204
GBR,maximum_extension,2025-04,67fcb7efdbd6,2024,2029,revenue,resid_coverage,-0.005229533187846691
GBR,maximum_extension,2025-04,67fcb7efdbd6,2024,2029,revenue,resid_disagreement,-1.159213816293708
GBR,maximum_extension,2025-04,67fcb7efdbd6,2024,2029,expenditure,resid_coverage,-0.4160409860449632
GBR,maximum_extension,2025-04,67fcb7efdbd6,2024,2029,expenditure,resid_disagreement,1.2388480492380782
GBR,maximum_extension,2025-04,67fcb7efdbd6,2024,2030,revenue,resid_coverage,-0.02007602422401078
GBR,maximum_extension,2025-04,67fcb7efdbd6,2024,2030,revenue,resid_disagreement,-1.4070822333815847
GBR,maximum_extension,2025-04,67fcb7efdbd6,2024,2030,expenditure,resid_coverage,-0.34045051327289966
GBR,maximum_extension,2025-04,67fcb7efdbd6,2024,2030,expenditure,resid_disagreement,1.4829740866582286
FRA,strict,2025-04,67fcb7efdbd6,2023,2024,revenue,resid_coverage,0.13660101649014217
FRA,strict,2025-04,67fcb7efdbd6,2023,2024,revenue,resid_disagreement,-0.06200160167845192
FRA,strict,2025-04,67fcb7efdbd6,2023,2024,expenditure,resid_coverage,-0.15320205653209293
FRA,strict,2025-04,67fcb7efdbd6,2023,2024,expenditure,resid_disagreement,0.13979376383312925
FRA,strict,2025-04,67fcb7efdbd6,2023,2025,revenue,resid_coverage,0.07734114584142138
FRA,strict,2025-04,67fcb7efdbd6,2023,2025,revenue,resid_disagreement,-0.4857513206699693
FRA,strict,2025-04,67fcb7efdbd6,2023,2025,expenditure,resid_coverage,-0.5111614154009521
FRA,strict,2025-04,67fcb7efdbd6,2023,2025,expenditure,resid_disagreement,0.21624709924091823
FRA,strict,2025-04,67fcb7efdbd6,2023,2026,revenue,resid_coverage,0.5138211625289053
FRA,strict,2025-04,67fcb7efdbd6,2023,2026,revenue,resid_disagreement,-1.1105121195541856
FRA,strict,2025-04,67fcb7efdbd6,2023,2026,expenditure,resid_coverage,-0.7378559808388356
FRA,strict,2025-04,67fcb7efdbd6,2023,2026,expenditure,resid_disagreement,0.37391670970200463
FRA,strict,2025-04,67fcb7efdbd6,2023,2027,revenue,resid_coverage,0.37666183333196424
FRA,strict,2025-04,67fcb7efdbd6,2023,2027,revenue,resid_disagreement,-0.8742329958106421
FRA,strict,2025-04,67fcb7efdbd6,2023,2027,expenditure,resid_coverage,-1.112520843525929
FRA,strict,2025-04,67fcb7efdbd6,2023,2027,expenditure,resid_disagreement,0.5856618410597036
FRA,strict,2025-04,67fcb7efdbd6,2023,2028,revenue,resid_total,-0.03533554532310079
FRA,strict,2025-04,67fcb7efdbd6,2023,2028,expenditure,resid_total,-0.6029480974884954
FRA,strict,2025-04,67fcb7efdbd6,2023,2029,revenue,resid_total,-0.07424987800237481
FRA,strict,2025-04,67fcb7efdbd6,2023,2029,expenditure,resid_total,-0.4769544765255748
FRA,strict,2025-04,67fcb7efdbd6,2023,2030,revenue,resid_total,-0.07067500579368557
FRA,strict,2025-04,67fcb7efdbd6,2023,2030,expenditure,resid_total,-0.6097260674281714
FRA,maximum_extension,2025-04,67fcb7efdbd6,2023,2024,revenue,resid_coverage,0.13660101649014217
FRA,maximum_extension,2025-04,67fcb7efdbd6,2023,2024,revenue,resid_disagreement,-0.06200160167845192
FRA,maximum_extension,2025-04,67fcb7efdbd6,2023,2024,expenditure,resid_coverage,-0.15320205653209293
FRA,maximum_extension,2025-04,67fcb7efdbd6,2023,2024,expenditure,resid_disagreement,0.13979376383312925
FRA,maximum_extension,2025-04,67fcb7efdbd6,2023,2025,revenue,resid_coverage,0.07734114584142138
FRA,maximum_extension,2025-04,67fcb7efdbd6,2023,2025,revenue,resid_disagreement,-0.4857513206699693
FRA,maximum_extension,2025-04,67fcb7efdbd6,2023,2025,expenditure,resid_coverage,0.7590820619536864
FRA,maximum_extension,2025-04,67fcb7efdbd6,2023,2025,expenditure,resid_disagreement,0.21624709924091823
FRA,maximum_extension,2025-04,67fcb7efdbd6,2023,2026,revenue,resid_coverage,0.5306891819485704
FRA,maximum_extension,2025-04,67fcb7efdbd6,2023,2026,revenue,resid_disagreement,-1.1105121195541856
FRA,maximum_extension,2025-04,67fcb7efdbd6,2023,2026,expenditure,resid_coverage,1.6301675640474715
FRA,maximum_extension,2025-04,67fcb7efdbd6,2023,2026,expenditure,resid_disagreement,0.37391670970200463
FRA,maximum_extension,2025-04,67fcb7efdbd6,2023,2027,revenue,resid_coverage,0.39353003177252555
FRA,maximum_extension,2025-04,67fcb7efdbd6,2023,2027,revenue,resid_disagreement,-0.8742329958106421
FRA,maximum_extension,2025-04,67fcb7efdbd6,2023,2027,expenditure,resid_coverage,1.9616750084780867
FRA,maximum_extension,2025-04,67fcb7efdbd6,2023,2027,expenditure,resid_disagreement,0.5856618410597036
FRA,maximum_extension,2025-04,67fcb7efdbd6,2023,2028,revenue,resid_total,-0.03533554532310079
FRA,maximum_extension,2025-04,67fcb7efdbd6,2023,2028,expenditure,resid_total,-0.06415758704184371
FRA,maximum_extension,2025-04,67fcb7efdbd6,2023,2029,revenue,resid_total,-0.07424987800237481
FRA,maximum_extension,2025-04,67fcb7efdbd6,2023,2029,expenditure,resid_total,0.044792754670903934
FRA,maximum_extension,2025-04,67fcb7efdbd6,2023,2030,revenue,resid_total,-0.07067500579368557
FRA,maximum_extension,2025-04,67fcb7efdbd6,2023,2030,expenditure,resid_total,-0.08550246232354797
DEU,strict,2025-04,67fcb7efdbd6,2024,2025,revenue,resid_coverage,0.014142319780972912
DEU,strict,2025-04,67fcb7efdbd6,2024,2025,revenue,resid_disagreement,-0.9478408989187947
DEU,strict,2025-04,67fcb7efdbd6,2024,2025,expenditure,resid_coverage,-1.1242233017652175
DEU,strict,2025-04,67fcb7efdbd6,2024,2025,expenditure,resid_disagreement,0.7561992908276416
DEU,strict,2025-04,67fcb7efdbd6,2024,2026,revenue,resid_coverage,-0.3866607612476083
DEU,strict,2025-04,67fcb7efdbd6,2024,2026,revenue,resid_disagreement,-1.237754925569512
DEU,strict,2025-04,67fcb7efdbd6,2024,2026,expenditure,resid_coverage,-2.574916465024101
DEU,strict,2025-04,67fcb7efdbd6,2024,2026,expenditure,resid_disagreement,1.5451991237259208
DEU,strict,2025-04,67fcb7efdbd6,2024,2027,revenue,resid_coverage,-0.5393348402350213
DEU,strict,2025-04,67fcb7efdbd6,2024,2027,revenue,resid_disagreement,-1.1234822312300718
DEU,strict,2025-04,67fcb7efdbd6,2024,2027,expenditure,resid_coverage,-2.9632186423853413
DEU,strict,2025-04,67fcb7efdbd6,2024,2027,expenditure,resid_disagreement,1.394719294939056
DEU,strict,2025-04,67fcb7efdbd6,2024,2028,revenue,resid_total,0.45985001825934185
DEU,strict,2025-04,67fcb7efdbd6,2024,2028,expenditure,resid_total,-1.9254719163424936
DEU,strict,2025-04,67fcb7efdbd6,2024,2029,revenue,resid_total,0.4244413064559524
DEU,strict,2025-04,67fcb7efdbd6,2024,2029,expenditure,resid_total,-2.183415119971458
DEU,strict,2025-04,67fcb7efdbd6,2024,2030,revenue,resid_total,0.37073177712539107
DEU,strict,2025-04,67fcb7efdbd6,2024,2030,expenditure,resid_total,-2.4462572648166594
DEU,maximum_extension,2025-04,67fcb7efdbd6,2024,2025,revenue,resid_coverage,0.014142319780972912
DEU,maximum_extension,2025-04,67fcb7efdbd6,2024,2025,revenue,resid_disagreement,-0.9478408989187947
DEU,maximum_extension,2025-04,67fcb7efdbd6,2024,2025,expenditure,resid_coverage,0.0015572840417366063
DEU,maximum_extension,2025-04,67fcb7efdbd6,2024,2025,expenditure,resid_disagreement,0.7561992908276416
DEU,maximum_extension,2025-04,67fcb7efdbd6,2024,2026,revenue,resid_coverage,-0.3866607612476083
DEU,maximum_extension,2025-04,67fcb7efdbd6,2024,2026,revenue,resid_disagreement,-1.237754925569512
DEU,maximum_extension,2025-04,67fcb7efdbd6,2024,2026,expenditure,resid_coverage,-0.7838020345196905
DEU,maximum_extension,2025-04,67fcb7efdbd6,2024,2026,expenditure,resid_disagreement,1.5451991237259208
DEU,maximum_extension,2025-04,67fcb7efdbd6,2024,2027,revenue,resid_coverage,-0.5393348402350213
DEU,maximum_extension,2025-04,67fcb7efdbd6,2024,2027,revenue,resid_disagreement,-1.1234822312300718
DEU,maximum_extension,2025-04,67fcb7efdbd6,2024,2027,expenditure,resid_coverage,-0.8111400757455072
DEU,maximum_extension,2025-04,67fcb7efdbd6,2024,2027,expenditure,resid_disagreement,1.394719294939056
DEU,maximum_extension,2025-04,67fcb7efdbd6,2024,2028,revenue,resid_total,0.45985001825934185
DEU,maximum_extension,2025-04,67fcb7efdbd6,2024,2028,expenditure,resid_total,-0.751291026284908
DEU,maximum_extension,2025-04,67fcb7efdbd6,2024,2029,revenue,resid_total,0.4244413064559524
DEU,maximum_extension,2025-04,67fcb7efdbd6,2024,2029,expenditure,resid_total,-0.943150516039521
DEU,maximum_extension,2025-04,67fcb7efdbd6,2024,2030,revenue,resid_total,0.37073177712539107
DEU,maximum_extension,2025-04,67fcb7efdbd6,2024,2030,expenditure,resid_total,-1.056059008551713
ITA,strict,2025-04,67fcb7efdbd6,2024,2025,revenue,resid_coverage,-0.03461313647838238
ITA,strict,2025-04,67fcb7efdbd6,2024,2025,revenue,resid_disagreement,-0.6571437164676952
ITA,strict,2025-04,67fcb7efdbd6,2024,2025,expenditure,resid_coverage,-0.8189376121266481
ITA,strict,2025-04,67fcb7efdbd6,2024,2025,expenditure,resid_disagreement,0.5647725470861342
ITA,strict,2025-04,67fcb7efdbd6,2024,2026,revenue,resid_coverage,0.26153302760971187
ITA,strict,2025-04,67fcb7efdbd6,2024,2026,revenue,resid_disagreement,-1.2528910986483288
ITA,strict,2025-04,67fcb7efdbd6,2024,2026,expenditure,resid_coverage,-0.9850876311593038
ITA,strict,2025-04,67fcb7efdbd6,2024,2026,expenditure,resid_disagreement,1.4188152233809204
ITA,strict,2025-04,67fcb7efdbd6,2024,2027,revenue,resid_coverage,0.10744047916527344
ITA,strict,2025-04,67fcb7efdbd6,2024,2027,revenue,resid_disagreement,-1.3748772862735237
ITA,strict,2025-04,67fcb7efdbd6,2024,2027,expenditure,resid_coverage,-0.9354458845879176
ITA,strict,2025-04,67fcb7efdbd6,2024,2027,expenditure,resid_disagreement,1.7830211264492635
ITA,strict,2025-04,67fcb7efdbd6,2024,2028,revenue,resid_total,-0.10035277771507367
ITA,strict,2025-04,67fcb7efdbd6,2024,2028,expenditure,resid_total,0.863343864337604
ITA,strict,2025-04,67fcb7efdbd6,2024,2029,revenue,resid_total,-0.18397452097712597
ITA,strict,2025-04,67fcb7efdbd6,2024,2029,expenditure,resid_total,0.7954715870285373
ITA,strict,2025-04,67fcb7efdbd6,2024,2030,revenue,resid_total,-0.18518105198604973
ITA,strict,2025-04,67fcb7efdbd6,2024,2030,expenditure,resid_total,0.7306075645431197
ITA,maximum_extension,2025-04,67fcb7efdbd6,2024,2025,revenue,resid_coverage,-0.03461313647838238
ITA,maximum_extension,2025-04,67fcb7efdbd6,2024,2025,revenue,resid_disagreement,-0.6571437164676952
ITA,maximum_extension,2025-04,67fcb7efdbd6,2024,2025,expenditure,resid_coverage,-0.6366362721442503
ITA,maximum_extension,2025-04,67fcb7efdbd6,2024,2025,expenditure,resid_disagreement,0.5647725470861342
ITA,maximum_extension,2025-04,67fcb7efdbd6,2024,2026,revenue,resid_coverage,0.26153302760971187
ITA,maximum_extension,2025-04,67fcb7efdbd6,2024,2026,revenue,resid_disagreement,-1.2528910986483288
ITA,maximum_extension,2025-04,67fcb7efdbd6,2024,2026,expenditure,resid_coverage,-0.23401324260329404
ITA,maximum_extension,2025-04,67fcb7efdbd6,2024,2026,expenditure,resid_disagreement,1.4188152233809204
ITA,maximum_extension,2025-04,67fcb7efdbd6,2024,2027,revenue,resid_coverage,0.10744047916527344
ITA,maximum_extension,2025-04,67fcb7efdbd6,2024,2027,revenue,resid_disagreement,-1.3748772862735237
ITA,maximum_extension,2025-04,67fcb7efdbd6,2024,2027,expenditure,resid_coverage,0.28473109418549525
ITA,maximum_extension,2025-04,67fcb7efdbd6,2024,2027,expenditure,resid_disagreement,1.7830211264492635
ITA,maximum_extension,2025-04,67fcb7efdbd6,2024,2028,revenue,resid_total,-0.10035277771507367
ITA,maximum_extension,2025-04,67fcb7efdbd6,2024,2028,expenditure,resid_total,0.9919755252001519
ITA,maximum_extension,2025-04,67fcb7efdbd6,2024,2029,revenue,resid_total,-0.18397452097712597
ITA,maximum_extension,2025-04,67fcb7efdbd6,2024,2029,expenditure,resid_total,1.016123019723414
ITA,maximum_extension,2025-04,67fcb7efdbd6,2024,2030,revenue,resid_total,-0.18518105198604973
ITA,maximum_extension,2025-04,67fcb7efdbd6,2024,2030,expenditure,resid_total,1.2180277054388005
ESP,strict,2025-04,67fcb7efdbd6,2023,2024,revenue,resid_coverage,0.1542895447298258
ESP,strict,2025-04,67fcb7efdbd6,2023,2024,revenue,resid_disagreement,0.1478440957621563
ESP,strict,2025-04,67fcb7efdbd6,2023,2024,expenditure,resid_coverage,-0.16616728611986545
ESP,strict,2025-04,67fcb7efdbd6,2023,2024,expenditure,resid_disagreement,0.08962538857091307
ESP,strict,2025-04,67fcb7efdbd6,2023,2025,revenue,resid_coverage,0.9134179542673128
ESP,strict,2025-04,67fcb7efdbd6,2023,2025,revenue,resid_disagreement,-0.4316992559790178
ESP,strict,2025-04,67fcb7efdbd6,2023,2025,expenditure,resid_coverage,-0.13390807101487726
ESP,strict,2025-04,67fcb7efdbd6,2023,2025,expenditure,resid_disagreement,0.30785378329438173
ESP,strict,2025-04,67fcb7efdbd6,2023,2026,revenue,resid_coverage,1.10103117594678
ESP,strict,2025-04,67fcb7efdbd6,2023,2026,revenue,resid_disagreement,-0.35225976300251594
ESP,strict,2025-04,67fcb7efdbd6,2023,2026,expenditure,resid_coverage,-0.6284991293237535
ESP,strict,2025-04,67fcb7efdbd6,2023,2026,expenditure,resid_disagreement,0.5456876851091252
ESP,strict,2025-04,67fcb7efdbd6,2023,2027,revenue,resid_coverage,1.1357127360106074
ESP,strict,2025-04,67fcb7efdbd6,2023,2027,revenue,resid_disagreement,-1.222755398794012
ESP,strict,2025-04,67fcb7efdbd6,2023,2027,expenditure,resid_coverage,-0.27503668307961926
ESP,strict,2025-04,67fcb7efdbd6,2023,2027,expenditure,resid_disagreement,1.089487925990501
ESP,strict,2025-04,67fcb7efdbd6,2023,2028,revenue,resid_total,0.3068441053396431
ESP,strict,2025-04,67fcb7efdbd6,2023,2028,expenditure,resid_total,0.8018844165653314
ESP,strict,2025-04,67fcb7efdbd6,2023,2029,revenue,resid_total,0.43148308732847696
ESP,strict,2025-04,67fcb7efdbd6,2023,2029,expenditure,resid_total,0.7501632382260571
ESP,strict,2025-04,67fcb7efdbd6,2023,2030,revenue,resid_total,0.5598327237429201
ESP,strict,2025-04,67fcb7efdbd6,2023,2030,expenditure,resid_total,0.6830922719053223
ESP,maximum_extension,2025-04,67fcb7efdbd6,2023,2024,revenue,resid_coverage,0.1542895447298258
ESP,maximum_extension,2025-04,67fcb7efdbd6,2023,2024,revenue,resid_disagreement,0.1478440957621563
ESP,maximum_extension,2025-04,67fcb7efdbd6,2023,2024,expenditure,resid_coverage,-0.16616728611986545
ESP,maximum_extension,2025-04,67fcb7efdbd6,2023,2024,expenditure,resid_disagreement,0.08962538857091307
ESP,maximum_extension,2025-04,67fcb7efdbd6,2023,2025,revenue,resid_coverage,0.9459369832569177
ESP,maximum_extension,2025-04,67fcb7efdbd6,2023,2025,revenue,resid_disagreement,-0.4316992559790178
ESP,maximum_extension,2025-04,67fcb7efdbd6,2023,2025,expenditure,resid_coverage,0.18884485414066357
ESP,maximum_extension,2025-04,67fcb7efdbd6,2023,2025,expenditure,resid_disagreement,0.30785378329438173
ESP,maximum_extension,2025-04,67fcb7efdbd6,2023,2026,revenue,resid_coverage,1.1078883236623307
ESP,maximum_extension,2025-04,67fcb7efdbd6,2023,2026,revenue,resid_disagreement,-0.35225976300251594
ESP,maximum_extension,2025-04,67fcb7efdbd6,2023,2026,expenditure,resid_coverage,0.05365133219790846
ESP,maximum_extension,2025-04,67fcb7efdbd6,2023,2026,expenditure,resid_disagreement,0.5456876851091252
ESP,maximum_extension,2025-04,67fcb7efdbd6,2023,2027,revenue,resid_coverage,1.1667698131057636
ESP,maximum_extension,2025-04,67fcb7efdbd6,2023,2027,revenue,resid_disagreement,-1.222755398794012
ESP,maximum_extension,2025-04,67fcb7efdbd6,2023,2027,expenditure,resid_coverage,0.663332422225451
ESP,maximum_extension,2025-04,67fcb7efdbd6,2023,2027,expenditure,resid_disagreement,1.089487925990501
ESP,maximum_extension,2025-04,67fcb7efdbd6,2023,2028,revenue,resid_total,0.3068441053396431
ESP,maximum_extension,2025-04,67fcb7efdbd6,2023,2028,expenditure,resid_total,2.2364340969278964
ESP,maximum_extension,2025-04,67fcb7efdbd6,2023,2029,revenue,resid_total,0.43148308732847696
ESP,maximum_extension,2025-04,67fcb7efdbd6,2023,2029,expenditure,resid_total,2.378435484610803
ESP,maximum_extension,2025-04,67fcb7efdbd6,2023,2030,revenue,resid_total,0.5598327237429201
ESP,maximum_extension,2025-04,67fcb7efdbd6,2023,2030,expenditure,resid_total,2.5639701404661097
BEL,strict,2025-04,67fcb7efdbd6,2023,2024,revenue,resid_coverage,-2.9976021664879227e-15
BEL,strict,2025-04,67fcb7efdbd6,2023,2024,revenue,resid_disagreement,-0.1262435400563533
BEL,strict,2025-04,67fcb7efdbd6,2023,2024,expenditure,resid_coverage,0.02630691480798797
BEL,strict,2025-04,67fcb7efdbd6,2023,2024,expenditure,resid_disagreement,0.15070685032779751
BEL,strict,2025-04,67fcb7efdbd6,2023,2025,revenue,resid_coverage,1.0047518372857667e-14
BEL,strict,2025-04,67fcb7efdbd6,2023,2025,revenue,resid_disagreement,0.25773528450274696
BEL,strict,2025-04,67fcb7efdbd6,2023,2025,expenditure,resid_coverage,-1.35341483643594
BEL,strict,2025-04,67fcb7efdbd6,2023,2025,expenditure,resid_disagreement,-0.03366239301189067
BEL,strict,2025-04,67fcb7efdbd6,2023,2026,revenue,resid_coverage,-0.6354989143178171
BEL,strict,2025-04,67fcb7efdbd6,2023,2026,revenue,resid_disagreement,-0.009329816534681123
BEL,strict,2025-04,67fcb7efdbd6,2023,2026,expenditure,resid_coverage,-1.5388895281145731
BEL,strict,2025-04,67fcb7efdbd6,2023,2026,expenditure,resid_disagreement,-0.5391960536904716
BEL,strict,2025-04,67fcb7efdbd6,2023,2027,revenue,resid_coverage,-0.8058931218997027
BEL,strict,2025-04,67fcb7efdbd6,2023,2027,revenue,resid_disagreement,0.1884063652821233
BEL,strict,2025-04,67fcb7efdbd6,2023,2027,expenditure,resid_coverage,-1.5638857647673032
BEL,strict,2025-04,67fcb7efdbd6,2023,2027,expenditure,resid_disagreement,-0.8271675819608304
BEL,strict,2025-04,67fcb7efdbd6,2023,2028,revenue,resid_total,-0.12853640406580236
BEL,strict,2025-04,67fcb7efdbd6,2023,2028,expenditure,resid_total,-2.7851928605513776
BEL,strict,2025-04,67fcb7efdbd6,2023,2029,revenue,resid_total,0.30729959422717906
BEL,strict,2025-04,67fcb7efdbd6,2023,2029,expenditure,resid_total,-3.424218946660096
BEL,strict,2025-04,67fcb7efdbd6,2023,2030,revenue,resid_total,0.5404066747528046
BEL,strict,2025-04,67fcb7efdbd6,2023,2030,expenditure,resid_total,-4.045628359969033
BEL,maximum_extension,2025-04,67fcb7efdbd6,2023,2024,revenue,resid_coverage,-2.9976021664879227e-15
BEL,maximum_extension,2025-04,67fcb7efdbd6,2023,2024,revenue,resid_disagreement,-0.1262435400563533
BEL,maximum_extension,2025-04,67fcb7efdbd6,2023,2024,expenditure,resid_coverage,0.02630691480798797
BEL,maximum_extension,2025-04,67fcb7efdbd6,2023,2024,expenditure,resid_disagreement,0.15070685032779751
BEL,maximum_extension,2025-04,67fcb7efdbd6,2023,2025,revenue,resid_coverage,1.0047518372857667e-14
BEL,maximum_extension,2025-04,67fcb7efdbd6,2023,2025,revenue,resid_disagreement,0.25773528450274696
BEL,maximum_extension,2025-04,67fcb7efdbd6,2023,2025,expenditure,resid_coverage,-0.26486557179992287
BEL,maximum_extension,2025-04,67fcb7efdbd6,2023,2025,expenditure,resid_disagreement,-0.03366239301189067
BEL,maximum_extension,2025-04,67fcb7efdbd6,2023,2026,revenue,resid_coverage,-0.5648069526348451
BEL,maximum_extension,2025-04,67fcb7efdbd6,2023,2026,revenue,resid_disagreement,-0.009329816534681123
BEL,maximum_extension,2025-04,67fcb7efdbd6,2023,2026,expenditure,resid_coverage,0.03694304799593562
BEL,maximum_extension,2025-04,67fcb7efdbd6,2023,2026,expenditure,resid_disagreement,-0.5391960536904716
BEL,maximum_extension,2025-04,67fcb7efdbd6,2023,2027,revenue,resid_coverage,-0.6990419736398574
BEL,maximum_extension,2025-04,67fcb7efdbd6,2023,2027,revenue,resid_disagreement,0.1884063652821233
BEL,maximum_extension,2025-04,67fcb7efdbd6,2023,2027,expenditure,resid_coverage,0.7925266824129658
BEL,maximum_extension,2025-04,67fcb7efdbd6,2023,2027,expenditure,resid_disagreement,-0.8271675819608304
BEL,maximum_extension,2025-04,67fcb7efdbd6,2023,2028,revenue,resid_total,-0.12853640406580236
BEL,maximum_extension,2025-04,67fcb7efdbd6,2023,2028,expenditure,resid_total,-2.7187197114005204
BEL,maximum_extension,2025-04,67fcb7efdbd6,2023,2029,revenue,resid_total,0.30729959422717906
BEL,maximum_extension,2025-04,67fcb7efdbd6,2023,2029,expenditure,resid_total,-3.148141127600105
BEL,maximum_extension,2025-04,67fcb7efdbd6,2023,2030,revenue,resid_total,0.5404066747528046
BEL,maximum_extension,2025-04,67fcb7efdbd6,2023,2030,expenditure,resid_total,-3.85829877454019
