iso3,line_code,comparator,anchor_series,comparator_series,overlap_first,overlap_last,n_overlap,mean_abs_diff_pct,max_abs_diff_pct,note
GBR,R01,OECD_RS,ONS_GG_RECEIPTS,T_5111,1990,2024,35,0.3,2.334,"concept wedge (cash timing, tax credits, own resources) to be carried by the Stage 2 crosswalk"
GBR,R03,OECD_RS,ONS_GG_RECEIPTS,T_1100,1990,2024,35,2.461,7.67,"concept wedge (cash timing, tax credits, own resources) to be carried by the Stage 2 crosswalk"
GBR,R04,OECD_RS,ONS_GG_RECEIPTS,T_1200,1990,2024,35,1.896,4.914,"concept wedge (cash timing, tax credits, own resources) to be carried by the Stage 2 crosswalk"
GBR,R06,OECD_RS,ONS_GG_RECEIPTS,T_2000,1990,2024,35,19.652,24.926,"concept wedge (cash timing, tax credits, own resources) to be carried by the Stage 2 crosswalk"
FRA,R01,OECD_RS,EUROSTAT_GOV10A_TAXAG/MAIN,T_5111,1995,2024,30,0.41,0.715,"concept wedge (cash timing, tax credits, own resources) to be carried by the Stage 2 crosswalk"
FRA,R03,OECD_RS,EUROSTAT_GOV10A_TAXAG/MAIN,T_1100,1995,2024,30,1.852,4.787,"concept wedge (cash timing, tax credits, own resources) to be carried by the Stage 2 crosswalk"
FRA,R04,OECD_RS,EUROSTAT_GOV10A_TAXAG/MAIN,T_1200,1995,2024,30,14.196,27.882,"concept wedge (cash timing, tax credits, own resources) to be carried by the Stage 2 crosswalk"
FRA,R06,OECD_RS,EUROSTAT_GOV10A_TAXAG/MAIN,T_2000,1995,2024,30,10.858,12.808,"concept wedge (cash timing, tax credits, own resources) to be carried by the Stage 2 crosswalk"
DEU,R01,OECD_RS,EUROSTAT_GOV10A_TAXAG/MAIN,T_5111,1995,2024,30,0.216,0.986,"concept wedge (cash timing, tax credits, own resources) to be carried by the Stage 2 crosswalk"
DEU,R03,OECD_RS,EUROSTAT_GOV10A_TAXAG/MAIN,T_1100,1995,2024,30,5.293,10.269,"concept wedge (cash timing, tax credits, own resources) to be carried by the Stage 2 crosswalk"
DEU,R04,OECD_RS,EUROSTAT_GOV10A_TAXAG/MAIN,T_1200,1995,2024,30,29.515,62.004,"concept wedge (cash timing, tax credits, own resources) to be carried by the Stage 2 crosswalk"
DEU,R06,OECD_RS,EUROSTAT_GOV10A_TAXAG/MAIN,T_2000,1995,2024,30,18.663,23.574,"concept wedge (cash timing, tax credits, own resources) to be carried by the Stage 2 crosswalk"
ITA,R01,OECD_RS,EUROSTAT_GOV10A_TAXAG/MAIN,T_5111,1995,2024,30,0.381,4.404,"concept wedge (cash timing, tax credits, own resources) to be carried by the Stage 2 crosswalk"
ITA,R03,OECD_RS,EUROSTAT_GOV10A_TAXAG/MAIN,T_1100,1995,2024,30,4.071,10.237,"concept wedge (cash timing, tax credits, own resources) to be carried by the Stage 2 crosswalk"
ITA,R04,OECD_RS,EUROSTAT_GOV10A_TAXAG/MAIN,T_1200,1995,2024,30,2.871,17.408,"concept wedge (cash timing, tax credits, own resources) to be carried by the Stage 2 crosswalk"
ITA,R06,OECD_RS,EUROSTAT_GOV10A_TAXAG/MAIN,T_2000,1995,2024,30,2.856,13.712,"concept wedge (cash timing, tax credits, own resources) to be carried by the Stage 2 crosswalk"
ESP,R01,OECD_RS,EUROSTAT_GOV10A_TAXAG/MAIN,T_5111,1995,2024,30,0.005,0.086,"concept wedge (cash timing, tax credits, own resources) to be carried by the Stage 2 crosswalk"
ESP,R03,OECD_RS,EUROSTAT_GOV10A_TAXAG/MAIN,T_1100,1995,2024,30,0.602,1.209,"concept wedge (cash timing, tax credits, own resources) to be carried by the Stage 2 crosswalk"
ESP,R04,OECD_RS,EUROSTAT_GOV10A_TAXAG/MAIN,T_1200,1995,2024,30,0.033,0.213,"concept wedge (cash timing, tax credits, own resources) to be carried by the Stage 2 crosswalk"
ESP,R06,OECD_RS,EUROSTAT_GOV10A_TAXAG/MAIN,T_2000,1995,2024,30,6.388,7.868,"concept wedge (cash timing, tax credits, own resources) to be carried by the Stage 2 crosswalk"
BEL,R01,OECD_RS,EUROSTAT_GOV10A_TAXAG/MAIN,T_5111,1995,2024,30,1.399,3.339,"concept wedge (cash timing, tax credits, own resources) to be carried by the Stage 2 crosswalk"
BEL,R03,OECD_RS,EUROSTAT_GOV10A_TAXAG/MAIN,T_1100,1995,2024,30,2.964,8.395,"concept wedge (cash timing, tax credits, own resources) to be carried by the Stage 2 crosswalk"
BEL,R04,OECD_RS,EUROSTAT_GOV10A_TAXAG/MAIN,T_1200,1995,2024,30,0.001,0.033,"concept wedge (cash timing, tax credits, own resources) to be carried by the Stage 2 crosswalk"
BEL,R06,OECD_RS,EUROSTAT_GOV10A_TAXAG/MAIN,T_2000,1995,2024,30,14.074,14.957,"concept wedge (cash timing, tax credits, own resources) to be carried by the Stage 2 crosswalk"
USA,R03,OECD_RS,OECD_T10/T12_REV,T_1100,1970,2024,55,1.1,8.574,"concept wedge (cash timing, tax credits, own resources) to be carried by the Stage 2 crosswalk"
USA,R04,OECD_RS,OECD_T10/T12_REV,T_1200,1970,2024,55,3.551,34.255,"concept wedge (cash timing, tax credits, own resources) to be carried by the Stage 2 crosswalk"
USA,R06,OECD_RS,OECD_T10/T12_REV,T_2000,1970,2024,55,6.395,16.615,"concept wedge (cash timing, tax credits, own resources) to be carried by the Stage 2 crosswalk"
